timestamp,country_code,country_name,latitude,longitude,climate_zone,cloud_cover_pct,cloud_type,satellite_reflectance,optical_depth,humidity_pct,temperature_c,pressure_hpa,wind_speed_ms,cloud_base_altitude_m
2026-07-01T00:00:00+00:00,SG,Singapore,1.3521,103.8198,Equatorial Rainforest,77.72,Cumulus,0.4279,16.512,94.08,19.37,1007.67,0.5,1793.9
2026-07-01T01:00:00+00:00,SG,Singapore,1.3521,103.8198,Equatorial Rainforest,78.41,Stratocumulus,0.6141,11.812,87.86,17.88,1008.91,0.5,2520.3
2026-07-01T02:00:00+00:00,SG,Singapore,1.3521,103.8198,Equatorial Rainforest,85.81,Nimbostratus,0.6598,19.966,96.77,16.53,1009.18,0.5,938.3
2026-07-01T03:00:00+00:00,SG,Singapore,1.3521,103.8198,Equatorial Rainforest,83.73,Deep Convection,0.7301,41.371,88.41,21.51,1009.15,0.5,579.4
2026-07-01T04:00:00+00:00,SG,Singapore,1.3521,103.8198,Equatorial Rainforest,83.73,Deep Convection,0.7413,27.045,84.86,21.31,1008.8,0.5,412.2
2026-07-01T05:00:00+00:00,SG,Singapore,1.3521,103.8198,Equatorial Rainforest,86.89,Deep Convection,0.8387,42.606,86.84,19.58,1003.98,0.5,516.0
2026-07-01T06:00:00+00:00,SG,Singapore,1.3521,103.8198,Equatorial Rainforest,79.63,Stratocumulus,0.6379,15.899,85.28,24.48,1009.6,0.5,1459.3
2026-07-01T07:00:00+00:00,SG,Singapore,1.3521,103.8198,Equatorial Rainforest,86.13,Deep Convection,0.7894,41.616,83.14,21.94,1010.67,0.5,615.6
2026-07-01T08:00:00+00:00,SG,Singapore,1.3521,103.8198,Equatorial Rainforest,98.02,Deep Convection,0.6984,39.538,79.89,26.48,1006.97,0.5,1076.7
2026-07-01T09:00:00+00:00,SG,Singapore,1.3521,103.8198,Equatorial Rainforest,96.28,Deep Convection,0.8664,24.488,80.24,26.77,1004.91,0.5,819.2
2026-07-01T10:00:00+00:00,SG,Singapore,1.3521,103.8198,Equatorial Rainforest,90.88,Deep Convection,0.8703,23.611,79.77,28.39,1006.62,0.5,473.9
2026-07-01T11:00:00+00:00,SG,Singapore,1.3521,103.8198,Equatorial Rainforest,95.37,Stratocumulus,0.3936,9.99,74.11,30.11,1005.84,0.5,1108.3
2026-07-01T12:00:00+00:00,SG,Singapore,1.3521,103.8198,Equatorial Rainforest,95.12,Deep Convection,0.6759,35.838,85.64,28.62,1003.55,0.5,911.0
2026-07-01T13:00:00+00:00,SG,Singapore,1.3521,103.8198,Equatorial Rainforest,95.24,Deep Convection,0.843,40.533,75.85,29.76,1009.97,0.5,504.0
2026-07-01T14:00:00+00:00,SG,Singapore,1.3521,103.8198,Equatorial Rainforest,88.57,Altocumulus,0.6167,12.596,74.87,28.78,1007.93,0.5,1584.1
2026-07-01T15:00:00+00:00,SG,Singapore,1.3521,103.8198,Equatorial Rainforest,92.9,Deep Convection,0.8906,31.046,76.39,28.7,1008.04,0.5,605.0
2026-07-01T16:00:00+00:00,SG,Singapore,1.3521,103.8198,Equatorial Rainforest,94.76,Altocumulus,0.6145,12.11,73.95,25.87,1009.37,0.5,2539.9
2026-07-01T17:00:00+00:00,SG,Singapore,1.3521,103.8198,Equatorial Rainforest,96.37,Deep Convection,0.7527,44.834,88.7,25.55,1005.0,0.5,449.3
2026-07-01T18:00:00+00:00,SG,Singapore,1.3521,103.8198,Equatorial Rainforest,91.98,Deep Convection,0.892,26.635,83.75,24.1,1008.0,0.5,640.9
2026-07-01T19:00:00+00:00,SG,Singapore,1.3521,103.8198,Equatorial Rainforest,95.59,Deep Convection,0.7775,44.365,87.59,20.93,1006.84,0.5,1178.8
2026-07-01T20:00:00+00:00,SG,Singapore,1.3521,103.8198,Equatorial Rainforest,93.66,Deep Convection,0.9106,30.968,93.88,21.37,1004.91,0.5,913.4
2026-07-01T21:00:00+00:00,SG,Singapore,1.3521,103.8198,Equatorial Rainforest,91.06,Deep Convection,0.8038,21.705,84.93,19.74,1010.7,0.5,979.2
2026-07-01T22:00:00+00:00,SG,Singapore,1.3521,103.8198,Equatorial Rainforest,94.49,Deep Convection,0.8407,41.957,91.77,20.4,1006.32,0.5,695.2
2026-07-01T23:00:00+00:00,SG,Singapore,1.3521,103.8198,Equatorial Rainforest,84.01,Deep Convection,0.8293,40.476,87.83,20.44,1007.4,0.5,1101.9
2026-07-02T00:00:00+00:00,SG,Singapore,1.3521,103.8198,Equatorial Rainforest,89.08,Deep Convection,0.7325,38.613,91.41,18.95,1006.99,0.5,445.1
2026-07-02T01:00:00+00:00,SG,Singapore,1.3521,103.8198,Equatorial Rainforest,92.42,Deep Convection,0.7204,26.282,87.98,18.05,1007.72,0.5,649.6
2026-07-02T02:00:00+00:00,SG,Singapore,1.3521,103.8198,Equatorial Rainforest,91.99,Deep Convection,0.7695,39.107,94.51,18.63,1006.04,0.5,919.5
2026-07-02T03:00:00+00:00,SG,Singapore,1.3521,103.8198,Equatorial Rainforest,90.91,Deep Convection,0.7374,43.225,91.44,20.22,1006.91,0.5,1126.8
2026-07-02T04:00:00+00:00,SG,Singapore,1.3521,103.8198,Equatorial Rainforest,99.43,Deep Convection,0.7037,20.24,87.93,21.15,1005.67,0.5,1139.5
2026-07-02T05:00:00+00:00,SG,Singapore,1.3521,103.8198,Equatorial Rainforest,82.07,Deep Convection,0.7034,36.728,89.4,21.23,1007.76,0.5,832.9
2026-07-02T06:00:00+00:00,SG,Singapore,1.3521,103.8198,Equatorial Rainforest,86.35,Deep Convection,0.6845,35.645,84.23,22.13,1005.11,0.5,903.2
2026-07-02T07:00:00+00:00,SG,Singapore,1.3521,103.8198,Equatorial Rainforest,77.47,Altocumulus,0.4258,11.133,83.24,24.09,1006.24,0.5,1094.9
2026-07-02T08:00:00+00:00,SG,Singapore,1.3521,103.8198,Equatorial Rainforest,85.72,Deep Convection,0.6792,30.897,87.44,23.68,1007.25,0.5,1156.3
2026-07-02T09:00:00+00:00,SG,Singapore,1.3521,103.8198,Equatorial Rainforest,75.32,Stratocumulus,0.5264,17.725,78.95,28.76,1007.75,0.5,1500.4
2026-07-02T10:00:00+00:00,SG,Singapore,1.3521,103.8198,Equatorial Rainforest,83.88,Deep Convection,0.6508,24.729,78.33,27.66,1007.61,0.5,956.6
2026-07-02T11:00:00+00:00,SG,Singapore,1.3521,103.8198,Equatorial Rainforest,74.91,Altocumulus,0.4654,6.793,76.32,27.11,1010.34,0.5,1503.9
2026-07-02T12:00:00+00:00,SG,Singapore,1.3521,103.8198,Equatorial Rainforest,82.57,Deep Convection,0.9458,25.185,80.44,29.33,1006.81,0.5,755.5
2026-07-02T13:00:00+00:00,SG,Singapore,1.3521,103.8198,Equatorial Rainforest,73.16,Stratocumulus,0.6376,6.584,78.34,29.04,1011.4,0.5,2067.2
2026-07-02T14:00:00+00:00,SG,Singapore,1.3521,103.8198,Equatorial Rainforest,66.1,Stratocumulus,0.4813,5.128,78.55,27.4,1009.48,0.5,2148.9
2026-07-02T15:00:00+00:00,SG,Singapore,1.3521,103.8198,Equatorial Rainforest,69.52,Cumulus,0.4631,7.418,78.02,26.02,1012.47,0.5,2521.2
2026-07-02T16:00:00+00:00,SG,Singapore,1.3521,103.8198,Equatorial Rainforest,63.75,Altocumulus,0.502,16.13,79.38,24.32,1012.34,0.5,2422.2
2026-07-02T17:00:00+00:00,SG,Singapore,1.3521,103.8198,Equatorial Rainforest,72.49,Cumulus,0.607,11.123,82.01,24.73,1011.32,0.5,1005.4
2026-07-02T18:00:00+00:00,SG,Singapore,1.3521,103.8198,Equatorial Rainforest,75.49,Cumulus,0.5166,5.629,87.56,21.09,1010.43,0.5,1524.3
2026-07-02T19:00:00+00:00,SG,Singapore,1.3521,103.8198,Equatorial Rainforest,62.1,Cumulus,0.4617,6.197,86.98,22.77,1009.21,0.5,2030.3
2026-07-02T20:00:00+00:00,SG,Singapore,1.3521,103.8198,Equatorial Rainforest,55.84,Cumulus,0.4154,14.627,92.14,20.81,1015.05,0.5,2806.7
2026-07-02T21:00:00+00:00,SG,Singapore,1.3521,103.8198,Equatorial Rainforest,61.26,Stratocumulus,0.3607,17.261,91.3,21.03,1011.94,0.5,1789.6
2026-07-02T22:00:00+00:00,SG,Singapore,1.3521,103.8198,Equatorial Rainforest,64.0,Stratocumulus,0.586,15.567,94.74,20.54,1013.28,0.5,1089.2
2026-07-02T23:00:00+00:00,SG,Singapore,1.3521,103.8198,Equatorial Rainforest,66.01,Altocumulus,0.513,7.05,89.45,19.44,1011.77,0.5,2670.6
2026-07-03T00:00:00+00:00,SG,Singapore,1.3521,103.8198,Equatorial Rainforest,57.24,Cumulus,0.4599,13.977,93.13,18.98,1010.36,0.5,1234.1
2026-07-03T01:00:00+00:00,SG,Singapore,1.3521,103.8198,Equatorial Rainforest,63.12,Cumulus,0.5857,11.023,92.01,17.32,1008.51,0.5,2087.4
2026-07-03T02:00:00+00:00,SG,Singapore,1.3521,103.8198,Equatorial Rainforest,63.16,Cumulus,0.4819,9.618,90.11,19.14,1012.05,0.5,2867.8
2026-07-03T03:00:00+00:00,SG,Singapore,1.3521,103.8198,Equatorial Rainforest,53.45,Altocumulus,0.4847,15.358,89.25,19.85,1013.07,0.5,2254.9
2026-07-03T04:00:00+00:00,SG,Singapore,1.3521,103.8198,Equatorial Rainforest,55.66,Altocumulus,0.4612,7.357,82.65,21.13,1010.71,0.5,1048.9
2026-07-03T05:00:00+00:00,SG,Singapore,1.3521,103.8198,Equatorial Rainforest,52.64,Stratocumulus,0.5414,11.899,84.33,21.73,1012.96,0.5,2932.8
2026-07-03T06:00:00+00:00,SG,Singapore,1.3521,103.8198,Equatorial Rainforest,61.27,Cumulus,0.5264,10.251,86.93,23.16,1010.75,0.5,1942.1
2026-07-03T07:00:00+00:00,SG,Singapore,1.3521,103.8198,Equatorial Rainforest,54.53,Cumulus,0.4836,14.789,87.55,25.8,1014.6,0.5,1538.6
2026-07-03T08:00:00+00:00,SG,Singapore,1.3521,103.8198,Equatorial Rainforest,55.8,Stratocumulus,0.6115,7.128,78.7,28.66,1013.38,0.5,2164.1
2026-07-03T09:00:00+00:00,SG,Singapore,1.3521,103.8198,Equatorial Rainforest,55.76,Cumulus,0.5129,11.494,82.35,27.29,1012.48,0.5,1968.4
2026-07-03T10:00:00+00:00,SG,Singapore,1.3521,103.8198,Equatorial Rainforest,54.36,Cumulus,0.4791,6.663,77.2,28.46,1012.09,0.5,1252.0
2026-07-03T11:00:00+00:00,SG,Singapore,1.3521,103.8198,Equatorial Rainforest,51.78,Altocumulus,0.5788,17.107,80.3,25.87,1012.48,0.5,1093.9
2026-07-03T12:00:00+00:00,SG,Singapore,1.3521,103.8198,Equatorial Rainforest,51.48,Altocumulus,0.3588,11.84,73.61,26.93,1010.73,0.5,1867.4
2026-07-03T13:00:00+00:00,SG,Singapore,1.3521,103.8198,Equatorial Rainforest,63.7,Stratocumulus,0.3659,13.84,71.9,29.01,1012.12,0.5,1579.2
2026-07-03T14:00:00+00:00,SG,Singapore,1.3521,103.8198,Equatorial Rainforest,54.13,Altocumulus,0.4583,8.983,78.37,26.86,1013.27,0.5,1185.7
2026-07-03T15:00:00+00:00,SG,Singapore,1.3521,103.8198,Equatorial Rainforest,52.98,Cumulus,0.3697,11.689,73.68,28.43,1011.17,0.5,1180.7
2026-07-03T16:00:00+00:00,SG,Singapore,1.3521,103.8198,Equatorial Rainforest,55.88,Stratocumulus,0.6477,6.706,77.19,24.14,1011.59,0.5,1677.6
2026-07-03T17:00:00+00:00,SG,Singapore,1.3521,103.8198,Equatorial Rainforest,48.46,Altocumulus,0.1515,4.883,87.88,22.51,1014.23,0.5,6242.1
2026-07-03T18:00:00+00:00,SG,Singapore,1.3521,103.8198,Equatorial Rainforest,54.72,Stratocumulus,0.5928,16.262,88.32,25.02,1012.42,0.5,1360.0
2026-07-03T19:00:00+00:00,SG,Singapore,1.3521,103.8198,Equatorial Rainforest,57.19,Stratocumulus,0.3704,5.951,90.09,22.88,1011.33,0.5,2262.6
2026-07-03T20:00:00+00:00,SG,Singapore,1.3521,103.8198,Equatorial Rainforest,56.95,Altocumulus,0.6399,7.982,86.34,20.91,1012.36,0.5,2614.1
2026-07-03T21:00:00+00:00,SG,Singapore,1.3521,103.8198,Equatorial Rainforest,48.68,Cumulus,0.2787,3.023,89.11,21.29,1009.72,0.5,7722.4
2026-07-03T22:00:00+00:00,SG,Singapore,1.3521,103.8198,Equatorial Rainforest,48.86,Cirrus,0.2101,2.114,85.99,18.54,1014.96,0.5,7439.2
2026-07-03T23:00:00+00:00,SG,Singapore,1.3521,103.8198,Equatorial Rainforest,61.62,Cumulus,0.5574,12.742,87.87,18.62,1009.45,0.5,1057.5
2026-07-04T00:00:00+00:00,SG,Singapore,1.3521,103.8198,Equatorial Rainforest,61.83,Cumulus,0.6133,11.632,90.61,16.01,1010.65,0.5,2732.8
2026-07-04T01:00:00+00:00,SG,Singapore,1.3521,103.8198,Equatorial Rainforest,66.21,Cumulus,0.4557,11.087,93.07,19.6,1012.7,0.5,2634.1
2026-07-04T02:00:00+00:00,SG,Singapore,1.3521,103.8198,Equatorial Rainforest,55.16,Stratocumulus,0.413,8.998,97.16,17.5,1010.9,0.5,2766.4
2026-07-04T03:00:00+00:00,SG,Singapore,1.3521,103.8198,Equatorial Rainforest,70.79,Stratocumulus,0.6365,12.534,91.82,20.19,1007.23,0.5,1300.0
2026-07-04T04:00:00+00:00,SG,Singapore,1.3521,103.8198,Equatorial Rainforest,60.23,Altocumulus,0.5378,10.319,91.18,20.74,1011.12,0.5,1913.3
2026-07-04T05:00:00+00:00,SG,Singapore,1.3521,103.8198,Equatorial Rainforest,61.77,Cumulus,0.6477,15.244,83.12,22.38,1010.84,0.5,2207.0
2026-07-04T06:00:00+00:00,SG,Singapore,1.3521,103.8198,Equatorial Rainforest,55.41,Stratocumulus,0.5867,5.389,86.54,23.76,1012.42,0.5,2697.3
2026-07-04T07:00:00+00:00,SG,Singapore,1.3521,103.8198,Equatorial Rainforest,73.26,Cumulus,0.5442,17.165,79.13,23.66,1009.04,0.5,2403.7
2026-07-04T08:00:00+00:00,SG,Singapore,1.3521,103.8198,Equatorial Rainforest,74.34,Stratocumulus,0.4828,17.7,85.24,27.8,1009.3,0.5,2999.3
2026-07-04T09:00:00+00:00,SG,Singapore,1.3521,103.8198,Equatorial Rainforest,67.68,Altocumulus,0.643,5.542,74.61,30.19,1008.82,0.5,1764.7
2026-07-04T10:00:00+00:00,SG,Singapore,1.3521,103.8198,Equatorial Rainforest,75.55,Altocumulus,0.3555,16.606,77.95,27.28,1009.29,0.5,2812.8
2026-07-04T11:00:00+00:00,SG,Singapore,1.3521,103.8198,Equatorial Rainforest,72.13,Altocumulus,0.4572,6.522,80.52,27.26,1012.66,0.5,1740.6
2026-07-04T12:00:00+00:00,SG,Singapore,1.3521,103.8198,Equatorial Rainforest,72.08,Stratocumulus,0.5636,9.429,75.91,28.12,1008.8,0.5,1336.0
2026-07-04T13:00:00+00:00,SG,Singapore,1.3521,103.8198,Equatorial Rainforest,97.03,Deep Convection,0.7921,38.258,75.79,27.63,1006.38,0.5,492.6
2026-07-04T14:00:00+00:00,SG,Singapore,1.3521,103.8198,Equatorial Rainforest,84.9,Deep Convection,0.6636,34.521,80.27,27.98,1008.73,0.5,529.6
2026-07-04T15:00:00+00:00,SG,Singapore,1.3521,103.8198,Equatorial Rainforest,73.19,Cumulus,0.5294,6.406,84.05,26.69,1010.87,0.5,2883.9
2026-07-04T16:00:00+00:00,SG,Singapore,1.3521,103.8198,Equatorial Rainforest,74.0,Altocumulus,0.6262,14.731,81.98,24.02,1007.46,0.5,2609.8
2026-07-04T17:00:00+00:00,SG,Singapore,1.3521,103.8198,Equatorial Rainforest,82.44,Deep Convection,0.7491,18.089,84.25,24.64,1008.68,0.5,495.4
2026-07-04T18:00:00+00:00,SG,Singapore,1.3521,103.8198,Equatorial Rainforest,78.21,Altocumulus,0.4042,16.584,83.66,24.46,1008.34,0.5,2749.2
2026-07-04T19:00:00+00:00,SG,Singapore,1.3521,103.8198,Equatorial Rainforest,80.1,Deep Convection,0.6639,42.586,84.21,22.52,1009.01,0.5,994.4
2026-07-04T20:00:00+00:00,SG,Singapore,1.3521,103.8198,Equatorial Rainforest,79.76,Altocumulus,0.4071,16.528,94.44,18.85,1007.93,0.5,2110.6
2026-07-04T21:00:00+00:00,SG,Singapore,1.3521,103.8198,Equatorial Rainforest,77.35,Altocumulus,0.5554,8.102,87.04,19.98,1009.36,0.5,1407.3
2026-07-04T22:00:00+00:00,SG,Singapore,1.3521,103.8198,Equatorial Rainforest,89.21,Deep Convection,0.7065,40.514,89.75,18.35,1007.0,0.5,1140.2
2026-07-04T23:00:00+00:00,SG,Singapore,1.3521,103.8198,Equatorial Rainforest,80.57,Deep Convection,0.8466,38.314,92.59,20.47,1008.65,0.5,1105.2
2026-07-05T00:00:00+00:00,SG,Singapore,1.3521,103.8198,Equatorial Rainforest,79.0,Cumulus,0.3551,7.755,85.56,19.64,1006.68,0.5,1036.2
2026-07-05T01:00:00+00:00,SG,Singapore,1.3521,103.8198,Equatorial Rainforest,74.74,Stratocumulus,0.4201,5.169,88.08,19.91,1007.19,0.5,2425.6
2026-07-05T02:00:00+00:00,SG,Singapore,1.3521,103.8198,Equatorial Rainforest,79.69,Altocumulus,0.5172,17.352,83.78,17.45,1007.92,0.5,2111.2
2026-07-05T03:00:00+00:00,SG,Singapore,1.3521,103.8198,Equatorial Rainforest,73.26,Altocumulus,0.4279,7.382,91.47,19.68,1007.6,0.5,1037.2
2026-07-05T04:00:00+00:00,SG,Singapore,1.3521,103.8198,Equatorial Rainforest,73.65,Cumulus,0.3643,15.519,87.49,19.74,1009.38,0.5,1351.3
2026-07-05T05:00:00+00:00,SG,Singapore,1.3521,103.8198,Equatorial Rainforest,69.91,Stratocumulus,0.4213,11.914,82.86,22.23,1007.63,0.5,2618.3
2026-07-05T06:00:00+00:00,SG,Singapore,1.3521,103.8198,Equatorial Rainforest,80.27,Deep Convection,0.653,38.317,82.62,23.12,1005.46,0.5,618.6
2026-07-05T07:00:00+00:00,SG,Singapore,1.3521,103.8198,Equatorial Rainforest,77.53,Altocumulus,0.4692,7.197,87.75,23.55,1012.1,0.5,1053.9
2026-07-05T08:00:00+00:00,SG,Singapore,1.3521,103.8198,Equatorial Rainforest,69.42,Cumulus,0.6097,10.127,84.86,27.2,1011.43,0.5,2216.1
2026-07-05T09:00:00+00:00,SG,Singapore,1.3521,103.8198,Equatorial Rainforest,70.84,Altocumulus,0.5927,7.54,82.4,26.52,1009.76,0.5,1812.8
2026-07-05T10:00:00+00:00,SG,Singapore,1.3521,103.8198,Equatorial Rainforest,69.32,Altocumulus,0.5701,10.19,75.14,28.14,1012.61,0.5,1007.7
2026-07-05T11:00:00+00:00,SG,Singapore,1.3521,103.8198,Equatorial Rainforest,76.47,Stratocumulus,0.4738,15.138,74.72,28.54,1009.42,0.5,1787.7
2026-07-05T12:00:00+00:00,SG,Singapore,1.3521,103.8198,Equatorial Rainforest,69.58,Stratocumulus,0.4658,10.912,82.51,27.73,1011.65,0.5,2328.1
2026-07-05T13:00:00+00:00,SG,Singapore,1.3521,103.8198,Equatorial Rainforest,71.76,Altocumulus,0.4453,15.483,81.91,27.7,1009.49,0.5,1572.1
2026-07-05T14:00:00+00:00,SG,Singapore,1.3521,103.8198,Equatorial Rainforest,74.46,Altocumulus,0.5807,10.845,80.69,28.18,1008.55,0.5,2327.1
2026-07-05T15:00:00+00:00,SG,Singapore,1.3521,103.8198,Equatorial Rainforest,57.62,Stratocumulus,0.4519,17.095,79.08,25.42,1013.26,0.5,1692.0
2026-07-05T16:00:00+00:00,SG,Singapore,1.3521,103.8198,Equatorial Rainforest,60.76,Cumulus,0.6455,13.575,80.26,27.42,1012.42,0.5,2161.5
2026-07-05T17:00:00+00:00,SG,Singapore,1.3521,103.8198,Equatorial Rainforest,63.76,Altocumulus,0.5704,12.195,84.44,23.59,1009.98,0.5,2417.9
2026-07-05T18:00:00+00:00,SG,Singapore,1.3521,103.8198,Equatorial Rainforest,52.44,Cumulus,0.355,14.917,83.6,24.18,1012.44,0.5,2409.7
2026-07-05T19:00:00+00:00,SG,Singapore,1.3521,103.8198,Equatorial Rainforest,61.18,Stratocumulus,0.5056,13.114,88.56,22.48,1009.23,0.5,1894.8
2026-07-05T20:00:00+00:00,SG,Singapore,1.3521,103.8198,Equatorial Rainforest,52.86,Cumulus,0.4182,9.714,88.02,22.13,1009.94,0.5,1154.6
2026-07-05T21:00:00+00:00,SG,Singapore,1.3521,103.8198,Equatorial Rainforest,49.79,Altocumulus,0.2123,4.532,94.05,18.55,1010.61,0.5,8833.5
2026-07-05T22:00:00+00:00,SG,Singapore,1.3521,103.8198,Equatorial Rainforest,55.86,Altocumulus,0.5295,12.243,89.81,19.46,1009.43,0.5,1350.1
2026-07-05T23:00:00+00:00,SG,Singapore,1.3521,103.8198,Equatorial Rainforest,52.9,Cumulus,0.4253,12.406,94.39,20.45,1013.32,0.5,2339.8
2026-07-06T00:00:00+00:00,SG,Singapore,1.3521,103.8198,Equatorial Rainforest,52.02,Stratocumulus,0.4447,11.487,95.88,17.8,1014.45,0.5,1153.3
2026-07-06T01:00:00+00:00,SG,Singapore,1.3521,103.8198,Equatorial Rainforest,51.3,Cumulus,0.5197,5.22,89.68,19.1,1013.18,0.5,1703.7
2026-07-06T02:00:00+00:00,SG,Singapore,1.3521,103.8198,Equatorial Rainforest,61.05,Stratocumulus,0.5504,6.035,90.93,19.65,1012.3,0.5,1240.7
2026-07-06T03:00:00+00:00,SG,Singapore,1.3521,103.8198,Equatorial Rainforest,52.99,Stratocumulus,0.4381,13.618,83.84,23.02,1013.2,0.5,1095.8
2026-07-06T04:00:00+00:00,SG,Singapore,1.3521,103.8198,Equatorial Rainforest,53.23,Cumulus,0.4114,17.647,87.75,17.93,1013.09,0.5,1771.4
2026-07-06T05:00:00+00:00,SG,Singapore,1.3521,103.8198,Equatorial Rainforest,40.21,Cumulus,0.1944,1.023,85.99,19.83,1014.41,0.5,6214.4
2026-07-06T06:00:00+00:00,SG,Singapore,1.3521,103.8198,Equatorial Rainforest,47.92,Cumulus,0.183,5.717,80.08,22.44,1014.9,0.5,5454.1
2026-07-06T07:00:00+00:00,SG,Singapore,1.3521,103.8198,Equatorial Rainforest,43.61,Cumulus,0.1963,4.312,78.85,26.03,1012.74,0.5,3883.5
2026-07-06T08:00:00+00:00,SG,Singapore,1.3521,103.8198,Equatorial Rainforest,56.3,Cumulus,0.5856,6.792,76.9,26.53,1012.22,0.5,2830.4
2026-07-06T09:00:00+00:00,SG,Singapore,1.3521,103.8198,Equatorial Rainforest,41.74,Cirrus,0.2171,3.656,77.65,26.98,1012.22,0.5,5566.0
2026-07-06T10:00:00+00:00,SG,Singapore,1.3521,103.8198,Equatorial Rainforest,48.98,Cirrus,0.3069,4.505,77.77,28.37,1011.67,0.5,8164.7
2026-07-06T11:00:00+00:00,SG,Singapore,1.3521,103.8198,Equatorial Rainforest,47.45,Altocumulus,0.191,5.05,73.14,28.69,1013.33,0.5,5258.8
2026-07-06T12:00:00+00:00,SG,Singapore,1.3521,103.8198,Equatorial Rainforest,56.5,Altocumulus,0.3809,15.863,76.78,27.48,1011.1,0.5,1228.9
2026-07-06T13:00:00+00:00,SG,Singapore,1.3521,103.8198,Equatorial Rainforest,51.89,Stratocumulus,0.4736,10.803,77.58,27.62,1012.33,0.5,2288.0
2026-07-06T14:00:00+00:00,SG,Singapore,1.3521,103.8198,Equatorial Rainforest,39.82,Altocumulus,0.1669,3.133,80.49,26.5,1012.55,0.5,7908.9
2026-07-06T15:00:00+00:00,SG,Singapore,1.3521,103.8198,Equatorial Rainforest,42.95,Altocumulus,0.2012,4.401,82.49,24.19,1013.66,0.5,5403.7
2026-07-06T16:00:00+00:00,SG,Singapore,1.3521,103.8198,Equatorial Rainforest,44.48,Cumulus,0.1701,5.428,80.32,26.32,1013.02,0.5,7296.5
2026-07-06T17:00:00+00:00,SG,Singapore,1.3521,103.8198,Equatorial Rainforest,40.15,Altocumulus,0.3697,2.724,83.4,23.08,1013.16,0.5,5616.0
2026-07-06T18:00:00+00:00,SG,Singapore,1.3521,103.8198,Equatorial Rainforest,51.1,Cumulus,0.5199,11.857,82.2,22.44,1010.89,0.5,2461.0
2026-07-06T19:00:00+00:00,SG,Singapore,1.3521,103.8198,Equatorial Rainforest,43.69,Altocumulus,0.3201,3.181,86.97,22.98,1012.31,0.5,7196.2
2026-07-06T20:00:00+00:00,SG,Singapore,1.3521,103.8198,Equatorial Rainforest,48.99,Cumulus,0.3084,5.841,90.05,20.18,1011.5,0.5,5340.1
2026-07-06T21:00:00+00:00,SG,Singapore,1.3521,103.8198,Equatorial Rainforest,52.34,Stratocumulus,0.4323,11.852,88.98,20.72,1008.02,0.5,1960.6
2026-07-06T22:00:00+00:00,SG,Singapore,1.3521,103.8198,Equatorial Rainforest,56.47,Altocumulus,0.6283,7.525,89.06,20.49,1015.6,0.5,1410.9
2026-07-06T23:00:00+00:00,SG,Singapore,1.3521,103.8198,Equatorial Rainforest,50.54,Cumulus,0.4556,9.14,91.69,19.36,1014.58,0.5,2510.4
2026-07-07T00:00:00+00:00,SG,Singapore,1.3521,103.8198,Equatorial Rainforest,54.02,Altocumulus,0.592,17.99,89.21,18.67,1014.87,0.5,1242.1
2026-07-07T01:00:00+00:00,SG,Singapore,1.3521,103.8198,Equatorial Rainforest,54.67,Altocumulus,0.4336,8.556,95.72,17.0,1010.98,0.5,2630.2
2026-07-07T02:00:00+00:00,SG,Singapore,1.3521,103.8198,Equatorial Rainforest,55.54,Cumulus,0.4404,14.988,94.55,20.54,1011.31,0.5,1447.1
2026-07-07T03:00:00+00:00,SG,Singapore,1.3521,103.8198,Equatorial Rainforest,62.61,Altocumulus,0.4965,7.028,94.2,18.81,1010.22,0.5,2565.8
2026-07-07T04:00:00+00:00,SG,Singapore,1.3521,103.8198,Equatorial Rainforest,62.75,Cumulus,0.6214,7.309,89.38,20.29,1009.77,0.5,2446.3
2026-07-07T05:00:00+00:00,SG,Singapore,1.3521,103.8198,Equatorial Rainforest,69.05,Altocumulus,0.596,11.763,86.74,21.33,1012.85,0.5,1551.2
2026-07-07T06:00:00+00:00,SG,Singapore,1.3521,103.8198,Equatorial Rainforest,65.74,Altocumulus,0.5257,6.658,83.48,24.32,1013.05,0.5,1817.5
2026-07-07T07:00:00+00:00,SG,Singapore,1.3521,103.8198,Equatorial Rainforest,61.38,Altocumulus,0.4653,16.678,81.94,24.92,1009.67,0.5,1086.7
2026-07-07T08:00:00+00:00,SG,Singapore,1.3521,103.8198,Equatorial Rainforest,64.5,Cumulus,0.391,13.871,80.8,25.16,1009.99,0.5,1086.7
2026-07-07T09:00:00+00:00,SG,Singapore,1.3521,103.8198,Equatorial Rainforest,72.47,Cumulus,0.5333,12.224,78.71,26.61,1007.5,0.5,2984.9
2026-07-07T10:00:00+00:00,SG,Singapore,1.3521,103.8198,Equatorial Rainforest,62.92,Cumulus,0.5068,7.348,78.16,26.38,1009.13,0.5,2569.5
2026-07-07T11:00:00+00:00,SG,Singapore,1.3521,103.8198,Equatorial Rainforest,74.59,Altocumulus,0.6234,14.813,75.05,27.28,1009.33,0.5,1661.2
2026-07-07T12:00:00+00:00,SG,Singapore,1.3521,103.8198,Equatorial Rainforest,62.64,Altocumulus,0.6239,9.778,79.61,27.52,1008.52,0.5,1436.4
2026-07-07T13:00:00+00:00,SG,Singapore,1.3521,103.8198,Equatorial Rainforest,65.9,Altocumulus,0.59,16.329,76.9,27.17,1009.15,0.5,2442.2
2026-07-07T14:00:00+00:00,SG,Singapore,1.3521,103.8198,Equatorial Rainforest,76.88,Stratocumulus,0.3991,9.244,83.21,25.77,1008.19,0.5,2148.9
2026-07-07T15:00:00+00:00,SG,Singapore,1.3521,103.8198,Equatorial Rainforest,72.71,Cumulus,0.502,7.477,81.95,26.92,1008.75,0.5,1999.2
2026-07-07T16:00:00+00:00,SG,Singapore,1.3521,103.8198,Equatorial Rainforest,77.3,Stratocumulus,0.4089,9.556,79.78,25.93,1011.31,0.5,2876.1
2026-07-07T17:00:00+00:00,SG,Singapore,1.3521,103.8198,Equatorial Rainforest,75.62,Stratocumulus,0.418,12.408,84.66,23.93,1008.07,0.5,1190.9
2026-07-07T18:00:00+00:00,SG,Singapore,1.3521,103.8198,Equatorial Rainforest,78.84,Altocumulus,0.4131,13.086,84.5,23.04,1010.11,0.5,2806.2
2026-07-07T19:00:00+00:00,SG,Singapore,1.3521,103.8198,Equatorial Rainforest,79.84,Cumulus,0.4103,6.307,87.17,21.45,1008.7,0.5,2919.3
2026-07-07T20:00:00+00:00,SG,Singapore,1.3521,103.8198,Equatorial Rainforest,88.33,Deep Convection,0.9044,36.92,89.42,21.41,1007.03,0.5,704.4
2026-07-07T21:00:00+00:00,SG,Singapore,1.3521,103.8198,Equatorial Rainforest,87.61,Deep Convection,0.6923,16.958,95.13,19.16,1005.46,0.5,564.9
2026-07-07T22:00:00+00:00,SG,Singapore,1.3521,103.8198,Equatorial Rainforest,75.66,Altocumulus,0.5271,12.287,93.59,20.47,1008.79,0.5,2030.8
2026-07-07T23:00:00+00:00,SG,Singapore,1.3521,103.8198,Equatorial Rainforest,94.41,Nimbostratus,0.8137,28.235,90.58,17.46,1005.93,0.5,756.8
2026-07-08T00:00:00+00:00,SG,Singapore,1.3521,103.8198,Equatorial Rainforest,87.21,Nimbostratus,0.932,28.331,89.97,17.43,1010.55,0.5,438.8
2026-07-08T01:00:00+00:00,SG,Singapore,1.3521,103.8198,Equatorial Rainforest,87.54,Deep Convection,0.7327,31.098,90.25,20.22,1009.34,0.5,1172.6
2026-07-08T02:00:00+00:00,SG,Singapore,1.3521,103.8198,Equatorial Rainforest,79.7,Stratocumulus,0.4813,8.314,92.91,19.09,1008.9,0.5,2141.3
2026-07-08T03:00:00+00:00,SG,Singapore,1.3521,103.8198,Equatorial Rainforest,80.08,Deep Convection,0.8214,39.508,89.83,18.82,1007.05,0.5,776.9
2026-07-08T04:00:00+00:00,SG,Singapore,1.3521,103.8198,Equatorial Rainforest,90.18,Deep Convection,0.8836,17.868,90.2,21.99,1009.1,0.5,748.9
2026-07-08T05:00:00+00:00,SG,Singapore,1.3521,103.8198,Equatorial Rainforest,85.37,Deep Convection,0.9336,25.626,84.65,20.91,1006.88,0.5,838.2
2026-07-08T06:00:00+00:00,SG,Singapore,1.3521,103.8198,Equatorial Rainforest,81.15,Deep Convection,0.8072,21.625,84.38,20.96,1011.51,0.5,1042.5
2026-07-08T07:00:00+00:00,SG,Singapore,1.3521,103.8198,Equatorial Rainforest,91.28,Deep Convection,0.8945,30.095,82.83,24.3,1005.72,0.5,890.0
2026-07-08T08:00:00+00:00,SG,Singapore,1.3521,103.8198,Equatorial Rainforest,90.8,Deep Convection,0.8165,22.888,78.56,24.91,1007.06,0.5,635.3
2026-07-08T09:00:00+00:00,SG,Singapore,1.3521,103.8198,Equatorial Rainforest,83.72,Cumulus,0.4744,9.348,74.77,26.12,1009.51,0.5,1386.9
2026-07-08T10:00:00+00:00,SG,Singapore,1.3521,103.8198,Equatorial Rainforest,80.89,Deep Convection,0.6695,44.929,76.79,25.65,1009.26,0.5,477.4
2026-07-08T11:00:00+00:00,SG,Singapore,1.3521,103.8198,Equatorial Rainforest,86.0,Deep Convection,0.8659,24.789,79.06,29.39,1007.37,0.5,578.6
2026-07-08T12:00:00+00:00,SG,Singapore,1.3521,103.8198,Equatorial Rainforest,75.69,Altocumulus,0.4195,7.385,77.04,28.42,1009.87,0.5,2178.3
2026-07-08T13:00:00+00:00,SG,Singapore,1.3521,103.8198,Equatorial Rainforest,80.25,Cumulus,0.4222,5.635,74.08,27.74,1007.06,0.5,1722.8
2026-07-08T14:00:00+00:00,SG,Singapore,1.3521,103.8198,Equatorial Rainforest,76.28,Stratocumulus,0.6384,6.172,73.51,28.13,1006.74,0.5,2624.6
2026-07-08T15:00:00+00:00,SG,Singapore,1.3521,103.8198,Equatorial Rainforest,80.15,Deep Convection,0.685,27.817,78.47,24.43,1009.66,0.5,1128.9
2026-07-08T16:00:00+00:00,SG,Singapore,1.3521,103.8198,Equatorial Rainforest,79.64,Altocumulus,0.5799,17.089,79.28,26.4,1010.06,0.5,1962.6
2026-07-08T17:00:00+00:00,SG,Singapore,1.3521,103.8198,Equatorial Rainforest,83.29,Deep Convection,0.7236,23.927,81.35,24.54,1007.04,0.5,616.1
2026-07-08T18:00:00+00:00,SG,Singapore,1.3521,103.8198,Equatorial Rainforest,78.63,Altocumulus,0.5449,16.333,82.64,24.56,1008.66,0.5,2812.2
2026-07-08T19:00:00+00:00,SG,Singapore,1.3521,103.8198,Equatorial Rainforest,76.91,Cumulus,0.458,7.61,86.86,21.5,1009.65,0.5,2885.3
2026-07-08T20:00:00+00:00,SG,Singapore,1.3521,103.8198,Equatorial Rainforest,72.52,Stratocumulus,0.4747,5.723,89.49,20.91,1008.7,0.5,2562.8
2026-07-08T21:00:00+00:00,SG,Singapore,1.3521,103.8198,Equatorial Rainforest,71.83,Altocumulus,0.3658,12.167,88.8,19.26,1010.92,0.5,2717.9
2026-07-08T22:00:00+00:00,SG,Singapore,1.3521,103.8198,Equatorial Rainforest,77.15,Stratocumulus,0.3861,12.92,91.96,19.09,1006.79,0.5,1696.4
2026-07-08T23:00:00+00:00,SG,Singapore,1.3521,103.8198,Equatorial Rainforest,69.74,Altocumulus,0.3556,16.37,91.03,20.69,1010.46,0.5,2106.1
2026-07-09T00:00:00+00:00,SG,Singapore,1.3521,103.8198,Equatorial Rainforest,71.2,Stratocumulus,0.4843,15.017,95.34,19.37,1008.81,0.5,2778.9
2026-07-09T01:00:00+00:00,SG,Singapore,1.3521,103.8198,Equatorial Rainforest,74.58,Cumulus,0.4729,9.809,94.22,19.77,1011.09,0.5,1627.7
2026-07-09T02:00:00+00:00,SG,Singapore,1.3521,103.8198,Equatorial Rainforest,66.32,Altocumulus,0.4654,6.349,89.53,20.04,1010.9,0.5,2597.7
2026-07-09T03:00:00+00:00,SG,Singapore,1.3521,103.8198,Equatorial Rainforest,71.31,Stratocumulus,0.3781,13.58,88.42,19.37,1008.21,0.5,2825.2
2026-07-09T04:00:00+00:00,SG,Singapore,1.3521,103.8198,Equatorial Rainforest,64.66,Altocumulus,0.5672,13.266,85.47,21.24,1011.96,0.5,2309.0
2026-07-09T05:00:00+00:00,SG,Singapore,1.3521,103.8198,Equatorial Rainforest,71.4,Cumulus,0.3633,12.493,92.72,21.03,1009.47,0.5,2549.3
2026-07-09T06:00:00+00:00,SG,Singapore,1.3521,103.8198,Equatorial Rainforest,62.23,Stratocumulus,0.3981,5.631,84.64,22.64,1011.28,0.5,2898.7
2026-07-09T07:00:00+00:00,SG,Singapore,1.3521,103.8198,Equatorial Rainforest,71.46,Stratocumulus,0.5269,5.494,84.73,22.99,1011.04,0.5,2452.1
2026-07-09T08:00:00+00:00,SG,Singapore,1.3521,103.8198,Equatorial Rainforest,54.24,Stratocumulus,0.3967,5.89,80.64,25.9,1012.65,0.5,1852.0
2026-07-09T09:00:00+00:00,SG,Singapore,1.3521,103.8198,Equatorial Rainforest,57.95,Stratocumulus,0.6268,10.71,80.43,28.25,1012.43,0.5,1791.3
2026-07-09T10:00:00+00:00,SG,Singapore,1.3521,103.8198,Equatorial Rainforest,64.16,Altocumulus,0.5835,14.583,78.68,27.03,1011.81,0.5,1306.2
2026-07-09T11:00:00+00:00,SG,Singapore,1.3521,103.8198,Equatorial Rainforest,62.99,Stratocumulus,0.5683,14.86,74.19,27.38,1011.43,0.5,2820.3
2026-07-09T12:00:00+00:00,SG,Singapore,1.3521,103.8198,Equatorial Rainforest,58.56,Cumulus,0.4968,6.201,76.74,27.1,1014.88,0.5,2034.1
2026-07-09T13:00:00+00:00,SG,Singapore,1.3521,103.8198,Equatorial Rainforest,57.54,Stratocumulus,0.3796,16.511,76.83,27.88,1012.28,0.5,2212.8
2026-07-09T14:00:00+00:00,SG,Singapore,1.3521,103.8198,Equatorial Rainforest,69.67,Altocumulus,0.433,8.269,79.53,27.01,1008.12,0.5,1267.7
2026-07-09T15:00:00+00:00,SG,Singapore,1.3521,103.8198,Equatorial Rainforest,60.95,Stratocumulus,0.5007,8.174,82.64,25.79,1010.56,0.5,2143.4
2026-07-09T16:00:00+00:00,SG,Singapore,1.3521,103.8198,Equatorial Rainforest,59.4,Stratocumulus,0.6316,9.151,82.12,26.85,1010.42,0.5,2199.5
2026-07-09T17:00:00+00:00,SG,Singapore,1.3521,103.8198,Equatorial Rainforest,64.89,Altocumulus,0.5586,17.839,87.64,22.37,1012.1,0.5,1229.6
2026-07-09T18:00:00+00:00,SG,Singapore,1.3521,103.8198,Equatorial Rainforest,64.25,Altocumulus,0.5749,6.624,85.96,23.21,1011.56,0.5,2024.6
2026-07-09T19:00:00+00:00,SG,Singapore,1.3521,103.8198,Equatorial Rainforest,63.66,Cumulus,0.6325,9.319,86.2,21.89,1012.48,0.5,2641.0
2026-07-09T20:00:00+00:00,SG,Singapore,1.3521,103.8198,Equatorial Rainforest,67.2,Altocumulus,0.4702,13.53,92.1,20.73,1010.77,0.5,2350.8
2026-07-09T21:00:00+00:00,SG,Singapore,1.3521,103.8198,Equatorial Rainforest,66.35,Cumulus,0.5567,12.077,90.35,19.28,1009.79,0.5,2316.7
2026-07-09T22:00:00+00:00,SG,Singapore,1.3521,103.8198,Equatorial Rainforest,67.3,Cumulus,0.4159,10.256,90.51,18.98,1011.38,0.5,1077.4
2026-07-09T23:00:00+00:00,SG,Singapore,1.3521,103.8198,Equatorial Rainforest,58.05,Cumulus,0.388,7.009,92.0,17.56,1011.05,0.5,1868.9
2026-07-10T00:00:00+00:00,SG,Singapore,1.3521,103.8198,Equatorial Rainforest,68.48,Stratocumulus,0.4423,11.641,89.44,18.8,1010.1,0.5,2949.7
2026-07-10T01:00:00+00:00,SG,Singapore,1.3521,103.8198,Equatorial Rainforest,66.14,Stratocumulus,0.6135,9.495,89.27,19.08,1011.98,0.5,2006.1
2026-07-10T02:00:00+00:00,SG,Singapore,1.3521,103.8198,Equatorial Rainforest,72.31,Stratocumulus,0.4976,5.376,89.64,19.39,1009.62,0.5,1673.1
2026-07-10T03:00:00+00:00,SG,Singapore,1.3521,103.8198,Equatorial Rainforest,68.29,Altocumulus,0.5833,10.204,85.92,22.95,1008.91,0.5,1336.1
2026-07-10T04:00:00+00:00,SG,Singapore,1.3521,103.8198,Equatorial Rainforest,74.5,Cumulus,0.4108,6.045,87.83,20.54,1009.68,0.5,2849.5
2026-07-10T05:00:00+00:00,SG,Singapore,1.3521,103.8198,Equatorial Rainforest,81.4,Deep Convection,0.9302,42.036,83.33,19.09,1008.76,0.5,875.4
2026-07-10T06:00:00+00:00,SG,Singapore,1.3521,103.8198,Equatorial Rainforest,75.78,Stratocumulus,0.6111,16.763,87.13,25.17,1009.47,0.5,2200.6
2026-07-10T07:00:00+00:00,SG,Singapore,1.3521,103.8198,Equatorial Rainforest,79.26,Stratocumulus,0.571,11.456,77.6,23.51,1009.53,0.5,1505.2
2026-07-10T08:00:00+00:00,SG,Singapore,1.3521,103.8198,Equatorial Rainforest,77.23,Altocumulus,0.3754,9.332,83.65,24.37,1007.87,0.5,2554.4
2026-07-10T09:00:00+00:00,SG,Singapore,1.3521,103.8198,Equatorial Rainforest,82.21,Altocumulus,0.5647,5.746,74.64,26.93,1009.88,0.5,2847.4
2026-07-10T10:00:00+00:00,SG,Singapore,1.3521,103.8198,Equatorial Rainforest,78.32,Cumulus,0.3866,12.75,76.83,28.15,1010.08,0.5,1475.0
2026-07-10T11:00:00+00:00,SG,Singapore,1.3521,103.8198,Equatorial Rainforest,82.61,Deep Convection,0.715,25.549,75.4,27.89,1008.31,0.5,1133.6
2026-07-10T12:00:00+00:00,SG,Singapore,1.3521,103.8198,Equatorial Rainforest,81.88,Deep Convection,0.8603,39.415,75.61,28.16,1009.25,0.5,630.5
2026-07-10T13:00:00+00:00,SG,Singapore,1.3521,103.8198,Equatorial Rainforest,87.58,Deep Convection,0.7863,38.895,81.24,26.1,1005.59,0.5,726.5
2026-07-10T14:00:00+00:00,SG,Singapore,1.3521,103.8198,Equatorial Rainforest,78.93,Cumulus,0.6297,14.648,73.53,28.67,1007.36,0.5,2530.8
2026-07-10T15:00:00+00:00,SG,Singapore,1.3521,103.8198,Equatorial Rainforest,79.8,Cumulus,0.5177,14.029,81.06,27.04,1007.99,0.5,1464.7
2026-07-10T16:00:00+00:00,SG,Singapore,1.3521,103.8198,Equatorial Rainforest,88.43,Deep Convection,0.7775,16.043,81.38,24.24,1007.11,0.5,811.9
2026-07-10T17:00:00+00:00,SG,Singapore,1.3521,103.8198,Equatorial Rainforest,96.87,Deep Convection,0.9487,43.103,80.46,25.54,1006.89,0.5,658.2
2026-07-10T18:00:00+00:00,SG,Singapore,1.3521,103.8198,Equatorial Rainforest,86.51,Deep Convection,0.8185,34.636,84.83,23.42,1010.05,0.5,1174.2
2026-07-10T19:00:00+00:00,SG,Singapore,1.3521,103.8198,Equatorial Rainforest,90.97,Deep Convection,0.7436,26.381,88.56,21.76,1006.62,0.5,828.6
2026-07-10T20:00:00+00:00,SG,Singapore,1.3521,103.8198,Equatorial Rainforest,91.8,Deep Convection,0.6501,22.229,85.38,24.35,1008.21,0.5,436.1
2026-07-10T21:00:00+00:00,SG,Singapore,1.3521,103.8198,Equatorial Rainforest,100.0,Deep Convection,0.9272,23.517,91.56,22.94,1004.8,0.5,468.6
2026-07-10T22:00:00+00:00,SG,Singapore,1.3521,103.8198,Equatorial Rainforest,95.01,Deep Convection,0.8009,16.215,92.23,19.37,1007.64,0.5,717.3
2026-07-10T23:00:00+00:00,SG,Singapore,1.3521,103.8198,Equatorial Rainforest,92.11,Deep Convection,0.7776,36.798,90.52,19.38,1006.82,0.5,1138.2
2026-07-11T00:00:00+00:00,SG,Singapore,1.3521,103.8198,Equatorial Rainforest,90.52,Deep Convection,0.757,44.151,85.69,19.15,1007.78,0.5,990.8
2026-07-11T01:00:00+00:00,SG,Singapore,1.3521,103.8198,Equatorial Rainforest,84.01,Deep Convection,0.6684,32.982,93.7,18.69,1007.64,0.5,707.4
2026-07-11T02:00:00+00:00,SG,Singapore,1.3521,103.8198,Equatorial Rainforest,99.39,Deep Convection,0.8754,23.612,90.23,20.69,1004.35,0.5,699.3
2026-07-11T03:00:00+00:00,SG,Singapore,1.3521,103.8198,Equatorial Rainforest,85.77,Deep Convection,0.9217,21.636,80.05,19.78,1007.9,0.5,1173.8
2026-07-11T04:00:00+00:00,SG,Singapore,1.3521,103.8198,Equatorial Rainforest,93.75,Deep Convection,0.7425,25.268,89.22,20.92,1004.57,0.5,1026.6
2026-07-11T05:00:00+00:00,SG,Singapore,1.3521,103.8198,Equatorial Rainforest,92.0,Deep Convection,0.7898,24.156,96.0,23.45,1008.08,0.5,1013.7
2026-07-11T06:00:00+00:00,SG,Singapore,1.3521,103.8198,Equatorial Rainforest,83.04,Deep Convection,0.9304,32.778,87.09,25.03,1008.92,0.5,558.0
2026-07-11T07:00:00+00:00,SG,Singapore,1.3521,103.8198,Equatorial Rainforest,94.59,Deep Convection,0.7975,43.863,83.56,24.19,1006.98,0.5,765.1
2026-07-11T08:00:00+00:00,SG,Singapore,1.3521,103.8198,Equatorial Rainforest,86.1,Deep Convection,0.6614,33.964,80.38,27.35,1008.95,0.5,751.9
2026-07-11T09:00:00+00:00,SG,Singapore,1.3521,103.8198,Equatorial Rainforest,100.0,Deep Convection,0.7081,20.65,81.19,26.23,1003.88,0.5,1136.2
2026-07-11T10:00:00+00:00,SG,Singapore,1.3521,103.8198,Equatorial Rainforest,97.05,Altocumulus,0.5319,10.922,73.13,29.41,1008.25,0.5,2668.2
2026-07-11T11:00:00+00:00,SG,Singapore,1.3521,103.8198,Equatorial Rainforest,81.57,Deep Convection,0.9422,16.529,78.13,29.16,1007.69,0.5,938.5
2026-07-11T12:00:00+00:00,SG,Singapore,1.3521,103.8198,Equatorial Rainforest,95.17,Deep Convection,0.8046,38.584,75.04,28.65,1007.91,0.5,966.6
2026-07-11T13:00:00+00:00,SG,Singapore,1.3521,103.8198,Equatorial Rainforest,89.13,Deep Convection,0.7009,22.916,77.58,29.36,1007.23,0.5,1141.4
2026-07-11T14:00:00+00:00,SG,Singapore,1.3521,103.8198,Equatorial Rainforest,86.81,Deep Convection,0.7378,44.125,80.74,27.62,1004.74,0.5,1060.3
2026-07-11T15:00:00+00:00,SG,Singapore,1.3521,103.8198,Equatorial Rainforest,85.34,Deep Convection,0.6923,31.854,81.9,25.78,1009.14,0.5,1072.8
2026-07-11T16:00:00+00:00,SG,Singapore,1.3521,103.8198,Equatorial Rainforest,87.73,Deep Convection,0.689,30.644,79.9,27.02,1008.23,0.5,466.7
2026-07-11T17:00:00+00:00,SG,Singapore,1.3521,103.8198,Equatorial Rainforest,82.75,Deep Convection,0.7404,36.329,84.76,23.38,1009.5,0.5,637.9
2026-07-11T18:00:00+00:00,SG,Singapore,1.3521,103.8198,Equatorial Rainforest,85.82,Deep Convection,0.6856,32.068,84.77,26.13,1007.52,0.5,408.8
2026-07-11T19:00:00+00:00,SG,Singapore,1.3521,103.8198,Equatorial Rainforest,81.86,Deep Convection,0.8374,30.791,86.91,23.85,1008.44,0.5,485.7
2026-07-11T20:00:00+00:00,SG,Singapore,1.3521,103.8198,Equatorial Rainforest,79.16,Cumulus,0.4785,6.696,83.69,23.09,1010.67,0.5,1408.5
2026-07-11T21:00:00+00:00,SG,Singapore,1.3521,103.8198,Equatorial Rainforest,77.41,Cumulus,0.4116,8.492,88.53,19.37,1007.42,0.5,1039.1
2026-07-11T22:00:00+00:00,SG,Singapore,1.3521,103.8198,Equatorial Rainforest,78.52,Cumulus,0.6489,13.825,95.44,17.94,1007.61,0.5,2501.8
2026-07-11T23:00:00+00:00,SG,Singapore,1.3521,103.8198,Equatorial Rainforest,66.71,Altocumulus,0.5238,17.341,89.57,19.18,1010.06,0.5,2089.7
2026-07-12T00:00:00+00:00,SG,Singapore,1.3521,103.8198,Equatorial Rainforest,79.22,Altocumulus,0.5998,11.855,91.16,18.52,1008.96,0.5,1988.9
2026-07-12T01:00:00+00:00,SG,Singapore,1.3521,103.8198,Equatorial Rainforest,72.84,Stratocumulus,0.4931,17.284,92.91,17.38,1010.62,0.5,2240.9
2026-07-12T02:00:00+00:00,SG,Singapore,1.3521,103.8198,Equatorial Rainforest,75.88,Altocumulus,0.6459,12.827,91.31,20.02,1009.87,0.5,1679.2
2026-07-12T03:00:00+00:00,SG,Singapore,1.3521,103.8198,Equatorial Rainforest,78.74,Altocumulus,0.5469,12.345,90.0,18.53,1010.59,0.5,2071.6
2026-07-12T04:00:00+00:00,SG,Singapore,1.3521,103.8198,Equatorial Rainforest,64.48,Altocumulus,0.5972,7.509,86.0,19.7,1013.53,0.5,2074.6
2026-07-12T05:00:00+00:00,SG,Singapore,1.3521,103.8198,Equatorial Rainforest,64.18,Stratocumulus,0.5478,6.434,89.48,23.48,1010.92,0.5,2397.4
2026-07-12T06:00:00+00:00,SG,Singapore,1.3521,103.8198,Equatorial Rainforest,64.31,Cumulus,0.5933,17.734,85.85,24.5,1010.08,0.5,2694.3
2026-07-12T07:00:00+00:00,SG,Singapore,1.3521,103.8198,Equatorial Rainforest,74.58,Stratocumulus,0.4746,10.057,86.07,20.83,1008.1,0.5,1619.2
2026-07-12T08:00:00+00:00,SG,Singapore,1.3521,103.8198,Equatorial Rainforest,57.04,Altocumulus,0.4253,5.126,79.47,26.31,1009.83,0.5,2410.2
2026-07-12T09:00:00+00:00,SG,Singapore,1.3521,103.8198,Equatorial Rainforest,67.01,Stratocumulus,0.5723,15.755,80.01,26.14,1011.21,0.5,1976.3
2026-07-12T10:00:00+00:00,SG,Singapore,1.3521,103.8198,Equatorial Rainforest,71.36,Altocumulus,0.5292,16.147,79.79,28.5,1010.24,0.5,2866.3
2026-07-12T11:00:00+00:00,SG,Singapore,1.3521,103.8198,Equatorial Rainforest,69.5,Altocumulus,0.5334,13.288,81.9,29.61,1009.32,0.5,2066.6
2026-07-12T12:00:00+00:00,SG,Singapore,1.3521,103.8198,Equatorial Rainforest,58.68,Stratocumulus,0.5933,5.812,77.76,28.19,1011.09,0.5,2658.3
2026-07-12T13:00:00+00:00,SG,Singapore,1.3521,103.8198,Equatorial Rainforest,58.56,Cumulus,0.5233,14.585,76.02,26.93,1012.28,0.5,1480.2
2026-07-12T14:00:00+00:00,SG,Singapore,1.3521,103.8198,Equatorial Rainforest,66.29,Cumulus,0.5626,15.529,73.17,27.87,1012.75,0.5,2404.6
2026-07-12T15:00:00+00:00,SG,Singapore,1.3521,103.8198,Equatorial Rainforest,53.69,Cumulus,0.4015,17.871,80.97,26.88,1013.17,0.5,1976.9
2026-07-12T16:00:00+00:00,SG,Singapore,1.3521,103.8198,Equatorial Rainforest,50.56,Altocumulus,0.3953,10.069,88.94,24.16,1013.05,0.5,1484.1
2026-07-12T17:00:00+00:00,SG,Singapore,1.3521,103.8198,Equatorial Rainforest,55.94,Stratocumulus,0.4934,8.897,84.91,23.75,1010.09,0.5,1272.7
2026-07-12T18:00:00+00:00,SG,Singapore,1.3521,103.8198,Equatorial Rainforest,49.79,Cirrus,0.3322,3.323,89.84,23.57,1013.46,0.5,3734.5
2026-07-12T19:00:00+00:00,SG,Singapore,1.3521,103.8198,Equatorial Rainforest,54.56,Cumulus,0.5562,10.378,88.39,22.2,1011.74,0.5,1874.9
2026-07-12T20:00:00+00:00,SG,Singapore,1.3521,103.8198,Equatorial Rainforest,64.79,Stratocumulus,0.552,9.359,89.63,21.92,1010.37,0.5,2573.6
2026-07-12T21:00:00+00:00,SG,Singapore,1.3521,103.8198,Equatorial Rainforest,62.94,Altocumulus,0.3996,5.674,93.02,19.8,1011.97,0.5,1646.4
2026-07-12T22:00:00+00:00,SG,Singapore,1.3521,103.8198,Equatorial Rainforest,59.22,Altocumulus,0.5008,14.397,93.27,19.44,1010.83,0.5,2407.1
2026-07-12T23:00:00+00:00,SG,Singapore,1.3521,103.8198,Equatorial Rainforest,56.34,Cumulus,0.4549,17.079,93.6,20.79,1013.51,0.5,1488.7
2026-07-13T00:00:00+00:00,SG,Singapore,1.3521,103.8198,Equatorial Rainforest,54.28,Altocumulus,0.4364,13.368,98.04,20.2,1013.39,0.5,1304.1
2026-07-13T01:00:00+00:00,SG,Singapore,1.3521,103.8198,Equatorial Rainforest,63.26,Cumulus,0.4308,13.852,93.4,19.47,1012.27,0.5,2811.7
2026-07-13T02:00:00+00:00,SG,Singapore,1.3521,103.8198,Equatorial Rainforest,63.15,Cumulus,0.466,13.851,90.49,19.58,1010.65,0.5,1153.0
2026-07-13T03:00:00+00:00,SG,Singapore,1.3521,103.8198,Equatorial Rainforest,57.92,Stratocumulus,0.47,6.622,91.82,19.31,1010.81,0.5,2789.7
2026-07-13T04:00:00+00:00,SG,Singapore,1.3521,103.8198,Equatorial Rainforest,49.58,Altocumulus,0.1935,3.528,84.49,21.1,1013.71,0.5,3887.3
2026-07-13T05:00:00+00:00,SG,Singapore,1.3521,103.8198,Equatorial Rainforest,60.2,Stratocumulus,0.4653,10.011,85.5,22.57,1011.96,0.5,2337.1
2026-07-13T06:00:00+00:00,SG,Singapore,1.3521,103.8198,Equatorial Rainforest,52.76,Cumulus,0.5317,16.789,83.92,22.7,1012.9,0.5,2751.6
2026-07-13T07:00:00+00:00,SG,Singapore,1.3521,103.8198,Equatorial Rainforest,64.8,Stratocumulus,0.3604,16.493,84.73,25.89,1012.15,0.5,2777.5
2026-07-13T08:00:00+00:00,SG,Singapore,1.3521,103.8198,Equatorial Rainforest,55.37,Altocumulus,0.4805,5.531,86.23,26.13,1012.56,0.5,1736.4
2026-07-13T09:00:00+00:00,SG,Singapore,1.3521,103.8198,Equatorial Rainforest,63.84,Stratocumulus,0.5516,7.188,81.3,30.22,1009.83,0.5,1642.5
2026-07-13T10:00:00+00:00,SG,Singapore,1.3521,103.8198,Equatorial Rainforest,64.67,Cumulus,0.6192,13.475,77.53,28.45,1013.32,0.5,2188.7
2026-07-13T11:00:00+00:00,SG,Singapore,1.3521,103.8198,Equatorial Rainforest,60.15,Cumulus,0.3825,15.15,75.13,31.04,1012.42,0.5,1828.7
2026-07-13T12:00:00+00:00,SG,Singapore,1.3521,103.8198,Equatorial Rainforest,67.17,Cumulus,0.3628,9.968,73.77,30.04,1010.23,0.5,1754.7
2026-07-13T13:00:00+00:00,SG,Singapore,1.3521,103.8198,Equatorial Rainforest,61.84,Altocumulus,0.4224,10.077,81.2,27.5,1012.1,0.5,2144.5
2026-07-13T14:00:00+00:00,SG,Singapore,1.3521,103.8198,Equatorial Rainforest,62.68,Cumulus,0.5086,5.48,76.67,28.0,1012.22,0.5,1160.4
2026-07-13T15:00:00+00:00,SG,Singapore,1.3521,103.8198,Equatorial Rainforest,65.98,Altocumulus,0.3776,16.726,80.45,29.35,1007.79,0.5,1818.1
2026-07-13T16:00:00+00:00,SG,Singapore,1.3521,103.8198,Equatorial Rainforest,71.64,Cumulus,0.4061,12.246,79.53,26.48,1010.82,0.5,2060.2
2026-07-13T17:00:00+00:00,SG,Singapore,1.3521,103.8198,Equatorial Rainforest,77.78,Stratocumulus,0.4852,14.95,83.06,23.26,1008.99,0.5,1573.4
2026-07-13T18:00:00+00:00,SG,Singapore,1.3521,103.8198,Equatorial Rainforest,68.39,Stratocumulus,0.466,5.469,84.23,21.82,1009.9,0.5,1093.2
2026-07-13T19:00:00+00:00,SG,Singapore,1.3521,103.8198,Equatorial Rainforest,68.36,Cumulus,0.6093,17.636,89.55,20.49,1010.37,0.5,1517.4
2026-07-13T20:00:00+00:00,SG,Singapore,1.3521,103.8198,Equatorial Rainforest,76.19,Cumulus,0.4511,9.552,89.31,19.74,1010.78,0.5,2388.3
2026-07-13T21:00:00+00:00,SG,Singapore,1.3521,103.8198,Equatorial Rainforest,74.95,Cumulus,0.3645,7.71,90.93,19.78,1008.06,0.5,2591.8
2026-07-13T22:00:00+00:00,SG,Singapore,1.3521,103.8198,Equatorial Rainforest,72.52,Cumulus,0.551,8.143,97.22,18.9,1011.56,0.5,2183.5
2026-07-13T23:00:00+00:00,SG,Singapore,1.3521,103.8198,Equatorial Rainforest,75.4,Cumulus,0.4811,16.685,91.72,20.42,1008.2,0.5,1510.1
2026-07-14T00:00:00+00:00,SG,Singapore,1.3521,103.8198,Equatorial Rainforest,74.29,Stratocumulus,0.4713,5.182,91.96,19.06,1011.3,0.5,1490.0
2026-07-14T01:00:00+00:00,SG,Singapore,1.3521,103.8198,Equatorial Rainforest,74.73,Cumulus,0.5794,8.001,93.25,18.68,1009.38,0.5,2847.0
2026-07-14T02:00:00+00:00,SG,Singapore,1.3521,103.8198,Equatorial Rainforest,76.11,Cumulus,0.5322,7.539,93.91,18.69,1007.41,0.5,2710.3
2026-07-14T03:00:00+00:00,SG,Singapore,1.3521,103.8198,Equatorial Rainforest,73.24,Cumulus,0.44,10.28,89.97,19.62,1013.05,0.5,1965.5
2026-07-14T04:00:00+00:00,SG,Singapore,1.3521,103.8198,Equatorial Rainforest,73.95,Altocumulus,0.6091,14.096,89.94,17.75,1007.74,0.5,1225.1
2026-07-14T05:00:00+00:00,SG,Singapore,1.3521,103.8198,Equatorial Rainforest,77.58,Cumulus,0.3975,9.376,90.73,19.6,1007.59,0.5,2804.6
2026-07-14T06:00:00+00:00,SG,Singapore,1.3521,103.8198,Equatorial Rainforest,73.77,Altocumulus,0.5568,11.562,84.09,22.05,1008.7,0.5,1048.6
2026-07-14T07:00:00+00:00,SG,Singapore,1.3521,103.8198,Equatorial Rainforest,68.7,Stratocumulus,0.3943,14.345,80.16,23.88,1012.06,0.5,2639.7
2026-07-14T08:00:00+00:00,SG,Singapore,1.3521,103.8198,Equatorial Rainforest,75.28,Altocumulus,0.6406,11.834,75.16,25.54,1014.41,0.5,2189.3
2026-07-14T09:00:00+00:00,SG,Singapore,1.3521,103.8198,Equatorial Rainforest,79.2,Altocumulus,0.6093,5.18,81.96,28.93,1007.6,0.5,1559.6
2026-07-14T10:00:00+00:00,SG,Singapore,1.3521,103.8198,Equatorial Rainforest,68.09,Stratocumulus,0.5215,16.359,78.4,27.54,1011.56,0.5,2888.5
2026-07-14T11:00:00+00:00,SG,Singapore,1.3521,103.8198,Equatorial Rainforest,73.48,Cumulus,0.5947,11.218,75.98,27.35,1010.11,0.5,2939.1
2026-07-14T12:00:00+00:00,SG,Singapore,1.3521,103.8198,Equatorial Rainforest,86.26,Deep Convection,0.8535,18.814,82.27,29.05,1008.41,0.5,1187.1
2026-07-14T13:00:00+00:00,SG,Singapore,1.3521,103.8198,Equatorial Rainforest,59.14,Cumulus,0.5462,12.356,76.5,28.02,1012.15,0.5,2928.2
2026-07-14T14:00:00+00:00,SG,Singapore,1.3521,103.8198,Equatorial Rainforest,73.98,Cumulus,0.6301,9.615,75.52,27.45,1011.17,0.5,2261.6
2026-07-14T15:00:00+00:00,SG,Singapore,1.3521,103.8198,Equatorial Rainforest,72.21,Stratocumulus,0.5214,5.897,82.87,26.0,1009.98,0.5,2873.8
2026-07-14T16:00:00+00:00,SG,Singapore,1.3521,103.8198,Equatorial Rainforest,66.39,Altocumulus,0.4751,10.32,80.24,25.85,1012.37,0.5,1371.8
2026-07-14T17:00:00+00:00,SG,Singapore,1.3521,103.8198,Equatorial Rainforest,76.27,Stratocumulus,0.4223,8.088,83.39,24.76,1008.49,0.5,1523.3
2026-07-14T18:00:00+00:00,SG,Singapore,1.3521,103.8198,Equatorial Rainforest,76.5,Stratocumulus,0.5974,7.363,84.77,24.32,1007.45,0.5,2830.3
2026-07-14T19:00:00+00:00,SG,Singapore,1.3521,103.8198,Equatorial Rainforest,67.29,Cumulus,0.5323,9.205,85.79,21.6,1010.86,0.5,1170.9
2026-07-14T20:00:00+00:00,SG,Singapore,1.3521,103.8198,Equatorial Rainforest,66.08,Stratocumulus,0.5355,11.272,93.97,20.48,1007.57,0.5,1739.3
2026-07-14T21:00:00+00:00,SG,Singapore,1.3521,103.8198,Equatorial Rainforest,63.94,Altocumulus,0.4959,10.548,92.69,19.28,1011.02,0.5,2871.9
2026-07-14T22:00:00+00:00,SG,Singapore,1.3521,103.8198,Equatorial Rainforest,61.91,Stratocumulus,0.3794,5.898,93.83,19.34,1011.47,0.5,2768.9
2026-07-14T23:00:00+00:00,SG,Singapore,1.3521,103.8198,Equatorial Rainforest,65.6,Cumulus,0.4658,9.586,90.14,18.56,1010.37,0.5,2760.8
2026-07-15T00:00:00+00:00,SG,Singapore,1.3521,103.8198,Equatorial Rainforest,67.27,Cumulus,0.5045,14.047,93.88,19.03,1012.25,0.5,2030.5
2026-07-15T01:00:00+00:00,SG,Singapore,1.3521,103.8198,Equatorial Rainforest,59.27,Altocumulus,0.5661,15.856,91.07,20.32,1009.75,0.5,1252.5
2026-07-15T02:00:00+00:00,SG,Singapore,1.3521,103.8198,Equatorial Rainforest,67.53,Stratocumulus,0.3741,7.34,93.03,19.19,1010.49,0.5,2952.5
2026-07-15T03:00:00+00:00,SG,Singapore,1.3521,103.8198,Equatorial Rainforest,67.52,Stratocumulus,0.4783,6.064,85.64,21.55,1010.26,0.5,1937.9
2026-07-15T04:00:00+00:00,SG,Singapore,1.3521,103.8198,Equatorial Rainforest,62.19,Stratocumulus,0.6086,13.968,86.1,20.87,1010.44,0.5,2634.2
2026-07-15T05:00:00+00:00,SG,Singapore,1.3521,103.8198,Equatorial Rainforest,58.01,Cumulus,0.5855,8.259,88.28,20.2,1011.02,0.5,2355.3
2026-07-15T06:00:00+00:00,SG,Singapore,1.3521,103.8198,Equatorial Rainforest,54.9,Cumulus,0.4177,9.307,90.07,22.11,1011.89,0.5,1224.8
2026-07-15T07:00:00+00:00,SG,Singapore,1.3521,103.8198,Equatorial Rainforest,46.62,Cumulus,0.3429,2.234,90.86,24.82,1014.07,0.5,6008.6
2026-07-15T08:00:00+00:00,SG,Singapore,1.3521,103.8198,Equatorial Rainforest,54.18,Cumulus,0.5231,16.649,79.25,25.87,1013.69,0.5,2341.0
2026-07-15T09:00:00+00:00,SG,Singapore,1.3521,103.8198,Equatorial Rainforest,55.26,Cumulus,0.6091,17.007,79.03,27.18,1012.44,0.5,2002.6
2026-07-15T10:00:00+00:00,SG,Singapore,1.3521,103.8198,Equatorial Rainforest,53.35,Altocumulus,0.4132,5.834,76.29,27.81,1014.12,0.5,2902.6
2026-07-15T11:00:00+00:00,SG,Singapore,1.3521,103.8198,Equatorial Rainforest,49.44,Cirrus,0.2863,2.068,77.32,27.25,1012.42,0.5,4751.5
2026-07-15T12:00:00+00:00,SG,Singapore,1.3521,103.8198,Equatorial Rainforest,49.53,Altocumulus,0.1689,1.033,78.11,27.48,1012.68,0.5,6033.5
2026-07-15T13:00:00+00:00,SG,Singapore,1.3521,103.8198,Equatorial Rainforest,48.57,Cirrus,0.2433,2.368,74.58,27.71,1013.52,0.5,3901.0
2026-07-15T14:00:00+00:00,SG,Singapore,1.3521,103.8198,Equatorial Rainforest,49.42,Altocumulus,0.218,5.128,79.41,27.24,1014.81,0.5,5214.3
2026-07-15T15:00:00+00:00,SG,Singapore,1.3521,103.8198,Equatorial Rainforest,45.36,Cirrus,0.1895,3.859,83.46,26.84,1014.05,0.5,8079.0
2026-07-15T16:00:00+00:00,SG,Singapore,1.3521,103.8198,Equatorial Rainforest,51.69,Stratocumulus,0.408,8.807,83.4,27.1,1012.53,0.5,2249.3
2026-07-15T17:00:00+00:00,SG,Singapore,1.3521,103.8198,Equatorial Rainforest,49.9,Altocumulus,0.212,2.684,79.42,24.23,1015.12,0.5,6823.8
2026-07-15T18:00:00+00:00,SG,Singapore,1.3521,103.8198,Equatorial Rainforest,42.71,Cirrus,0.2374,1.666,89.63,23.36,1014.48,0.5,7410.2
2026-07-15T19:00:00+00:00,SG,Singapore,1.3521,103.8198,Equatorial Rainforest,41.93,Cumulus,0.3576,4.014,92.26,20.91,1015.26,0.5,8417.6
2026-07-15T20:00:00+00:00,SG,Singapore,1.3521,103.8198,Equatorial Rainforest,49.47,Cirrus,0.2367,5.41,88.24,22.14,1014.93,0.5,4908.8
2026-07-15T21:00:00+00:00,SG,Singapore,1.3521,103.8198,Equatorial Rainforest,50.42,Altocumulus,0.3764,9.958,91.78,17.78,1013.39,0.5,2485.4
2026-07-15T22:00:00+00:00,SG,Singapore,1.3521,103.8198,Equatorial Rainforest,47.83,Altocumulus,0.3702,2.53,93.45,18.83,1012.09,0.5,7293.4
2026-07-15T23:00:00+00:00,SG,Singapore,1.3521,103.8198,Equatorial Rainforest,53.78,Stratocumulus,0.5649,13.648,90.85,19.82,1011.29,0.5,1368.1
2026-07-16T00:00:00+00:00,SG,Singapore,1.3521,103.8198,Equatorial Rainforest,43.52,Altocumulus,0.176,3.676,89.23,19.66,1015.13,0.5,8187.2
2026-07-16T01:00:00+00:00,SG,Singapore,1.3521,103.8198,Equatorial Rainforest,43.65,Cirrus,0.311,2.849,93.11,16.54,1014.77,0.5,3611.3
2026-07-16T02:00:00+00:00,SG,Singapore,1.3521,103.8198,Equatorial Rainforest,42.6,Altocumulus,0.2054,5.999,90.58,19.79,1015.34,0.5,7578.1
2026-07-16T03:00:00+00:00,SG,Singapore,1.3521,103.8198,Equatorial Rainforest,47.39,Cumulus,0.2278,1.396,87.46,21.41,1015.18,0.5,4336.3
2026-07-16T04:00:00+00:00,SG,Singapore,1.3521,103.8198,Equatorial Rainforest,48.93,Cirrus,0.2893,2.402,87.04,20.66,1015.84,0.5,4089.5
2026-07-16T05:00:00+00:00,SG,Singapore,1.3521,103.8198,Equatorial Rainforest,51.89,Altocumulus,0.646,10.936,89.3,23.18,1012.98,0.5,2639.6
2026-07-16T06:00:00+00:00,SG,Singapore,1.3521,103.8198,Equatorial Rainforest,55.68,Cumulus,0.5966,12.05,80.31,24.83,1012.91,0.5,2578.1
2026-07-16T07:00:00+00:00,SG,Singapore,1.3521,103.8198,Equatorial Rainforest,56.01,Stratocumulus,0.4509,8.239,83.94,24.2,1011.42,0.5,1051.9
2026-07-16T08:00:00+00:00,SG,Singapore,1.3521,103.8198,Equatorial Rainforest,56.23,Stratocumulus,0.4513,17.637,82.69,26.12,1012.26,0.5,1335.6
2026-07-16T09:00:00+00:00,SG,Singapore,1.3521,103.8198,Equatorial Rainforest,53.65,Cumulus,0.6099,5.86,80.59,24.67,1015.7,0.5,1314.3
2026-07-16T10:00:00+00:00,SG,Singapore,1.3521,103.8198,Equatorial Rainforest,54.4,Altocumulus,0.4405,11.929,72.42,27.57,1012.73,0.5,2586.7
2026-07-16T11:00:00+00:00,SG,Singapore,1.3521,103.8198,Equatorial Rainforest,61.22,Cumulus,0.4493,8.569,75.31,27.65,1011.76,0.5,1784.3
2026-07-16T12:00:00+00:00,SG,Singapore,1.3521,103.8198,Equatorial Rainforest,60.07,Cumulus,0.4082,14.189,83.41,26.34,1008.87,0.5,1375.8
2026-07-16T13:00:00+00:00,SG,Singapore,1.3521,103.8198,Equatorial Rainforest,53.73,Altocumulus,0.3911,13.037,77.41,29.16,1012.3,0.5,2397.0
2026-07-16T14:00:00+00:00,SG,Singapore,1.3521,103.8198,Equatorial Rainforest,54.65,Stratocumulus,0.554,10.493,76.98,29.7,1013.27,0.5,2912.1
2026-07-16T15:00:00+00:00,SG,Singapore,1.3521,103.8198,Equatorial Rainforest,62.65,Stratocumulus,0.582,14.751,84.98,29.21,1011.93,0.5,1088.3
2026-07-16T16:00:00+00:00,SG,Singapore,1.3521,103.8198,Equatorial Rainforest,66.86,Cumulus,0.6264,5.867,81.89,27.63,1009.84,0.5,2436.3
2026-07-16T17:00:00+00:00,SG,Singapore,1.3521,103.8198,Equatorial Rainforest,67.19,Stratocumulus,0.4637,12.733,80.47,24.5,1012.25,0.5,2771.3
2026-07-16T18:00:00+00:00,SG,Singapore,1.3521,103.8198,Equatorial Rainforest,63.06,Cumulus,0.5311,8.34,81.23,22.86,1014.17,0.5,1114.3
2026-07-16T19:00:00+00:00,SG,Singapore,1.3521,103.8198,Equatorial Rainforest,57.75,Altocumulus,0.5145,5.731,87.72,22.62,1010.06,0.5,1026.0
2026-07-16T20:00:00+00:00,SG,Singapore,1.3521,103.8198,Equatorial Rainforest,67.61,Stratocumulus,0.5528,7.317,88.65,21.98,1013.48,0.5,1456.8
2026-07-16T21:00:00+00:00,SG,Singapore,1.3521,103.8198,Equatorial Rainforest,58.26,Stratocumulus,0.5808,16.313,85.56,20.79,1013.65,0.5,2880.9
2026-07-16T22:00:00+00:00,SG,Singapore,1.3521,103.8198,Equatorial Rainforest,74.79,Altocumulus,0.602,15.491,96.42,18.77,1008.4,0.5,1237.1
2026-07-16T23:00:00+00:00,SG,Singapore,1.3521,103.8198,Equatorial Rainforest,70.3,Cumulus,0.3534,5.499,90.23,19.86,1010.0,0.5,2800.1
2026-07-17T00:00:00+00:00,SG,Singapore,1.3521,103.8198,Equatorial Rainforest,72.21,Cumulus,0.3985,12.325,90.37,19.18,1010.72,0.5,1268.4
2026-07-17T01:00:00+00:00,SG,Singapore,1.3521,103.8198,Equatorial Rainforest,79.53,Stratocumulus,0.3818,7.73,90.72,19.78,1009.21,0.5,1861.6
2026-07-17T02:00:00+00:00,SG,Singapore,1.3521,103.8198,Equatorial Rainforest,81.34,Deep Convection,0.8747,28.085,85.83,21.08,1012.36,0.5,487.8
2026-07-17T03:00:00+00:00,SG,Singapore,1.3521,103.8198,Equatorial Rainforest,75.83,Stratocumulus,0.5015,7.056,95.21,19.39,1009.94,0.5,1836.6
2026-07-17T04:00:00+00:00,SG,Singapore,1.3521,103.8198,Equatorial Rainforest,87.08,Deep Convection,0.93,38.88,88.79,21.63,1007.39,0.5,890.1
2026-07-17T05:00:00+00:00,SG,Singapore,1.3521,103.8198,Equatorial Rainforest,84.94,Stratocumulus,0.6192,6.319,74.75,19.98,1009.02,0.5,1429.2
2026-07-17T06:00:00+00:00,SG,Singapore,1.3521,103.8198,Equatorial Rainforest,83.44,Deep Convection,0.9334,42.824,82.78,23.15,1008.7,0.5,1147.1
2026-07-17T07:00:00+00:00,SG,Singapore,1.3521,103.8198,Equatorial Rainforest,89.07,Deep Convection,0.8691,43.014,85.58,26.37,1008.34,0.5,993.9
2026-07-17T08:00:00+00:00,SG,Singapore,1.3521,103.8198,Equatorial Rainforest,80.46,Deep Convection,0.8056,22.328,87.97,24.91,1009.23,0.5,789.3
2026-07-17T09:00:00+00:00,SG,Singapore,1.3521,103.8198,Equatorial Rainforest,82.25,Deep Convection,0.7927,41.229,79.78,25.42,1008.06,0.5,690.9
2026-07-17T10:00:00+00:00,SG,Singapore,1.3521,103.8198,Equatorial Rainforest,76.55,Stratocumulus,0.5665,12.951,77.77,27.38,1009.36,0.5,2834.4
2026-07-17T11:00:00+00:00,SG,Singapore,1.3521,103.8198,Equatorial Rainforest,94.18,Deep Convection,0.8058,35.89,77.65,28.6,1006.26,0.5,790.5
2026-07-17T12:00:00+00:00,SG,Singapore,1.3521,103.8198,Equatorial Rainforest,78.14,Cumulus,0.6207,14.258,69.68,28.72,1010.06,0.5,1314.5
2026-07-17T13:00:00+00:00,SG,Singapore,1.3521,103.8198,Equatorial Rainforest,79.81,Altocumulus,0.4632,14.779,75.29,27.93,1006.92,0.5,2623.9
2026-07-17T14:00:00+00:00,SG,Singapore,1.3521,103.8198,Equatorial Rainforest,83.53,Deep Convection,0.8024,26.433,81.88,28.78,1006.37,0.5,1045.2
2026-07-17T15:00:00+00:00,SG,Singapore,1.3521,103.8198,Equatorial Rainforest,81.82,Deep Convection,0.8458,33.029,82.15,28.65,1005.88,0.5,425.9
2026-07-17T16:00:00+00:00,SG,Singapore,1.3521,103.8198,Equatorial Rainforest,81.11,Deep Convection,0.7214,17.68,81.81,25.07,1009.32,0.5,878.6
2026-07-17T17:00:00+00:00,SG,Singapore,1.3521,103.8198,Equatorial Rainforest,86.5,Deep Convection,0.7938,34.957,78.55,26.09,1007.7,0.5,418.0
2026-07-17T18:00:00+00:00,SG,Singapore,1.3521,103.8198,Equatorial Rainforest,83.29,Deep Convection,0.872,40.689,86.58,22.58,1006.72,0.5,915.7
2026-07-17T19:00:00+00:00,SG,Singapore,1.3521,103.8198,Equatorial Rainforest,87.58,Deep Convection,0.7922,41.79,88.62,22.03,1005.39,0.5,721.0
2026-07-17T20:00:00+00:00,SG,Singapore,1.3521,103.8198,Equatorial Rainforest,82.69,Deep Convection,0.8019,39.201,90.91,21.4,1008.94,0.5,420.1
2026-07-17T21:00:00+00:00,SG,Singapore,1.3521,103.8198,Equatorial Rainforest,86.74,Deep Convection,0.8157,44.038,85.93,19.14,1006.62,0.5,1117.4
2026-07-17T22:00:00+00:00,SG,Singapore,1.3521,103.8198,Equatorial Rainforest,82.37,Nimbostratus,0.9192,28.36,89.88,17.62,1008.26,0.5,1124.7
2026-07-17T23:00:00+00:00,SG,Singapore,1.3521,103.8198,Equatorial Rainforest,84.5,Deep Convection,0.6624,29.725,87.23,19.91,1007.43,0.5,808.8
2026-07-18T00:00:00+00:00,SG,Singapore,1.3521,103.8198,Equatorial Rainforest,79.87,Cumulus,0.4074,14.61,90.86,18.8,1009.51,0.5,1656.9
2026-07-18T01:00:00+00:00,SG,Singapore,1.3521,103.8198,Equatorial Rainforest,81.49,Deep Convection,0.8036,19.872,90.0,18.5,1008.26,0.5,1063.6
2026-07-18T02:00:00+00:00,SG,Singapore,1.3521,103.8198,Equatorial Rainforest,82.09,Deep Convection,0.8146,35.065,90.1,19.58,1007.73,0.5,664.3
2026-07-18T03:00:00+00:00,SG,Singapore,1.3521,103.8198,Equatorial Rainforest,76.84,Altocumulus,0.6375,13.949,96.72,20.16,1010.02,0.5,2030.6
2026-07-18T04:00:00+00:00,SG,Singapore,1.3521,103.8198,Equatorial Rainforest,77.61,Stratocumulus,0.62,16.741,90.23,19.81,1006.67,0.5,1011.9
2026-07-18T05:00:00+00:00,SG,Singapore,1.3521,103.8198,Equatorial Rainforest,74.8,Altocumulus,0.4,13.629,85.13,21.84,1007.69,0.5,1957.2
2026-07-18T06:00:00+00:00,SG,Singapore,1.3521,103.8198,Equatorial Rainforest,74.91,Altocumulus,0.5102,12.159,81.99,23.28,1007.84,0.5,2130.3
2026-07-18T07:00:00+00:00,SG,Singapore,1.3521,103.8198,Equatorial Rainforest,79.72,Stratocumulus,0.3594,9.091,84.86,24.05,1007.62,0.5,2047.0
2026-07-18T08:00:00+00:00,SG,Singapore,1.3521,103.8198,Equatorial Rainforest,76.59,Altocumulus,0.3986,17.031,79.68,25.72,1010.96,0.5,1157.5
2026-07-18T09:00:00+00:00,SG,Singapore,1.3521,103.8198,Equatorial Rainforest,76.36,Cumulus,0.6207,16.446,78.43,27.09,1011.53,0.5,1543.4
2026-07-18T10:00:00+00:00,SG,Singapore,1.3521,103.8198,Equatorial Rainforest,76.95,Stratocumulus,0.5701,12.344,76.25,28.87,1009.89,0.5,1134.1
2026-07-18T11:00:00+00:00,SG,Singapore,1.3521,103.8198,Equatorial Rainforest,68.32,Altocumulus,0.5389,15.863,81.58,31.11,1012.06,0.5,2823.5
2026-07-18T12:00:00+00:00,SG,Singapore,1.3521,103.8198,Equatorial Rainforest,64.64,Stratocumulus,0.5022,12.811,77.44,30.19,1012.69,0.5,2587.2
2026-07-18T13:00:00+00:00,SG,Singapore,1.3521,103.8198,Equatorial Rainforest,58.15,Stratocumulus,0.5513,11.772,78.76,27.62,1008.89,0.5,2273.5
2026-07-18T14:00:00+00:00,SG,Singapore,1.3521,103.8198,Equatorial Rainforest,71.2,Stratocumulus,0.4043,13.296,76.84,26.76,1013.52,0.5,2770.8
2026-07-18T15:00:00+00:00,SG,Singapore,1.3521,103.8198,Equatorial Rainforest,71.73,Stratocumulus,0.6044,14.117,81.95,25.78,1007.02,0.5,2672.1
2026-07-18T16:00:00+00:00,SG,Singapore,1.3521,103.8198,Equatorial Rainforest,59.88,Stratocumulus,0.5004,17.421,82.45,25.94,1009.66,0.5,1037.3
2026-07-18T17:00:00+00:00,SG,Singapore,1.3521,103.8198,Equatorial Rainforest,62.5,Stratocumulus,0.5103,16.782,82.59,25.01,1015.23,0.5,1669.3
2026-07-18T18:00:00+00:00,SG,Singapore,1.3521,103.8198,Equatorial Rainforest,63.15,Stratocumulus,0.4997,8.528,84.9,23.21,1007.2,0.5,1834.4
2026-07-18T19:00:00+00:00,SG,Singapore,1.3521,103.8198,Equatorial Rainforest,56.01,Altocumulus,0.4661,5.22,86.33,22.99,1012.8,0.5,1040.2
2026-07-18T20:00:00+00:00,SG,Singapore,1.3521,103.8198,Equatorial Rainforest,60.3,Cumulus,0.437,16.377,90.29,20.91,1011.37,0.5,2342.9
2026-07-18T21:00:00+00:00,SG,Singapore,1.3521,103.8198,Equatorial Rainforest,67.94,Cumulus,0.487,9.701,93.72,19.82,1010.0,0.5,2483.6
2026-07-18T22:00:00+00:00,SG,Singapore,1.3521,103.8198,Equatorial Rainforest,68.3,Cumulus,0.4818,7.481,89.75,18.92,1008.53,0.5,2237.5
2026-07-18T23:00:00+00:00,SG,Singapore,1.3521,103.8198,Equatorial Rainforest,68.52,Cumulus,0.5586,10.283,89.72,18.46,1011.06,0.5,2799.1
2026-07-19T00:00:00+00:00,SG,Singapore,1.3521,103.8198,Equatorial Rainforest,64.35,Stratocumulus,0.5115,17.487,91.55,18.28,1011.5,0.5,1865.4
2026-07-19T01:00:00+00:00,SG,Singapore,1.3521,103.8198,Equatorial Rainforest,65.24,Cumulus,0.3695,14.682,94.88,19.74,1012.71,0.5,1745.1
2026-07-19T02:00:00+00:00,SG,Singapore,1.3521,103.8198,Equatorial Rainforest,61.27,Cumulus,0.5597,15.369,91.58,18.03,1012.21,0.5,2076.4
2026-07-19T03:00:00+00:00,SG,Singapore,1.3521,103.8198,Equatorial Rainforest,59.15,Altocumulus,0.3645,17.055,89.79,20.84,1011.69,0.5,1661.2
2026-07-19T04:00:00+00:00,SG,Singapore,1.3521,103.8198,Equatorial Rainforest,64.19,Stratocumulus,0.5799,11.087,89.16,20.07,1010.35,0.5,2089.7
2026-07-19T05:00:00+00:00,SG,Singapore,1.3521,103.8198,Equatorial Rainforest,52.87,Stratocumulus,0.4855,14.099,88.45,22.01,1013.49,0.5,2244.7
2026-07-19T06:00:00+00:00,SG,Singapore,1.3521,103.8198,Equatorial Rainforest,65.75,Cumulus,0.5247,14.956,84.67,25.21,1009.92,0.5,1367.0
2026-07-19T07:00:00+00:00,SG,Singapore,1.3521,103.8198,Equatorial Rainforest,60.49,Altocumulus,0.4668,14.524,86.73,23.6,1013.97,0.5,1776.3
2026-07-19T08:00:00+00:00,SG,Singapore,1.3521,103.8198,Equatorial Rainforest,66.53,Cumulus,0.3619,8.435,83.07,24.03,1012.06,0.5,2023.3
2026-07-19T09:00:00+00:00,SG,Singapore,1.3521,103.8198,Equatorial Rainforest,57.51,Stratocumulus,0.3769,6.478,80.63,27.14,1012.76,0.5,2414.0
2026-07-19T10:00:00+00:00,SG,Singapore,1.3521,103.8198,Equatorial Rainforest,69.1,Cumulus,0.4582,10.118,81.86,29.91,1008.6,0.5,1517.4
2026-07-19T11:00:00+00:00,SG,Singapore,1.3521,103.8198,Equatorial Rainforest,73.92,Stratocumulus,0.6079,14.832,75.63,29.43,1009.58,0.5,1014.6
2026-07-19T12:00:00+00:00,SG,Singapore,1.3521,103.8198,Equatorial Rainforest,76.72,Cumulus,0.5153,12.381,76.59,29.65,1009.83,0.5,1360.9
2026-07-19T13:00:00+00:00,SG,Singapore,1.3521,103.8198,Equatorial Rainforest,78.49,Stratocumulus,0.4824,9.82,77.15,29.7,1007.05,0.5,2011.6
2026-07-19T14:00:00+00:00,SG,Singapore,1.3521,103.8198,Equatorial Rainforest,70.77,Stratocumulus,0.4407,14.564,77.99,28.26,1008.39,0.5,1470.3
2026-07-19T15:00:00+00:00,SG,Singapore,1.3521,103.8198,Equatorial Rainforest,76.62,Stratocumulus,0.4018,15.1,77.99,26.73,1010.73,0.5,2787.9
2026-07-19T16:00:00+00:00,SG,Singapore,1.3521,103.8198,Equatorial Rainforest,68.12,Altocumulus,0.4261,12.368,83.1,25.37,1009.96,0.5,2060.1
2026-07-19T17:00:00+00:00,SG,Singapore,1.3521,103.8198,Equatorial Rainforest,77.94,Stratocumulus,0.4158,10.479,80.36,25.13,1009.87,0.5,1639.5
2026-07-19T18:00:00+00:00,SG,Singapore,1.3521,103.8198,Equatorial Rainforest,77.86,Cumulus,0.484,12.659,81.09,23.63,1010.37,0.5,1174.2
2026-07-19T19:00:00+00:00,SG,Singapore,1.3521,103.8198,Equatorial Rainforest,74.06,Cumulus,0.6169,7.595,81.55,19.83,1007.21,0.5,1890.1
2026-07-19T20:00:00+00:00,SG,Singapore,1.3521,103.8198,Equatorial Rainforest,80.67,Deep Convection,0.8015,44.256,86.1,20.81,1006.02,0.5,530.5
2026-07-19T21:00:00+00:00,SG,Singapore,1.3521,103.8198,Equatorial Rainforest,76.76,Altocumulus,0.4981,14.381,84.18,19.66,1008.8,0.5,2246.7
2026-07-19T22:00:00+00:00,SG,Singapore,1.3521,103.8198,Equatorial Rainforest,90.61,Nimbostratus,0.9279,44.622,94.34,17.33,1005.92,0.5,757.4
2026-07-19T23:00:00+00:00,SG,Singapore,1.3521,103.8198,Equatorial Rainforest,83.93,Deep Convection,0.7325,40.43,90.37,19.18,1007.19,0.5,697.0
2026-07-20T00:00:00+00:00,SG,Singapore,1.3521,103.8198,Equatorial Rainforest,90.38,Nimbostratus,0.8112,40.148,87.75,17.63,1005.88,0.5,772.6
2026-07-20T01:00:00+00:00,SG,Singapore,1.3521,103.8198,Equatorial Rainforest,83.64,Deep Convection,0.924,28.704,96.0,19.04,1007.11,0.5,473.7
2026-07-20T02:00:00+00:00,SG,Singapore,1.3521,103.8198,Equatorial Rainforest,85.58,Deep Convection,0.9085,25.572,92.22,18.17,1007.07,0.5,887.1
2026-07-20T03:00:00+00:00,SG,Singapore,1.3521,103.8198,Equatorial Rainforest,87.82,Deep Convection,0.8131,36.35,92.32,19.38,1004.65,0.5,1150.4
2026-07-20T04:00:00+00:00,SG,Singapore,1.3521,103.8198,Equatorial Rainforest,90.78,Deep Convection,0.8733,44.998,83.75,23.1,1009.27,0.5,1133.9
2026-07-20T05:00:00+00:00,SG,Singapore,1.3521,103.8198,Equatorial Rainforest,86.31,Deep Convection,0.7024,19.365,87.45,20.05,1007.73,0.5,701.0
2026-07-20T06:00:00+00:00,SG,Singapore,1.3521,103.8198,Equatorial Rainforest,91.63,Deep Convection,0.8588,28.184,85.88,24.65,1008.37,0.5,421.8
2026-07-20T07:00:00+00:00,SG,Singapore,1.3521,103.8198,Equatorial Rainforest,86.12,Deep Convection,0.7163,27.406,86.46,25.58,1008.23,0.5,421.2
2026-07-20T08:00:00+00:00,SG,Singapore,1.3521,103.8198,Equatorial Rainforest,100.0,Deep Convection,0.7301,38.403,80.49,26.59,1007.67,0.5,490.7
2026-07-20T09:00:00+00:00,SG,Singapore,1.3521,103.8198,Equatorial Rainforest,97.5,Deep Convection,0.8742,43.898,79.22,27.21,1004.39,0.5,703.4
2026-07-20T10:00:00+00:00,SG,Singapore,1.3521,103.8198,Equatorial Rainforest,93.2,Deep Convection,0.715,18.519,80.16,27.81,1006.97,0.5,1177.6
2026-07-20T11:00:00+00:00,SG,Singapore,1.3521,103.8198,Equatorial Rainforest,95.36,Deep Convection,0.6659,23.075,82.03,28.96,1004.52,0.5,873.2
2026-07-20T12:00:00+00:00,SG,Singapore,1.3521,103.8198,Equatorial Rainforest,97.89,Deep Convection,0.8324,29.013,77.44,28.8,1007.48,0.5,686.1
2026-07-20T13:00:00+00:00,SG,Singapore,1.3521,103.8198,Equatorial Rainforest,89.65,Deep Convection,0.8304,28.616,79.67,27.85,1007.92,0.5,453.2
2026-07-20T14:00:00+00:00,SG,Singapore,1.3521,103.8198,Equatorial Rainforest,89.88,Deep Convection,0.9464,24.221,78.56,27.86,1007.65,0.5,763.6
2026-07-20T15:00:00+00:00,SG,Singapore,1.3521,103.8198,Equatorial Rainforest,86.24,Deep Convection,0.7673,15.296,79.61,24.97,1007.83,0.5,596.5
2026-07-20T16:00:00+00:00,SG,Singapore,1.3521,103.8198,Equatorial Rainforest,98.17,Deep Convection,0.7972,37.475,76.36,24.62,1002.97,0.5,659.8
2026-07-20T17:00:00+00:00,SG,Singapore,1.3521,103.8198,Equatorial Rainforest,99.8,Deep Convection,0.7165,44.294,82.06,24.46,1007.11,0.5,1167.6
2026-07-20T18:00:00+00:00,SG,Singapore,1.3521,103.8198,Equatorial Rainforest,90.99,Deep Convection,0.8222,39.779,81.66,24.8,1005.49,0.5,465.9
2026-07-20T19:00:00+00:00,SG,Singapore,1.3521,103.8198,Equatorial Rainforest,92.52,Deep Convection,0.8861,29.246,86.26,21.04,1004.26,0.5,932.0
2026-07-20T20:00:00+00:00,SG,Singapore,1.3521,103.8198,Equatorial Rainforest,86.63,Deep Convection,0.936,29.864,93.63,21.78,1008.73,0.5,596.9
2026-07-20T21:00:00+00:00,SG,Singapore,1.3521,103.8198,Equatorial Rainforest,92.93,Deep Convection,0.7919,24.501,91.38,19.86,1007.79,0.5,542.4
2026-07-20T22:00:00+00:00,SG,Singapore,1.3521,103.8198,Equatorial Rainforest,95.31,Deep Convection,0.7894,20.025,95.09,20.46,1005.28,0.5,1176.0
2026-07-20T23:00:00+00:00,SG,Singapore,1.3521,103.8198,Equatorial Rainforest,89.39,Deep Convection,0.7484,39.799,93.07,20.7,1006.78,0.5,918.4
2026-07-21T00:00:00+00:00,SG,Singapore,1.3521,103.8198,Equatorial Rainforest,86.83,Deep Convection,0.8421,39.685,89.94,19.84,1008.78,0.5,782.6
2026-07-21T01:00:00+00:00,SG,Singapore,1.3521,103.8198,Equatorial Rainforest,90.42,Deep Convection,0.8006,34.343,98.88,18.87,1005.28,0.5,1123.0
2026-07-21T02:00:00+00:00,SG,Singapore,1.3521,103.8198,Equatorial Rainforest,75.72,Cumulus,0.4083,7.166,91.82,18.03,1011.21,0.5,2548.4
2026-07-21T03:00:00+00:00,SG,Singapore,1.3521,103.8198,Equatorial Rainforest,86.22,Deep Convection,0.9112,28.248,88.94,20.96,1008.69,0.5,844.7
2026-07-21T04:00:00+00:00,SG,Singapore,1.3521,103.8198,Equatorial Rainforest,81.87,Deep Convection,0.6814,35.39,88.83,22.66,1009.98,0.5,849.9
2026-07-21T05:00:00+00:00,SG,Singapore,1.3521,103.8198,Equatorial Rainforest,83.11,Deep Convection,0.6505,41.052,89.07,22.56,1011.31,0.5,662.0
2026-07-21T06:00:00+00:00,SG,Singapore,1.3521,103.8198,Equatorial Rainforest,82.72,Deep Convection,0.9425,22.189,78.55,22.03,1007.35,0.5,998.1
2026-07-21T07:00:00+00:00,SG,Singapore,1.3521,103.8198,Equatorial Rainforest,86.1,Deep Convection,0.8602,22.161,83.04,25.15,1007.43,0.5,683.6
2026-07-21T08:00:00+00:00,SG,Singapore,1.3521,103.8198,Equatorial Rainforest,73.78,Cumulus,0.3779,8.165,80.87,26.18,1005.51,0.5,1050.8
2026-07-21T09:00:00+00:00,SG,Singapore,1.3521,103.8198,Equatorial Rainforest,72.83,Altocumulus,0.5898,15.539,78.76,28.06,1008.69,0.5,1812.6
2026-07-21T10:00:00+00:00,SG,Singapore,1.3521,103.8198,Equatorial Rainforest,80.51,Deep Convection,0.8616,43.34,80.72,27.54,1006.26,0.5,897.1
2026-07-21T11:00:00+00:00,SG,Singapore,1.3521,103.8198,Equatorial Rainforest,80.42,Deep Convection,0.9367,22.799,75.27,29.5,1008.98,0.5,643.0
2026-07-21T12:00:00+00:00,SG,Singapore,1.3521,103.8198,Equatorial Rainforest,73.04,Cumulus,0.4405,10.911,73.52,27.11,1008.58,0.5,1529.7
2026-07-21T13:00:00+00:00,SG,Singapore,1.3521,103.8198,Equatorial Rainforest,69.93,Cumulus,0.4047,15.382,77.68,29.49,1008.52,0.5,2144.4
2026-07-21T14:00:00+00:00,SG,Singapore,1.3521,103.8198,Equatorial Rainforest,70.18,Stratocumulus,0.4514,16.131,78.44,28.22,1008.26,0.5,1427.8
2026-07-21T15:00:00+00:00,SG,Singapore,1.3521,103.8198,Equatorial Rainforest,68.1,Stratocumulus,0.6424,16.063,76.69,28.01,1010.63,0.5,2569.0
2026-07-21T16:00:00+00:00,SG,Singapore,1.3521,103.8198,Equatorial Rainforest,57.77,Altocumulus,0.5635,16.276,86.47,26.49,1013.28,0.5,2165.4
2026-07-21T17:00:00+00:00,SG,Singapore,1.3521,103.8198,Equatorial Rainforest,67.69,Cumulus,0.6422,12.356,84.55,23.66,1009.66,0.5,2557.5
2026-07-21T18:00:00+00:00,SG,Singapore,1.3521,103.8198,Equatorial Rainforest,78.87,Stratocumulus,0.488,8.775,80.81,23.28,1010.32,0.5,1486.6
2026-07-21T19:00:00+00:00,SG,Singapore,1.3521,103.8198,Equatorial Rainforest,66.91,Stratocumulus,0.6096,6.088,83.57,21.74,1010.85,0.5,2822.4
2026-07-21T20:00:00+00:00,SG,Singapore,1.3521,103.8198,Equatorial Rainforest,60.81,Cumulus,0.4368,13.687,89.38,22.69,1011.57,0.5,1591.6
2026-07-21T21:00:00+00:00,SG,Singapore,1.3521,103.8198,Equatorial Rainforest,64.81,Cumulus,0.5269,10.712,89.17,18.69,1013.13,0.5,2285.3
2026-07-21T22:00:00+00:00,SG,Singapore,1.3521,103.8198,Equatorial Rainforest,62.18,Cumulus,0.6074,6.244,100.0,18.53,1013.35,0.5,2790.8
2026-07-21T23:00:00+00:00,SG,Singapore,1.3521,103.8198,Equatorial Rainforest,65.86,Altocumulus,0.6459,13.761,89.19,17.85,1012.55,0.5,1014.6
2026-07-22T00:00:00+00:00,SG,Singapore,1.3521,103.8198,Equatorial Rainforest,62.94,Altocumulus,0.4157,8.935,91.95,20.36,1011.43,0.5,2529.5
2026-07-22T01:00:00+00:00,SG,Singapore,1.3521,103.8198,Equatorial Rainforest,59.94,Stratocumulus,0.5093,17.542,89.11,18.55,1010.29,0.5,1138.8
2026-07-22T02:00:00+00:00,SG,Singapore,1.3521,103.8198,Equatorial Rainforest,59.29,Altocumulus,0.413,7.366,96.51,20.03,1011.32,0.5,1519.3
2026-07-22T03:00:00+00:00,SG,Singapore,1.3521,103.8198,Equatorial Rainforest,53.77,Stratocumulus,0.6284,16.795,87.1,18.79,1014.8,0.5,1413.8
2026-07-22T04:00:00+00:00,SG,Singapore,1.3521,103.8198,Equatorial Rainforest,43.76,Cumulus,0.199,2.367,89.72,20.16,1014.11,0.5,5734.0
2026-07-22T05:00:00+00:00,SG,Singapore,1.3521,103.8198,Equatorial Rainforest,51.22,Cumulus,0.5885,5.857,89.93,21.22,1012.36,0.5,2131.6
2026-07-22T06:00:00+00:00,SG,Singapore,1.3521,103.8198,Equatorial Rainforest,53.27,Altocumulus,0.3639,13.867,81.91,21.2,1011.64,0.5,2150.7
2026-07-22T07:00:00+00:00,SG,Singapore,1.3521,103.8198,Equatorial Rainforest,54.04,Stratocumulus,0.5143,11.102,83.6,23.2,1013.0,0.5,1840.9
2026-07-22T08:00:00+00:00,SG,Singapore,1.3521,103.8198,Equatorial Rainforest,53.27,Altocumulus,0.4982,16.893,81.73,25.4,1011.21,0.5,1480.1
2026-07-22T09:00:00+00:00,SG,Singapore,1.3521,103.8198,Equatorial Rainforest,49.99,Cumulus,0.2176,1.481,78.85,25.58,1010.82,0.5,8356.2
2026-07-22T10:00:00+00:00,SG,Singapore,1.3521,103.8198,Equatorial Rainforest,48.3,Cumulus,0.2606,4.075,82.15,27.76,1015.61,0.5,6844.7
2026-07-22T11:00:00+00:00,SG,Singapore,1.3521,103.8198,Equatorial Rainforest,61.95,Cumulus,0.4013,8.685,76.92,29.52,1013.35,0.5,1703.4
2026-07-22T12:00:00+00:00,SG,Singapore,1.3521,103.8198,Equatorial Rainforest,48.63,Cumulus,0.1969,4.108,78.59,30.49,1012.61,0.5,4788.9
2026-07-22T13:00:00+00:00,SG,Singapore,1.3521,103.8198,Equatorial Rainforest,53.61,Stratocumulus,0.3955,15.326,80.02,28.72,1014.48,0.5,1894.3
2026-07-22T14:00:00+00:00,SG,Singapore,1.3521,103.8198,Equatorial Rainforest,59.88,Altocumulus,0.3942,9.096,78.93,28.89,1008.26,0.5,2620.4
2026-07-22T15:00:00+00:00,SG,Singapore,1.3521,103.8198,Equatorial Rainforest,60.23,Altocumulus,0.4408,10.814,81.69,27.45,1009.69,0.5,2394.5
2026-07-22T16:00:00+00:00,SG,Singapore,1.3521,103.8198,Equatorial Rainforest,56.11,Cumulus,0.4057,6.581,84.79,25.21,1013.97,0.5,2423.0
2026-07-22T17:00:00+00:00,SG,Singapore,1.3521,103.8198,Equatorial Rainforest,60.65,Altocumulus,0.4074,14.335,80.2,23.45,1010.96,0.5,2310.3
2026-07-22T18:00:00+00:00,SG,Singapore,1.3521,103.8198,Equatorial Rainforest,58.37,Cumulus,0.4763,17.518,86.74,24.42,1010.36,0.5,2083.8
2026-07-22T19:00:00+00:00,SG,Singapore,1.3521,103.8198,Equatorial Rainforest,52.57,Cumulus,0.5936,12.821,88.23,22.15,1012.27,0.5,1047.4
2026-07-22T20:00:00+00:00,SG,Singapore,1.3521,103.8198,Equatorial Rainforest,65.39,Altocumulus,0.514,16.752,82.33,20.96,1010.21,0.5,2363.8
2026-07-22T21:00:00+00:00,SG,Singapore,1.3521,103.8198,Equatorial Rainforest,72.52,Cumulus,0.4327,5.802,84.64,18.96,1012.67,0.5,1655.7
2026-07-22T22:00:00+00:00,SG,Singapore,1.3521,103.8198,Equatorial Rainforest,62.7,Altocumulus,0.5564,8.148,92.01,19.37,1010.84,0.5,1815.4
2026-07-22T23:00:00+00:00,SG,Singapore,1.3521,103.8198,Equatorial Rainforest,69.74,Altocumulus,0.5855,15.013,94.14,18.82,1007.14,0.5,2969.7
2026-07-23T00:00:00+00:00,SG,Singapore,1.3521,103.8198,Equatorial Rainforest,68.13,Altocumulus,0.3533,12.473,93.55,18.32,1009.75,0.5,1671.1
2026-07-23T01:00:00+00:00,SG,Singapore,1.3521,103.8198,Equatorial Rainforest,62.64,Stratocumulus,0.3579,15.91,98.32,19.74,1013.57,0.5,2557.0
2026-07-23T02:00:00+00:00,SG,Singapore,1.3521,103.8198,Equatorial Rainforest,74.0,Cumulus,0.456,5.009,90.92,19.98,1008.28,0.5,2886.9
2026-07-23T03:00:00+00:00,SG,Singapore,1.3521,103.8198,Equatorial Rainforest,70.03,Altocumulus,0.3694,7.317,94.41,20.81,1009.35,0.5,2115.5
2026-07-23T04:00:00+00:00,SG,Singapore,1.3521,103.8198,Equatorial Rainforest,68.63,Cumulus,0.37,10.601,87.92,20.52,1008.19,0.5,2103.2
2026-07-23T05:00:00+00:00,SG,Singapore,1.3521,103.8198,Equatorial Rainforest,64.54,Altocumulus,0.5445,8.732,94.46,22.86,1013.14,0.5,1115.4
2026-07-23T06:00:00+00:00,SG,Singapore,1.3521,103.8198,Equatorial Rainforest,74.71,Cumulus,0.3872,6.207,86.21,23.54,1009.66,0.5,1930.8
2026-07-23T07:00:00+00:00,SG,Singapore,1.3521,103.8198,Equatorial Rainforest,73.32,Altocumulus,0.4913,13.24,82.47,27.2,1008.75,0.5,1390.1
2026-07-23T08:00:00+00:00,SG,Singapore,1.3521,103.8198,Equatorial Rainforest,74.68,Cumulus,0.6032,6.53,78.66,23.76,1012.59,0.5,2620.1
2026-07-23T09:00:00+00:00,SG,Singapore,1.3521,103.8198,Equatorial Rainforest,70.08,Stratocumulus,0.3795,5.398,78.45,25.24,1009.47,0.5,2752.9
2026-07-23T10:00:00+00:00,SG,Singapore,1.3521,103.8198,Equatorial Rainforest,69.88,Altocumulus,0.3813,7.767,78.65,26.07,1010.85,0.5,1375.1
2026-07-23T11:00:00+00:00,SG,Singapore,1.3521,103.8198,Equatorial Rainforest,69.22,Cumulus,0.4813,8.032,81.3,27.29,1011.65,0.5,2701.9
2026-07-23T12:00:00+00:00,SG,Singapore,1.3521,103.8198,Equatorial Rainforest,70.69,Stratocumulus,0.5909,12.568,77.62,28.21,1011.88,0.5,2498.9
2026-07-23T13:00:00+00:00,SG,Singapore,1.3521,103.8198,Equatorial Rainforest,75.79,Stratocumulus,0.5119,17.876,75.16,28.09,1011.08,0.5,1342.0
2026-07-23T14:00:00+00:00,SG,Singapore,1.3521,103.8198,Equatorial Rainforest,65.27,Cumulus,0.4338,15.331,77.79,28.58,1011.97,0.5,1790.3
2026-07-23T15:00:00+00:00,SG,Singapore,1.3521,103.8198,Equatorial Rainforest,79.27,Stratocumulus,0.5434,16.219,81.92,26.59,1008.13,0.5,2248.8
2026-07-23T16:00:00+00:00,SG,Singapore,1.3521,103.8198,Equatorial Rainforest,80.06,Deep Convection,0.8334,23.557,78.96,25.36,1009.26,0.5,1000.7
2026-07-23T17:00:00+00:00,SG,Singapore,1.3521,103.8198,Equatorial Rainforest,73.57,Altocumulus,0.4441,5.652,82.06,22.79,1006.97,0.5,1004.1
2026-07-23T18:00:00+00:00,SG,Singapore,1.3521,103.8198,Equatorial Rainforest,78.43,Altocumulus,0.6075,12.102,86.15,21.94,1006.13,0.5,1647.6
2026-07-23T19:00:00+00:00,SG,Singapore,1.3521,103.8198,Equatorial Rainforest,82.71,Deep Convection,0.7991,22.953,83.91,25.23,1008.89,0.5,435.1
2026-07-23T20:00:00+00:00,SG,Singapore,1.3521,103.8198,Equatorial Rainforest,70.45,Altocumulus,0.4585,5.524,91.02,26.05,1009.75,0.5,1850.1
2026-07-23T21:00:00+00:00,SG,Singapore,1.3521,103.8198,Equatorial Rainforest,70.6,Altocumulus,0.4117,13.608,90.95,19.55,1009.81,0.5,1926.9
2026-07-23T22:00:00+00:00,SG,Singapore,1.3521,103.8198,Equatorial Rainforest,80.09,Deep Convection,0.8021,16.263,93.57,19.96,1006.59,0.5,466.2
2026-07-23T23:00:00+00:00,SG,Singapore,1.3521,103.8198,Equatorial Rainforest,81.44,Nimbostratus,0.8155,21.097,86.77,17.4,1009.97,0.5,570.2
2026-07-24T00:00:00+00:00,SG,Singapore,1.3521,103.8198,Equatorial Rainforest,77.69,Cumulus,0.4213,14.201,90.16,18.57,1009.36,0.5,1606.3
2026-07-24T01:00:00+00:00,SG,Singapore,1.3521,103.8198,Equatorial Rainforest,64.37,Altocumulus,0.5342,13.32,92.78,19.68,1008.67,0.5,1118.7
2026-07-24T02:00:00+00:00,SG,Singapore,1.3521,103.8198,Equatorial Rainforest,76.45,Stratocumulus,0.3596,13.691,92.47,17.81,1009.66,0.5,2785.7
2026-07-24T03:00:00+00:00,SG,Singapore,1.3521,103.8198,Equatorial Rainforest,59.86,Cumulus,0.6418,15.06,96.54,19.76,1012.11,0.5,1874.0
2026-07-24T04:00:00+00:00,SG,Singapore,1.3521,103.8198,Equatorial Rainforest,65.22,Altocumulus,0.5627,15.071,95.8,20.39,1012.65,0.5,1186.7
2026-07-24T05:00:00+00:00,SG,Singapore,1.3521,103.8198,Equatorial Rainforest,71.24,Stratocumulus,0.6021,10.775,86.24,21.05,1009.47,0.5,2130.1
2026-07-24T06:00:00+00:00,SG,Singapore,1.3521,103.8198,Equatorial Rainforest,66.27,Cumulus,0.5467,8.91,86.59,22.13,1010.72,0.5,2359.7
2026-07-24T07:00:00+00:00,SG,Singapore,1.3521,103.8198,Equatorial Rainforest,76.52,Altocumulus,0.5912,7.33,85.69,22.9,1008.46,0.5,1958.5
2026-07-24T08:00:00+00:00,SG,Singapore,1.3521,103.8198,Equatorial Rainforest,71.39,Altocumulus,0.3592,6.828,81.79,25.17,1009.73,0.5,2797.6
2026-07-24T09:00:00+00:00,SG,Singapore,1.3521,103.8198,Equatorial Rainforest,68.77,Cumulus,0.5247,14.101,79.67,26.49,1009.13,0.5,1470.5
2026-07-24T10:00:00+00:00,SG,Singapore,1.3521,103.8198,Equatorial Rainforest,60.55,Cumulus,0.4364,13.921,77.84,26.38,1009.39,0.5,1123.9
2026-07-24T11:00:00+00:00,SG,Singapore,1.3521,103.8198,Equatorial Rainforest,66.29,Altocumulus,0.4412,7.034,80.79,28.7,1012.74,0.5,1227.3
2026-07-24T12:00:00+00:00,SG,Singapore,1.3521,103.8198,Equatorial Rainforest,55.23,Cumulus,0.5994,7.654,74.99,28.52,1014.02,0.5,1709.6
2026-07-24T13:00:00+00:00,SG,Singapore,1.3521,103.8198,Equatorial Rainforest,60.56,Altocumulus,0.37,9.937,80.96,26.2,1010.18,0.5,1019.3
2026-07-24T14:00:00+00:00,SG,Singapore,1.3521,103.8198,Equatorial Rainforest,60.54,Cumulus,0.5853,9.285,74.33,26.87,1014.63,0.5,1460.8
2026-07-24T15:00:00+00:00,SG,Singapore,1.3521,103.8198,Equatorial Rainforest,60.26,Altocumulus,0.4995,12.515,81.25,27.57,1012.63,0.5,2494.6
2026-07-24T16:00:00+00:00,SG,Singapore,1.3521,103.8198,Equatorial Rainforest,56.67,Stratocumulus,0.4374,8.527,82.16,25.12,1010.83,0.5,2852.1
2026-07-24T17:00:00+00:00,SG,Singapore,1.3521,103.8198,Equatorial Rainforest,53.38,Stratocumulus,0.6332,11.725,80.65,24.85,1011.9,0.5,2300.8
2026-07-24T18:00:00+00:00,SG,Singapore,1.3521,103.8198,Equatorial Rainforest,62.32,Altocumulus,0.397,13.088,86.67,23.54,1007.99,0.5,2434.7
2026-07-24T19:00:00+00:00,SG,Singapore,1.3521,103.8198,Equatorial Rainforest,49.99,Altocumulus,0.3181,2.926,89.3,24.27,1012.33,0.5,3886.2
2026-07-24T20:00:00+00:00,SG,Singapore,1.3521,103.8198,Equatorial Rainforest,47.0,Cumulus,0.3391,1.338,84.2,23.95,1014.58,0.5,5211.5
2026-07-24T21:00:00+00:00,SG,Singapore,1.3521,103.8198,Equatorial Rainforest,43.32,Cirrus,0.23,2.838,87.9,21.33,1015.5,0.5,7298.9
2026-07-24T22:00:00+00:00,SG,Singapore,1.3521,103.8198,Equatorial Rainforest,57.3,Stratocumulus,0.3901,9.298,87.62,18.52,1012.85,0.5,1197.3
2026-07-24T23:00:00+00:00,SG,Singapore,1.3521,103.8198,Equatorial Rainforest,46.89,Cirrus,0.3016,5.604,93.06,17.55,1014.02,0.5,4924.6
2026-07-25T00:00:00+00:00,SG,Singapore,1.3521,103.8198,Equatorial Rainforest,49.69,Cirrus,0.1913,3.051,95.98,17.41,1010.4,0.5,6138.8
2026-07-25T01:00:00+00:00,SG,Singapore,1.3521,103.8198,Equatorial Rainforest,47.54,Altocumulus,0.3147,1.472,89.22,19.42,1015.11,0.5,4209.0
2026-07-25T02:00:00+00:00,SG,Singapore,1.3521,103.8198,Equatorial Rainforest,46.06,Cirrus,0.2318,2.245,86.18,18.8,1012.9,0.5,7324.8
2026-07-25T03:00:00+00:00,SG,Singapore,1.3521,103.8198,Equatorial Rainforest,42.97,Cirrus,0.2346,3.8,89.05,20.59,1015.35,0.5,5139.0
2026-07-25T04:00:00+00:00,SG,Singapore,1.3521,103.8198,Equatorial Rainforest,38.63,Cirrus,0.3624,1.702,91.39,20.85,1014.51,0.5,4331.2
2026-07-25T05:00:00+00:00,SG,Singapore,1.3521,103.8198,Equatorial Rainforest,41.52,Cirrus,0.2102,5.324,88.27,21.98,1014.87,0.5,6374.0
2026-07-25T06:00:00+00:00,SG,Singapore,1.3521,103.8198,Equatorial Rainforest,34.9,Cirrus,0.2944,4.522,85.52,25.11,1016.56,0.5,6754.9
2026-07-25T07:00:00+00:00,SG,Singapore,1.3521,103.8198,Equatorial Rainforest,48.88,Cirrus,0.3478,4.707,80.17,25.16,1011.34,0.5,6092.8
2026-07-25T08:00:00+00:00,SG,Singapore,1.3521,103.8198,Equatorial Rainforest,47.9,Cirrus,0.3385,1.355,80.0,27.07,1012.24,0.5,3581.8
2026-07-25T09:00:00+00:00,SG,Singapore,1.3521,103.8198,Equatorial Rainforest,39.58,Altocumulus,0.2588,4.269,82.01,25.67,1016.25,0.5,4353.3
2026-07-25T10:00:00+00:00,SG,Singapore,1.3521,103.8198,Equatorial Rainforest,43.29,Cirrus,0.2171,3.5,77.58,26.51,1016.95,0.5,6827.8
2026-07-25T11:00:00+00:00,SG,Singapore,1.3521,103.8198,Equatorial Rainforest,45.45,Altocumulus,0.1564,4.615,75.91,25.9,1012.89,0.5,6435.2
2026-07-25T12:00:00+00:00,SG,Singapore,1.3521,103.8198,Equatorial Rainforest,39.61,Cirrus,0.2365,1.084,78.27,25.52,1015.03,0.5,8838.5
2026-07-25T13:00:00+00:00,SG,Singapore,1.3521,103.8198,Equatorial Rainforest,47.53,Cumulus,0.1762,2.829,78.69,26.37,1014.75,0.5,8880.8
2026-07-25T14:00:00+00:00,SG,Singapore,1.3521,103.8198,Equatorial Rainforest,40.37,Cumulus,0.16,2.767,76.42,28.81,1016.17,0.5,3624.2
2026-07-25T15:00:00+00:00,SG,Singapore,1.3521,103.8198,Equatorial Rainforest,50.71,Cumulus,0.4611,8.859,82.09,24.14,1013.49,0.5,1786.8
2026-07-25T16:00:00+00:00,SG,Singapore,1.3521,103.8198,Equatorial Rainforest,46.04,Cumulus,0.2744,4.965,82.66,28.9,1014.0,0.5,3653.5
2026-07-25T17:00:00+00:00,SG,Singapore,1.3521,103.8198,Equatorial Rainforest,50.46,Stratocumulus,0.6164,16.265,81.82,24.72,1012.74,0.5,1959.5
2026-07-25T18:00:00+00:00,SG,Singapore,1.3521,103.8198,Equatorial Rainforest,49.81,Altocumulus,0.3266,4.404,87.23,25.71,1011.82,0.5,5281.9
2026-07-25T19:00:00+00:00,SG,Singapore,1.3521,103.8198,Equatorial Rainforest,45.92,Cumulus,0.2871,1.229,93.67,22.56,1014.47,0.5,7554.8
2026-07-25T20:00:00+00:00,SG,Singapore,1.3521,103.8198,Equatorial Rainforest,54.41,Stratocumulus,0.5863,6.746,91.57,18.83,1014.13,0.5,2186.9
2026-07-25T21:00:00+00:00,SG,Singapore,1.3521,103.8198,Equatorial Rainforest,58.65,Altocumulus,0.5144,14.536,94.41,19.0,1011.41,0.5,1643.8
2026-07-25T22:00:00+00:00,SG,Singapore,1.3521,103.8198,Equatorial Rainforest,60.76,Cumulus,0.3569,11.535,89.69,16.13,1012.66,0.5,2550.0
2026-07-25T23:00:00+00:00,SG,Singapore,1.3521,103.8198,Equatorial Rainforest,57.44,Stratocumulus,0.4958,16.314,91.6,17.62,1012.51,0.5,2700.5
2026-07-26T00:00:00+00:00,SG,Singapore,1.3521,103.8198,Equatorial Rainforest,56.14,Cumulus,0.5213,9.261,98.45,20.07,1014.34,0.5,1799.9
2026-07-26T01:00:00+00:00,SG,Singapore,1.3521,103.8198,Equatorial Rainforest,69.6,Stratocumulus,0.3628,16.626,92.37,17.06,1012.11,0.5,2580.0
2026-07-26T02:00:00+00:00,SG,Singapore,1.3521,103.8198,Equatorial Rainforest,77.6,Cumulus,0.4773,14.823,92.91,19.14,1007.21,0.5,1166.1
2026-07-26T03:00:00+00:00,SG,Singapore,1.3521,103.8198,Equatorial Rainforest,64.32,Stratocumulus,0.5336,16.064,87.73,19.64,1011.52,0.5,2367.1
2026-07-26T04:00:00+00:00,SG,Singapore,1.3521,103.8198,Equatorial Rainforest,67.58,Altocumulus,0.4636,15.337,85.27,20.87,1012.36,0.5,2836.0
2026-07-26T05:00:00+00:00,SG,Singapore,1.3521,103.8198,Equatorial Rainforest,72.92,Stratocumulus,0.4295,11.881,82.53,22.8,1009.59,0.5,1750.3
2026-07-26T06:00:00+00:00,SG,Singapore,1.3521,103.8198,Equatorial Rainforest,75.82,Cumulus,0.3606,8.754,87.33,21.97,1008.89,0.5,1763.4
2026-07-26T07:00:00+00:00,SG,Singapore,1.3521,103.8198,Equatorial Rainforest,65.49,Stratocumulus,0.4294,12.861,82.0,25.52,1013.74,0.5,1456.9
2026-07-26T08:00:00+00:00,SG,Singapore,1.3521,103.8198,Equatorial Rainforest,79.53,Cumulus,0.3903,15.562,87.32,26.31,1009.27,0.5,2758.0
2026-07-26T09:00:00+00:00,SG,Singapore,1.3521,103.8198,Equatorial Rainforest,71.11,Stratocumulus,0.5338,11.482,78.1,27.14,1010.6,0.5,2787.8
2026-07-26T10:00:00+00:00,SG,Singapore,1.3521,103.8198,Equatorial Rainforest,77.27,Cumulus,0.6254,14.197,81.55,27.17,1009.62,0.5,1495.1
2026-07-26T11:00:00+00:00,SG,Singapore,1.3521,103.8198,Equatorial Rainforest,75.37,Cumulus,0.4039,9.879,78.35,26.9,1010.16,0.5,1310.7
2026-07-26T12:00:00+00:00,SG,Singapore,1.3521,103.8198,Equatorial Rainforest,77.45,Stratocumulus,0.5998,7.061,79.84,26.8,1011.68,0.5,1078.4
2026-07-26T13:00:00+00:00,SG,Singapore,1.3521,103.8198,Equatorial Rainforest,78.55,Stratocumulus,0.4807,10.972,76.62,27.01,1010.45,0.5,1170.4
2026-07-26T14:00:00+00:00,SG,Singapore,1.3521,103.8198,Equatorial Rainforest,82.85,Deep Convection,0.6883,15.925,77.11,29.07,1012.25,0.5,419.1
2026-07-26T15:00:00+00:00,SG,Singapore,1.3521,103.8198,Equatorial Rainforest,78.92,Cumulus,0.4291,12.039,72.82,27.78,1009.2,0.5,1040.2
2026-07-26T16:00:00+00:00,SG,Singapore,1.3521,103.8198,Equatorial Rainforest,88.31,Deep Convection,0.9037,35.048,87.35,26.23,1008.11,0.5,668.4
2026-07-26T17:00:00+00:00,SG,Singapore,1.3521,103.8198,Equatorial Rainforest,90.95,Deep Convection,0.8405,36.493,85.55,23.93,1005.75,0.5,551.6
2026-07-26T18:00:00+00:00,SG,Singapore,1.3521,103.8198,Equatorial Rainforest,80.26,Deep Convection,0.7182,33.964,83.02,21.18,1007.32,0.5,590.0
2026-07-26T19:00:00+00:00,SG,Singapore,1.3521,103.8198,Equatorial Rainforest,82.46,Deep Convection,0.9113,21.536,83.29,21.76,1008.89,0.5,494.2
2026-07-26T20:00:00+00:00,SG,Singapore,1.3521,103.8198,Equatorial Rainforest,84.22,Deep Convection,0.9072,18.594,89.97,20.9,1008.01,0.5,1002.3
2026-07-26T21:00:00+00:00,SG,Singapore,1.3521,103.8198,Equatorial Rainforest,87.05,Deep Convection,0.7868,16.425,95.28,22.12,1007.24,0.5,493.4
2026-07-26T22:00:00+00:00,SG,Singapore,1.3521,103.8198,Equatorial Rainforest,88.26,Deep Convection,0.7817,21.985,91.76,18.62,1007.97,0.5,694.4
2026-07-26T23:00:00+00:00,SG,Singapore,1.3521,103.8198,Equatorial Rainforest,88.93,Deep Convection,0.6966,35.98,97.14,18.44,1008.05,0.5,612.1
2026-07-27T00:00:00+00:00,SG,Singapore,1.3521,103.8198,Equatorial Rainforest,83.07,Deep Convection,0.7128,40.304,89.53,20.9,1008.06,0.5,761.9
2026-07-27T01:00:00+00:00,SG,Singapore,1.3521,103.8198,Equatorial Rainforest,83.34,Nimbostratus,0.8922,38.808,94.72,17.85,1008.76,0.5,1080.9
2026-07-27T02:00:00+00:00,SG,Singapore,1.3521,103.8198,Equatorial Rainforest,76.6,Cumulus,0.4391,10.316,89.44,18.26,1010.09,0.5,1324.0
2026-07-27T03:00:00+00:00,SG,Singapore,1.3521,103.8198,Equatorial Rainforest,79.49,Stratocumulus,0.3811,7.609,93.03,20.59,1009.51,0.5,2640.9
2026-07-27T04:00:00+00:00,SG,Singapore,1.3521,103.8198,Equatorial Rainforest,79.65,Altocumulus,0.4317,13.431,89.21,21.41,1008.25,0.5,2893.4
2026-07-27T05:00:00+00:00,SG,Singapore,1.3521,103.8198,Equatorial Rainforest,85.09,Deep Convection,0.6544,40.094,88.58,21.89,1007.85,0.5,488.7
2026-07-27T06:00:00+00:00,SG,Singapore,1.3521,103.8198,Equatorial Rainforest,85.59,Deep Convection,0.6505,27.966,82.46,23.92,1007.06,0.5,546.6
2026-07-27T07:00:00+00:00,SG,Singapore,1.3521,103.8198,Equatorial Rainforest,83.63,Deep Convection,0.8969,43.291,75.79,23.42,1008.86,0.5,848.1
2026-07-27T08:00:00+00:00,SG,Singapore,1.3521,103.8198,Equatorial Rainforest,81.84,Deep Convection,0.794,30.745,80.43,23.51,1007.63,0.5,907.6
2026-07-27T09:00:00+00:00,SG,Singapore,1.3521,103.8198,Equatorial Rainforest,80.25,Deep Convection,0.6866,30.498,82.72,25.83,1007.84,0.5,985.5
2026-07-27T10:00:00+00:00,SG,Singapore,1.3521,103.8198,Equatorial Rainforest,77.76,Stratocumulus,0.4608,8.123,82.04,27.71,1007.15,0.5,2863.6
2026-07-27T11:00:00+00:00,SG,Singapore,1.3521,103.8198,Equatorial Rainforest,83.98,Deep Convection,0.7061,22.875,80.22,27.65,1008.92,0.5,1053.3
2026-07-27T12:00:00+00:00,SG,Singapore,1.3521,103.8198,Equatorial Rainforest,83.32,Deep Convection,0.7733,41.604,76.17,27.47,1008.34,0.5,791.9
2026-07-27T13:00:00+00:00,SG,Singapore,1.3521,103.8198,Equatorial Rainforest,79.85,Cumulus,0.4617,15.838,75.28,27.6,1009.4,0.5,1632.4
2026-07-27T14:00:00+00:00,SG,Singapore,1.3521,103.8198,Equatorial Rainforest,81.39,Deep Convection,0.9467,32.154,75.94,28.06,1006.37,0.5,1098.4
2026-07-27T15:00:00+00:00,SG,Singapore,1.3521,103.8198,Equatorial Rainforest,80.28,Deep Convection,0.7825,23.331,79.33,28.35,1010.28,0.5,1026.9
2026-07-27T16:00:00+00:00,SG,Singapore,1.3521,103.8198,Equatorial Rainforest,71.24,Cumulus,0.602,7.785,80.81,26.57,1009.9,0.5,2613.7
2026-07-27T17:00:00+00:00,SG,Singapore,1.3521,103.8198,Equatorial Rainforest,75.92,Cumulus,0.3575,11.564,78.98,25.19,1008.42,0.5,1542.3
2026-07-27T18:00:00+00:00,SG,Singapore,1.3521,103.8198,Equatorial Rainforest,73.82,Cumulus,0.3625,9.048,85.51,23.02,1011.06,0.5,1992.5
2026-07-27T19:00:00+00:00,SG,Singapore,1.3521,103.8198,Equatorial Rainforest,67.84,Altocumulus,0.5517,11.548,89.03,20.38,1011.3,0.5,2188.3
2026-07-27T20:00:00+00:00,SG,Singapore,1.3521,103.8198,Equatorial Rainforest,83.07,Deep Convection,0.7765,44.348,92.32,21.36,1006.64,0.5,711.6
2026-07-27T21:00:00+00:00,SG,Singapore,1.3521,103.8198,Equatorial Rainforest,68.43,Stratocumulus,0.5405,17.914,90.94,20.14,1010.8,0.5,1837.5
2026-07-27T22:00:00+00:00,SG,Singapore,1.3521,103.8198,Equatorial Rainforest,72.45,Stratocumulus,0.6138,16.489,92.38,17.78,1009.01,0.5,1598.7
2026-07-27T23:00:00+00:00,SG,Singapore,1.3521,103.8198,Equatorial Rainforest,76.99,Stratocumulus,0.3841,6.121,91.38,18.15,1010.45,0.5,2713.9
2026-07-28T00:00:00+00:00,SG,Singapore,1.3521,103.8198,Equatorial Rainforest,64.48,Cumulus,0.3681,15.731,91.58,20.14,1011.31,0.5,1420.2
2026-07-28T01:00:00+00:00,SG,Singapore,1.3521,103.8198,Equatorial Rainforest,64.62,Altocumulus,0.6102,10.169,93.05,18.99,1012.87,0.5,1832.2
2026-07-28T02:00:00+00:00,SG,Singapore,1.3521,103.8198,Equatorial Rainforest,61.13,Cumulus,0.4183,10.468,96.52,18.47,1011.61,0.5,1995.2
2026-07-28T03:00:00+00:00,SG,Singapore,1.3521,103.8198,Equatorial Rainforest,61.74,Stratocumulus,0.3803,6.23,85.75,20.82,1010.62,0.5,1367.4
2026-07-28T04:00:00+00:00,SG,Singapore,1.3521,103.8198,Equatorial Rainforest,62.45,Altocumulus,0.5288,17.745,86.02,22.17,1012.26,0.5,1024.1
2026-07-28T05:00:00+00:00,SG,Singapore,1.3521,103.8198,Equatorial Rainforest,61.65,Cumulus,0.5606,8.538,89.24,20.22,1012.19,0.5,2441.5
2026-07-28T06:00:00+00:00,SG,Singapore,1.3521,103.8198,Equatorial Rainforest,66.02,Altocumulus,0.4112,8.654,81.72,23.83,1007.74,0.5,1587.9
2026-07-28T07:00:00+00:00,SG,Singapore,1.3521,103.8198,Equatorial Rainforest,60.14,Altocumulus,0.556,11.538,85.35,23.65,1007.51,0.5,2203.1
2026-07-28T08:00:00+00:00,SG,Singapore,1.3521,103.8198,Equatorial Rainforest,60.79,Altocumulus,0.6187,13.957,82.5,26.77,1011.56,0.5,1348.5
2026-07-28T09:00:00+00:00,SG,Singapore,1.3521,103.8198,Equatorial Rainforest,59.24,Stratocumulus,0.4192,11.704,78.6,27.5,1011.14,0.5,1053.8
2026-07-28T10:00:00+00:00,SG,Singapore,1.3521,103.8198,Equatorial Rainforest,56.38,Cumulus,0.5399,7.088,85.76,28.5,1011.6,0.5,2573.1
2026-07-28T11:00:00+00:00,SG,Singapore,1.3521,103.8198,Equatorial Rainforest,57.92,Stratocumulus,0.6439,9.313,77.89,29.94,1012.0,0.5,2119.0
2026-07-28T12:00:00+00:00,SG,Singapore,1.3521,103.8198,Equatorial Rainforest,61.02,Cumulus,0.4394,16.731,80.1,29.83,1011.29,0.5,1852.9
2026-07-28T13:00:00+00:00,SG,Singapore,1.3521,103.8198,Equatorial Rainforest,65.83,Altocumulus,0.4796,6.738,76.95,27.13,1012.66,0.5,2129.8
2026-07-28T14:00:00+00:00,SG,Singapore,1.3521,103.8198,Equatorial Rainforest,58.12,Altocumulus,0.3827,15.953,80.02,29.06,1014.48,0.5,2523.4
2026-07-28T15:00:00+00:00,SG,Singapore,1.3521,103.8198,Equatorial Rainforest,65.99,Stratocumulus,0.4103,15.725,81.27,28.32,1010.99,0.5,2551.7
2026-07-28T16:00:00+00:00,SG,Singapore,1.3521,103.8198,Equatorial Rainforest,66.87,Cumulus,0.5583,7.485,81.6,26.12,1010.42,0.5,1833.1
2026-07-28T17:00:00+00:00,SG,Singapore,1.3521,103.8198,Equatorial Rainforest,67.93,Cumulus,0.5426,15.197,77.21,24.42,1008.49,0.5,1172.5
2026-07-28T18:00:00+00:00,SG,Singapore,1.3521,103.8198,Equatorial Rainforest,73.38,Stratocumulus,0.6372,11.206,82.11,23.76,1012.72,0.5,2436.5
2026-07-28T19:00:00+00:00,SG,Singapore,1.3521,103.8198,Equatorial Rainforest,70.83,Altocumulus,0.4586,8.839,89.17,21.5,1010.94,0.5,2844.3
2026-07-28T20:00:00+00:00,SG,Singapore,1.3521,103.8198,Equatorial Rainforest,63.95,Cumulus,0.4494,5.041,90.33,21.56,1012.72,0.5,1772.4
2026-07-28T21:00:00+00:00,SG,Singapore,1.3521,103.8198,Equatorial Rainforest,68.64,Altocumulus,0.5874,14.149,88.52,20.49,1009.56,0.5,2669.6
2026-07-28T22:00:00+00:00,SG,Singapore,1.3521,103.8198,Equatorial Rainforest,70.56,Stratocumulus,0.4813,7.846,92.76,20.1,1010.52,0.5,1337.2
2026-07-28T23:00:00+00:00,SG,Singapore,1.3521,103.8198,Equatorial Rainforest,72.44,Altocumulus,0.5755,13.921,93.04,18.06,1007.49,0.5,1174.8
2026-07-29T00:00:00+00:00,SG,Singapore,1.3521,103.8198,Equatorial Rainforest,73.33,Altocumulus,0.5501,12.059,94.72,19.57,1008.1,0.5,1517.4
2026-07-29T01:00:00+00:00,SG,Singapore,1.3521,103.8198,Equatorial Rainforest,62.97,Stratocumulus,0.4967,8.3,94.63,19.18,1010.31,0.5,1961.5
2026-07-29T02:00:00+00:00,SG,Singapore,1.3521,103.8198,Equatorial Rainforest,70.93,Stratocumulus,0.5134,5.726,91.19,20.95,1008.49,0.5,1272.9
2026-07-29T03:00:00+00:00,SG,Singapore,1.3521,103.8198,Equatorial Rainforest,72.07,Altocumulus,0.429,12.118,93.32,19.67,1008.67,0.5,1655.0
2026-07-29T04:00:00+00:00,SG,Singapore,1.3521,103.8198,Equatorial Rainforest,88.54,Deep Convection,0.7236,36.123,88.74,19.78,1005.25,0.5,883.1
2026-07-29T05:00:00+00:00,SG,Singapore,1.3521,103.8198,Equatorial Rainforest,76.22,Cumulus,0.6291,8.586,89.41,22.24,1008.91,0.5,2085.6
2026-07-29T06:00:00+00:00,SG,Singapore,1.3521,103.8198,Equatorial Rainforest,79.76,Altocumulus,0.565,15.408,83.76,23.23,1007.88,0.5,1792.9
2026-07-29T07:00:00+00:00,SG,Singapore,1.3521,103.8198,Equatorial Rainforest,87.62,Deep Convection,0.7697,18.249,87.17,24.27,1008.03,0.5,1139.4
2026-07-29T08:00:00+00:00,SG,Singapore,1.3521,103.8198,Equatorial Rainforest,83.28,Deep Convection,0.8335,30.562,77.25,25.59,1008.11,0.5,409.7
2026-07-29T09:00:00+00:00,SG,Singapore,1.3521,103.8198,Equatorial Rainforest,89.0,Deep Convection,0.8296,19.472,79.11,25.63,1007.68,0.5,806.2
2026-07-29T10:00:00+00:00,SG,Singapore,1.3521,103.8198,Equatorial Rainforest,78.02,Altocumulus,0.3631,10.096,79.92,27.55,1006.45,0.5,1645.3
2026-07-29T11:00:00+00:00,SG,Singapore,1.3521,103.8198,Equatorial Rainforest,78.16,Stratocumulus,0.5002,17.792,70.74,26.91,1008.99,0.5,1245.3
2026-07-29T12:00:00+00:00,SG,Singapore,1.3521,103.8198,Equatorial Rainforest,86.51,Deep Convection,0.6856,26.047,78.15,27.5,1008.66,0.5,828.1
2026-07-29T13:00:00+00:00,SG,Singapore,1.3521,103.8198,Equatorial Rainforest,90.42,Deep Convection,0.7631,40.432,85.95,27.93,1006.49,0.5,1035.7
2026-07-29T14:00:00+00:00,SG,Singapore,1.3521,103.8198,Equatorial Rainforest,83.13,Deep Convection,0.898,32.662,80.22,28.96,1011.97,0.5,412.4
2026-07-29T15:00:00+00:00,SG,Singapore,1.3521,103.8198,Equatorial Rainforest,91.04,Deep Convection,0.6659,38.085,85.63,26.64,1006.67,0.5,1091.6
2026-07-29T16:00:00+00:00,SG,Singapore,1.3521,103.8198,Equatorial Rainforest,89.71,Deep Convection,0.7425,32.643,84.87,25.7,1007.5,0.5,1174.8
2026-07-29T17:00:00+00:00,SG,Singapore,1.3521,103.8198,Equatorial Rainforest,87.45,Deep Convection,0.6942,31.354,81.33,24.05,1010.79,0.5,888.5
2026-07-29T18:00:00+00:00,SG,Singapore,1.3521,103.8198,Equatorial Rainforest,90.96,Deep Convection,0.7693,35.743,84.6,21.97,1007.86,0.5,650.1
2026-07-29T19:00:00+00:00,SG,Singapore,1.3521,103.8198,Equatorial Rainforest,98.76,Deep Convection,0.8821,26.135,85.82,21.45,1006.95,0.5,610.5
2026-07-29T20:00:00+00:00,SG,Singapore,1.3521,103.8198,Equatorial Rainforest,95.28,Deep Convection,0.7363,43.34,88.66,20.38,1005.8,0.5,920.8
2026-07-29T21:00:00+00:00,SG,Singapore,1.3521,103.8198,Equatorial Rainforest,87.17,Deep Convection,0.7175,28.103,85.64,21.47,1006.03,0.5,1192.2
2026-07-29T22:00:00+00:00,SG,Singapore,1.3521,103.8198,Equatorial Rainforest,94.11,Deep Convection,0.8531,31.955,94.95,18.7,1008.92,0.5,604.6
2026-07-29T23:00:00+00:00,SG,Singapore,1.3521,103.8198,Equatorial Rainforest,87.71,Nimbostratus,0.6822,33.401,92.28,16.42,1006.04,0.5,472.0
2026-07-30T00:00:00+00:00,SG,Singapore,1.3521,103.8198,Equatorial Rainforest,90.4,Nimbostratus,0.7767,34.7,96.28,16.22,1005.68,0.5,443.3
2026-07-30T01:00:00+00:00,SG,Singapore,1.3521,103.8198,Equatorial Rainforest,95.61,Deep Convection,0.6572,33.994,92.87,18.28,1005.3,0.5,623.6
2026-07-30T02:00:00+00:00,SG,Singapore,1.3521,103.8198,Equatorial Rainforest,93.59,Deep Convection,0.8348,19.456,90.31,18.61,1008.19,0.5,831.7
2026-07-30T03:00:00+00:00,SG,Singapore,1.3521,103.8198,Equatorial Rainforest,90.02,Deep Convection,0.7883,20.589,91.34,20.54,1006.52,0.5,1170.4
2026-07-30T04:00:00+00:00,SG,Singapore,1.3521,103.8198,Equatorial Rainforest,87.89,Deep Convection,0.9381,30.594,90.62,21.53,1006.16,0.5,941.7
2026-07-30T05:00:00+00:00,SG,Singapore,1.3521,103.8198,Equatorial Rainforest,87.71,Deep Convection,0.8958,19.902,86.2,24.14,1009.95,0.5,515.1
2026-07-30T06:00:00+00:00,SG,Singapore,1.3521,103.8198,Equatorial Rainforest,92.89,Deep Convection,0.7982,31.226,86.47,25.64,1008.12,0.5,1194.8
2026-07-30T07:00:00+00:00,SG,Singapore,1.3521,103.8198,Equatorial Rainforest,98.4,Deep Convection,0.7921,32.832,88.05,24.53,1005.84,0.5,1063.1
2026-07-30T08:00:00+00:00,SG,Singapore,1.3521,103.8198,Equatorial Rainforest,85.83,Deep Convection,0.8448,44.752,80.99,25.06,1005.86,0.5,908.5
2026-07-30T09:00:00+00:00,SG,Singapore,1.3521,103.8198,Equatorial Rainforest,88.67,Deep Convection,0.7548,38.642,78.73,26.18,1005.54,0.5,491.1
2026-07-30T10:00:00+00:00,SG,Singapore,1.3521,103.8198,Equatorial Rainforest,86.56,Deep Convection,0.7061,29.13,78.31,26.22,1010.15,0.5,677.3
2026-07-30T11:00:00+00:00,SG,Singapore,1.3521,103.8198,Equatorial Rainforest,90.58,Deep Convection,0.8849,39.728,81.35,28.27,1009.11,0.5,1161.6
2026-07-30T12:00:00+00:00,SG,Singapore,1.3521,103.8198,Equatorial Rainforest,90.45,Altocumulus,0.4712,16.284,73.39,30.87,1008.55,0.5,2359.0
2026-07-30T13:00:00+00:00,SG,Singapore,1.3521,103.8198,Equatorial Rainforest,83.24,Deep Convection,0.7664,15.655,76.27,27.79,1007.07,0.5,933.4
2026-07-30T14:00:00+00:00,SG,Singapore,1.3521,103.8198,Equatorial Rainforest,84.52,Deep Convection,0.7358,37.733,81.57,28.45,1007.35,0.5,626.8
2026-07-30T15:00:00+00:00,SG,Singapore,1.3521,103.8198,Equatorial Rainforest,80.27,Deep Convection,0.8154,19.272,75.15,26.0,1009.87,0.5,563.8
2026-07-30T16:00:00+00:00,SG,Singapore,1.3521,103.8198,Equatorial Rainforest,83.78,Deep Convection,0.7766,33.32,80.79,26.02,1008.21,0.5,860.0
2026-07-30T17:00:00+00:00,SG,Singapore,1.3521,103.8198,Equatorial Rainforest,80.13,Deep Convection,0.8474,27.929,81.92,24.53,1007.93,0.5,1123.9
2026-07-30T18:00:00+00:00,SG,Singapore,1.3521,103.8198,Equatorial Rainforest,79.98,Altocumulus,0.4725,6.23,85.79,22.53,1012.19,0.5,1672.7
2026-07-30T19:00:00+00:00,SG,Singapore,1.3521,103.8198,Equatorial Rainforest,80.76,Deep Convection,0.89,44.73,85.45,22.94,1006.63,0.5,1003.5
2026-07-30T20:00:00+00:00,SG,Singapore,1.3521,103.8198,Equatorial Rainforest,70.64,Stratocumulus,0.3614,10.946,90.25,21.45,1010.09,0.5,1166.4
2026-07-30T21:00:00+00:00,SG,Singapore,1.3521,103.8198,Equatorial Rainforest,69.9,Altocumulus,0.4584,14.85,94.36,21.47,1010.97,0.5,1413.2
2026-07-30T22:00:00+00:00,SG,Singapore,1.3521,103.8198,Equatorial Rainforest,76.27,Stratocumulus,0.4622,5.553,88.02,20.05,1008.65,0.5,1029.0
2026-07-30T23:00:00+00:00,SG,Singapore,1.3521,103.8198,Equatorial Rainforest,78.86,Cumulus,0.5777,11.35,93.77,19.69,1007.51,0.5,2549.1
