timestamp,country_code,country_name,latitude,longitude,climate_zone,cloud_cover_pct,cloud_type,satellite_reflectance,optical_depth,humidity_pct,temperature_c,pressure_hpa,wind_speed_ms,cloud_base_altitude_m
2026-07-01T00:00:00+00:00,TR,Turkey,38.9637,35.2433,Mediterranean / Continental,51.81,Altocumulus,0.4605,12.383,67.13,4.07,1013.33,0.5,2354.4
2026-07-01T01:00:00+00:00,TR,Turkey,38.9637,35.2433,Mediterranean / Continental,65.14,Cumulus,0.4659,15.571,67.59,5.95,1012.0,0.5,1003.3
2026-07-01T02:00:00+00:00,TR,Turkey,38.9637,35.2433,Mediterranean / Continental,64.12,Stratocumulus,0.3977,7.693,68.26,6.08,1012.52,0.5,2536.8
2026-07-01T03:00:00+00:00,TR,Turkey,38.9637,35.2433,Mediterranean / Continental,62.51,Stratocumulus,0.6163,8.485,64.78,6.84,1012.8,0.5,2305.2
2026-07-01T04:00:00+00:00,TR,Turkey,38.9637,35.2433,Mediterranean / Continental,53.25,Cumulus,0.3743,14.861,69.61,7.1,1012.6,0.5,2285.4
2026-07-01T05:00:00+00:00,TR,Turkey,38.9637,35.2433,Mediterranean / Continental,56.92,Altocumulus,0.5027,13.756,64.45,7.57,1013.23,0.5,1790.4
2026-07-01T06:00:00+00:00,TR,Turkey,38.9637,35.2433,Mediterranean / Continental,61.74,Stratocumulus,0.3571,6.447,56.77,11.71,1011.33,0.5,2762.8
2026-07-01T07:00:00+00:00,TR,Turkey,38.9637,35.2433,Mediterranean / Continental,66.15,Stratocumulus,0.5602,7.59,60.36,12.39,1010.66,0.5,2521.0
2026-07-01T08:00:00+00:00,TR,Turkey,38.9637,35.2433,Mediterranean / Continental,65.69,Cumulus,0.5978,10.729,57.9,11.44,1011.27,0.5,2722.8
2026-07-01T09:00:00+00:00,TR,Turkey,38.9637,35.2433,Mediterranean / Continental,66.71,Stratocumulus,0.6433,13.567,55.71,13.15,1010.91,0.5,1917.6
2026-07-01T10:00:00+00:00,TR,Turkey,38.9637,35.2433,Mediterranean / Continental,63.33,Altocumulus,0.6224,10.313,53.47,12.85,1009.95,0.5,1768.1
2026-07-01T11:00:00+00:00,TR,Turkey,38.9637,35.2433,Mediterranean / Continental,62.71,Stratocumulus,0.4492,5.499,52.79,13.2,1008.9,0.5,2697.5
2026-07-01T12:00:00+00:00,TR,Turkey,38.9637,35.2433,Mediterranean / Continental,76.22,Stratocumulus,0.6421,6.711,52.56,14.27,1008.2,0.5,1613.5
2026-07-01T13:00:00+00:00,TR,Turkey,38.9637,35.2433,Mediterranean / Continental,73.06,Stratocumulus,0.5534,15.991,54.24,16.39,1011.3,0.5,2785.4
2026-07-01T14:00:00+00:00,TR,Turkey,38.9637,35.2433,Mediterranean / Continental,78.27,Stratocumulus,0.5692,12.214,54.57,15.42,1008.39,0.5,2531.2
2026-07-01T15:00:00+00:00,TR,Turkey,38.9637,35.2433,Mediterranean / Continental,78.22,Cumulus,0.5249,12.477,57.08,14.28,1009.29,0.5,2327.5
2026-07-01T16:00:00+00:00,TR,Turkey,38.9637,35.2433,Mediterranean / Continental,68.25,Cumulus,0.5015,5.521,53.34,13.09,1012.18,0.5,2572.0
2026-07-01T17:00:00+00:00,TR,Turkey,38.9637,35.2433,Mediterranean / Continental,58.72,Cumulus,0.3884,15.774,58.48,11.99,1012.15,0.5,1838.1
2026-07-01T18:00:00+00:00,TR,Turkey,38.9637,35.2433,Mediterranean / Continental,66.41,Stratocumulus,0.3693,8.425,64.93,8.89,1012.19,0.5,1839.6
2026-07-01T19:00:00+00:00,TR,Turkey,38.9637,35.2433,Mediterranean / Continental,70.6,Altocumulus,0.4761,9.806,65.19,7.97,1010.08,0.5,1509.9
2026-07-01T20:00:00+00:00,TR,Turkey,38.9637,35.2433,Mediterranean / Continental,69.34,Altocumulus,0.4602,11.334,62.38,9.97,1011.96,0.5,2711.0
2026-07-01T21:00:00+00:00,TR,Turkey,38.9637,35.2433,Mediterranean / Continental,66.0,Cumulus,0.3872,16.357,71.21,8.05,1011.4,0.5,1981.0
2026-07-01T22:00:00+00:00,TR,Turkey,38.9637,35.2433,Mediterranean / Continental,69.94,Stratocumulus,0.3767,12.418,63.92,6.79,1009.39,0.5,1761.0
2026-07-01T23:00:00+00:00,TR,Turkey,38.9637,35.2433,Mediterranean / Continental,65.39,Altocumulus,0.6115,10.944,66.53,6.12,1010.87,0.5,1908.5
2026-07-02T00:00:00+00:00,TR,Turkey,38.9637,35.2433,Mediterranean / Continental,66.4,Stratocumulus,0.4947,9.209,68.19,4.93,1011.26,0.5,2881.4
2026-07-02T01:00:00+00:00,TR,Turkey,38.9637,35.2433,Mediterranean / Continental,63.68,Altocumulus,0.6105,15.393,64.07,5.05,1010.44,0.5,2710.5
2026-07-02T02:00:00+00:00,TR,Turkey,38.9637,35.2433,Mediterranean / Continental,61.06,Altocumulus,0.633,11.659,71.0,8.08,1013.13,0.5,1035.9
2026-07-02T03:00:00+00:00,TR,Turkey,38.9637,35.2433,Mediterranean / Continental,56.06,Cumulus,0.5938,7.484,61.67,4.6,1013.64,0.5,2388.5
2026-07-02T04:00:00+00:00,TR,Turkey,38.9637,35.2433,Mediterranean / Continental,64.9,Cumulus,0.4866,14.78,58.73,6.9,1008.91,0.5,2640.7
2026-07-02T05:00:00+00:00,TR,Turkey,38.9637,35.2433,Mediterranean / Continental,68.81,Stratocumulus,0.3561,5.525,56.7,7.72,1010.96,0.5,1199.1
2026-07-02T06:00:00+00:00,TR,Turkey,38.9637,35.2433,Mediterranean / Continental,63.46,Stratocumulus,0.5203,6.458,62.92,10.68,1012.22,0.5,1941.1
2026-07-02T07:00:00+00:00,TR,Turkey,38.9637,35.2433,Mediterranean / Continental,60.27,Cumulus,0.436,14.025,54.87,10.2,1011.89,0.5,1391.6
2026-07-02T08:00:00+00:00,TR,Turkey,38.9637,35.2433,Mediterranean / Continental,72.29,Stratocumulus,0.5992,13.466,58.8,11.99,1009.07,0.5,1086.7
2026-07-02T09:00:00+00:00,TR,Turkey,38.9637,35.2433,Mediterranean / Continental,54.3,Cumulus,0.4617,17.581,57.02,14.02,1013.73,0.5,1156.4
2026-07-02T10:00:00+00:00,TR,Turkey,38.9637,35.2433,Mediterranean / Continental,50.28,Stratocumulus,0.382,11.985,55.29,15.09,1010.98,0.5,2490.2
2026-07-02T11:00:00+00:00,TR,Turkey,38.9637,35.2433,Mediterranean / Continental,51.95,Stratocumulus,0.4756,6.243,50.88,15.38,1013.79,0.5,2303.3
2026-07-02T12:00:00+00:00,TR,Turkey,38.9637,35.2433,Mediterranean / Continental,40.6,Altocumulus,0.1566,3.576,50.04,13.51,1012.53,0.5,4511.9
2026-07-02T13:00:00+00:00,TR,Turkey,38.9637,35.2433,Mediterranean / Continental,47.42,Cumulus,0.298,5.109,49.76,16.23,1012.37,0.5,5363.7
2026-07-02T14:00:00+00:00,TR,Turkey,38.9637,35.2433,Mediterranean / Continental,51.24,Cumulus,0.5481,8.186,47.94,15.09,1011.39,0.5,1135.8
2026-07-02T15:00:00+00:00,TR,Turkey,38.9637,35.2433,Mediterranean / Continental,50.95,Altocumulus,0.3572,13.145,56.0,11.55,1014.36,0.5,2331.8
2026-07-02T16:00:00+00:00,TR,Turkey,38.9637,35.2433,Mediterranean / Continental,38.87,Cumulus,0.3707,3.084,55.63,14.03,1018.16,0.5,8099.8
2026-07-02T17:00:00+00:00,TR,Turkey,38.9637,35.2433,Mediterranean / Continental,42.24,Cirrus,0.3086,3.997,55.54,9.88,1014.52,0.5,7627.7
2026-07-02T18:00:00+00:00,TR,Turkey,38.9637,35.2433,Mediterranean / Continental,40.14,Cumulus,0.1765,3.408,60.63,11.04,1014.63,0.5,5991.7
2026-07-02T19:00:00+00:00,TR,Turkey,38.9637,35.2433,Mediterranean / Continental,39.38,Cirrus,0.2298,2.043,60.11,9.1,1015.8,0.5,5630.4
2026-07-02T20:00:00+00:00,TR,Turkey,38.9637,35.2433,Mediterranean / Continental,31.98,Cirrus,0.3263,2.241,57.71,7.75,1012.88,0.5,6861.7
2026-07-02T21:00:00+00:00,TR,Turkey,38.9637,35.2433,Mediterranean / Continental,38.7,Altocumulus,0.2567,2.191,66.5,9.01,1013.44,0.5,6298.2
2026-07-02T22:00:00+00:00,TR,Turkey,38.9637,35.2433,Mediterranean / Continental,35.28,Altocumulus,0.3598,5.783,65.85,5.9,1014.84,0.5,5864.2
2026-07-02T23:00:00+00:00,TR,Turkey,38.9637,35.2433,Mediterranean / Continental,40.16,Cumulus,0.2221,4.82,64.37,7.2,1015.58,0.5,8336.6
2026-07-03T00:00:00+00:00,TR,Turkey,38.9637,35.2433,Mediterranean / Continental,35.86,Altocumulus,0.3376,1.28,72.69,4.48,1016.79,0.5,6301.1
2026-07-03T01:00:00+00:00,TR,Turkey,38.9637,35.2433,Mediterranean / Continental,29.98,Cirrus,0.3573,5.664,71.24,4.0,1014.59,0.5,6471.1
2026-07-03T02:00:00+00:00,TR,Turkey,38.9637,35.2433,Mediterranean / Continental,35.61,Cirrus,0.1796,4.144,68.58,5.27,1014.46,0.5,6272.0
2026-07-03T03:00:00+00:00,TR,Turkey,38.9637,35.2433,Mediterranean / Continental,38.87,Cirrus,0.2481,2.278,59.42,5.02,1013.11,0.5,7012.7
2026-07-03T04:00:00+00:00,TR,Turkey,38.9637,35.2433,Mediterranean / Continental,40.31,Cumulus,0.3511,1.221,65.1,7.05,1013.2,0.5,8438.8
2026-07-03T05:00:00+00:00,TR,Turkey,38.9637,35.2433,Mediterranean / Continental,26.86,Cirrus,0.2073,5.212,62.49,6.96,1016.94,0.5,7142.4
2026-07-03T06:00:00+00:00,TR,Turkey,38.9637,35.2433,Mediterranean / Continental,22.48,Cumulus,0.3739,5.75,60.31,9.22,1017.1,0.5,3583.0
2026-07-03T07:00:00+00:00,TR,Turkey,38.9637,35.2433,Mediterranean / Continental,25.91,Cirrus,0.3776,4.182,54.38,12.1,1016.2,0.5,8146.7
2026-07-03T08:00:00+00:00,TR,Turkey,38.9637,35.2433,Mediterranean / Continental,32.29,Altocumulus,0.358,1.582,55.91,11.16,1014.55,0.5,3822.9
2026-07-03T09:00:00+00:00,TR,Turkey,38.9637,35.2433,Mediterranean / Continental,33.04,Altocumulus,0.1531,2.212,55.43,12.84,1019.03,0.5,4980.5
2026-07-03T10:00:00+00:00,TR,Turkey,38.9637,35.2433,Mediterranean / Continental,32.9,Altocumulus,0.3074,2.26,54.37,14.12,1016.9,0.5,5717.4
2026-07-03T11:00:00+00:00,TR,Turkey,38.9637,35.2433,Mediterranean / Continental,28.52,Cirrus,0.2848,4.542,52.46,15.47,1016.65,0.5,7199.9
2026-07-03T12:00:00+00:00,TR,Turkey,38.9637,35.2433,Mediterranean / Continental,32.87,Cirrus,0.3753,3.1,50.6,14.17,1014.69,0.5,4408.0
2026-07-03T13:00:00+00:00,TR,Turkey,38.9637,35.2433,Mediterranean / Continental,25.31,Cumulus,0.2006,4.79,57.91,15.35,1016.23,0.5,6187.6
2026-07-03T14:00:00+00:00,TR,Turkey,38.9637,35.2433,Mediterranean / Continental,28.75,Cumulus,0.3712,4.331,45.53,14.81,1018.03,0.5,7048.0
2026-07-03T15:00:00+00:00,TR,Turkey,38.9637,35.2433,Mediterranean / Continental,29.05,Cirrus,0.1893,5.99,54.12,11.57,1016.22,0.5,6897.8
2026-07-03T16:00:00+00:00,TR,Turkey,38.9637,35.2433,Mediterranean / Continental,31.63,Altocumulus,0.1684,4.711,58.96,12.24,1014.46,0.5,8242.7
2026-07-03T17:00:00+00:00,TR,Turkey,38.9637,35.2433,Mediterranean / Continental,29.08,Cumulus,0.1634,1.963,55.05,10.58,1017.53,0.5,7261.6
2026-07-03T18:00:00+00:00,TR,Turkey,38.9637,35.2433,Mediterranean / Continental,29.68,Altocumulus,0.1649,5.593,59.77,8.61,1017.32,0.5,7189.0
2026-07-03T19:00:00+00:00,TR,Turkey,38.9637,35.2433,Mediterranean / Continental,27.64,Cumulus,0.3737,3.37,68.9,9.44,1016.49,0.5,8945.7
2026-07-03T20:00:00+00:00,TR,Turkey,38.9637,35.2433,Mediterranean / Continental,33.34,Cumulus,0.2734,3.991,62.96,5.63,1014.78,0.5,7956.3
2026-07-03T21:00:00+00:00,TR,Turkey,38.9637,35.2433,Mediterranean / Continental,30.66,Cumulus,0.2842,5.192,66.38,6.75,1015.38,0.5,7865.0
2026-07-03T22:00:00+00:00,TR,Turkey,38.9637,35.2433,Mediterranean / Continental,36.31,Cirrus,0.2379,1.813,67.04,6.12,1017.1,0.5,5236.1
2026-07-03T23:00:00+00:00,TR,Turkey,38.9637,35.2433,Mediterranean / Continental,36.41,Cirrus,0.3314,5.762,67.45,5.22,1013.46,0.5,5242.8
2026-07-04T00:00:00+00:00,TR,Turkey,38.9637,35.2433,Mediterranean / Continental,33.72,Altocumulus,0.3125,5.218,67.97,5.29,1017.14,0.5,5345.3
2026-07-04T01:00:00+00:00,TR,Turkey,38.9637,35.2433,Mediterranean / Continental,37.25,Cumulus,0.3145,4.378,72.69,3.79,1015.26,0.5,8505.7
2026-07-04T02:00:00+00:00,TR,Turkey,38.9637,35.2433,Mediterranean / Continental,41.84,Altocumulus,0.1969,2.601,65.15,6.04,1016.02,0.5,4911.8
2026-07-04T03:00:00+00:00,TR,Turkey,38.9637,35.2433,Mediterranean / Continental,27.86,Altocumulus,0.228,5.166,63.7,8.14,1016.63,0.5,6624.9
2026-07-04T04:00:00+00:00,TR,Turkey,38.9637,35.2433,Mediterranean / Continental,40.38,Cumulus,0.3776,4.33,62.72,7.69,1012.73,0.5,5747.8
2026-07-04T05:00:00+00:00,TR,Turkey,38.9637,35.2433,Mediterranean / Continental,46.05,Cirrus,0.315,5.559,56.12,9.89,1014.07,0.5,8615.4
2026-07-04T06:00:00+00:00,TR,Turkey,38.9637,35.2433,Mediterranean / Continental,42.94,Cumulus,0.2028,5.726,56.13,10.02,1015.3,0.5,8144.6
2026-07-04T07:00:00+00:00,TR,Turkey,38.9637,35.2433,Mediterranean / Continental,30.81,Cumulus,0.2615,3.431,56.06,10.52,1015.84,0.5,6581.0
2026-07-04T08:00:00+00:00,TR,Turkey,38.9637,35.2433,Mediterranean / Continental,52.93,Altocumulus,0.5835,15.518,56.53,14.85,1012.84,0.5,1442.5
2026-07-04T09:00:00+00:00,TR,Turkey,38.9637,35.2433,Mediterranean / Continental,44.22,Altocumulus,0.3529,5.205,57.05,13.12,1014.67,0.5,8140.6
2026-07-04T10:00:00+00:00,TR,Turkey,38.9637,35.2433,Mediterranean / Continental,46.9,Cirrus,0.3162,5.684,53.44,15.35,1013.69,0.5,4959.2
2026-07-04T11:00:00+00:00,TR,Turkey,38.9637,35.2433,Mediterranean / Continental,40.02,Cirrus,0.2418,2.099,56.44,13.25,1013.98,0.5,6801.9
2026-07-04T12:00:00+00:00,TR,Turkey,38.9637,35.2433,Mediterranean / Continental,48.31,Altocumulus,0.2619,2.815,47.98,14.52,1012.3,0.5,7329.8
2026-07-04T13:00:00+00:00,TR,Turkey,38.9637,35.2433,Mediterranean / Continental,46.81,Cumulus,0.1995,5.183,47.67,14.06,1013.22,0.5,7771.2
2026-07-04T14:00:00+00:00,TR,Turkey,38.9637,35.2433,Mediterranean / Continental,42.24,Cumulus,0.3177,1.248,52.9,15.19,1012.06,0.5,5823.8
2026-07-04T15:00:00+00:00,TR,Turkey,38.9637,35.2433,Mediterranean / Continental,49.34,Cirrus,0.1802,2.288,57.3,14.51,1011.14,0.5,3666.9
2026-07-04T16:00:00+00:00,TR,Turkey,38.9637,35.2433,Mediterranean / Continental,53.05,Stratocumulus,0.4041,7.43,59.8,14.58,1014.02,0.5,2563.6
2026-07-04T17:00:00+00:00,TR,Turkey,38.9637,35.2433,Mediterranean / Continental,53.75,Altocumulus,0.5062,7.41,58.45,11.88,1013.86,0.5,1082.2
2026-07-04T18:00:00+00:00,TR,Turkey,38.9637,35.2433,Mediterranean / Continental,45.18,Altocumulus,0.1628,4.419,65.46,9.08,1013.71,0.5,7973.4
2026-07-04T19:00:00+00:00,TR,Turkey,38.9637,35.2433,Mediterranean / Continental,38.84,Cirrus,0.1616,1.977,59.24,7.58,1014.91,0.5,8054.1
2026-07-04T20:00:00+00:00,TR,Turkey,38.9637,35.2433,Mediterranean / Continental,47.53,Cirrus,0.274,5.053,67.22,7.82,1013.1,0.5,3900.5
2026-07-04T21:00:00+00:00,TR,Turkey,38.9637,35.2433,Mediterranean / Continental,52.73,Cumulus,0.3502,9.509,64.27,5.65,1011.9,0.5,1331.9
2026-07-04T22:00:00+00:00,TR,Turkey,38.9637,35.2433,Mediterranean / Continental,54.51,Cumulus,0.5982,16.125,71.25,5.57,1012.4,0.5,2217.7
2026-07-04T23:00:00+00:00,TR,Turkey,38.9637,35.2433,Mediterranean / Continental,50.67,Cumulus,0.4842,13.664,66.92,5.81,1014.04,0.5,2536.0
2026-07-05T00:00:00+00:00,TR,Turkey,38.9637,35.2433,Mediterranean / Continental,40.65,Cumulus,0.2012,1.049,65.58,5.21,1013.05,0.5,8018.0
2026-07-05T01:00:00+00:00,TR,Turkey,38.9637,35.2433,Mediterranean / Continental,46.28,Cirrus,0.3115,3.921,67.7,5.72,1011.57,0.5,8648.7
2026-07-05T02:00:00+00:00,TR,Turkey,38.9637,35.2433,Mediterranean / Continental,54.27,Cumulus,0.5343,8.686,61.22,4.35,1012.93,0.5,2433.0
2026-07-05T03:00:00+00:00,TR,Turkey,38.9637,35.2433,Mediterranean / Continental,39.68,Altocumulus,0.1588,3.4,64.78,5.63,1014.76,0.5,6366.8
2026-07-05T04:00:00+00:00,TR,Turkey,38.9637,35.2433,Mediterranean / Continental,49.11,Cumulus,0.3056,5.868,59.41,5.21,1015.08,0.5,6538.9
2026-07-05T05:00:00+00:00,TR,Turkey,38.9637,35.2433,Mediterranean / Continental,55.72,Stratocumulus,0.5915,6.492,57.17,9.01,1013.27,0.5,2996.7
2026-07-05T06:00:00+00:00,TR,Turkey,38.9637,35.2433,Mediterranean / Continental,54.68,Stratocumulus,0.4094,16.797,64.04,9.98,1010.4,0.5,2397.5
2026-07-05T07:00:00+00:00,TR,Turkey,38.9637,35.2433,Mediterranean / Continental,43.92,Cirrus,0.3719,5.028,60.62,11.0,1016.01,0.5,5068.9
2026-07-05T08:00:00+00:00,TR,Turkey,38.9637,35.2433,Mediterranean / Continental,52.14,Cumulus,0.4595,16.698,54.59,9.41,1012.43,0.5,2498.2
2026-07-05T09:00:00+00:00,TR,Turkey,38.9637,35.2433,Mediterranean / Continental,44.66,Altocumulus,0.2674,3.883,55.37,10.02,1014.64,0.5,3962.1
2026-07-05T10:00:00+00:00,TR,Turkey,38.9637,35.2433,Mediterranean / Continental,47.36,Cumulus,0.2108,5.513,55.53,13.21,1011.71,0.5,8631.0
2026-07-05T11:00:00+00:00,TR,Turkey,38.9637,35.2433,Mediterranean / Continental,43.9,Cirrus,0.2053,4.436,54.27,13.99,1013.04,0.5,7789.5
2026-07-05T12:00:00+00:00,TR,Turkey,38.9637,35.2433,Mediterranean / Continental,40.22,Altocumulus,0.1974,3.592,52.18,14.65,1014.71,0.5,8339.6
2026-07-05T13:00:00+00:00,TR,Turkey,38.9637,35.2433,Mediterranean / Continental,44.82,Altocumulus,0.2977,5.277,50.39,15.32,1015.66,0.5,5929.0
2026-07-05T14:00:00+00:00,TR,Turkey,38.9637,35.2433,Mediterranean / Continental,40.7,Altocumulus,0.1897,5.645,53.1,14.35,1014.34,0.5,6141.5
2026-07-05T15:00:00+00:00,TR,Turkey,38.9637,35.2433,Mediterranean / Continental,36.89,Cirrus,0.2676,5.604,50.65,13.89,1016.14,0.5,7084.8
2026-07-05T16:00:00+00:00,TR,Turkey,38.9637,35.2433,Mediterranean / Continental,37.81,Cirrus,0.229,4.004,55.88,10.75,1016.18,0.5,8210.4
2026-07-05T17:00:00+00:00,TR,Turkey,38.9637,35.2433,Mediterranean / Continental,32.46,Cirrus,0.3528,5.358,55.29,10.55,1018.74,0.5,5788.6
2026-07-05T18:00:00+00:00,TR,Turkey,38.9637,35.2433,Mediterranean / Continental,31.04,Altocumulus,0.2527,1.679,58.67,11.38,1016.26,0.5,8013.3
2026-07-05T19:00:00+00:00,TR,Turkey,38.9637,35.2433,Mediterranean / Continental,35.52,Cirrus,0.2447,5.228,58.12,10.35,1014.8,0.5,5256.5
2026-07-05T20:00:00+00:00,TR,Turkey,38.9637,35.2433,Mediterranean / Continental,32.22,Cumulus,0.2396,2.272,69.08,5.36,1013.3,0.5,4056.6
2026-07-05T21:00:00+00:00,TR,Turkey,38.9637,35.2433,Mediterranean / Continental,28.1,Altocumulus,0.3107,1.48,59.2,6.29,1017.72,0.5,5630.3
2026-07-05T22:00:00+00:00,TR,Turkey,38.9637,35.2433,Mediterranean / Continental,35.69,Altocumulus,0.3482,4.389,63.44,6.75,1014.96,0.5,6472.5
2026-07-05T23:00:00+00:00,TR,Turkey,38.9637,35.2433,Mediterranean / Continental,20.99,Altocumulus,0.3042,4.431,69.35,5.19,1018.28,0.5,3779.7
2026-07-06T00:00:00+00:00,TR,Turkey,38.9637,35.2433,Mediterranean / Continental,20.72,Cirrus,0.1899,4.104,67.61,6.2,1018.11,0.5,5873.0
2026-07-06T01:00:00+00:00,TR,Turkey,38.9637,35.2433,Mediterranean / Continental,18.82,Cirrus,0.345,1.37,66.28,4.45,1018.6,0.5,6722.3
2026-07-06T02:00:00+00:00,TR,Turkey,38.9637,35.2433,Mediterranean / Continental,21.71,Altocumulus,0.3298,3.309,67.92,3.9,1018.21,0.5,8363.5
2026-07-06T03:00:00+00:00,TR,Turkey,38.9637,35.2433,Mediterranean / Continental,22.1,Cirrus,0.1871,4.936,65.28,6.13,1017.86,0.5,4371.7
2026-07-06T04:00:00+00:00,TR,Turkey,38.9637,35.2433,Mediterranean / Continental,18.23,Cirrus,0.2066,3.966,63.84,8.07,1017.14,0.5,5566.7
2026-07-06T05:00:00+00:00,TR,Turkey,38.9637,35.2433,Mediterranean / Continental,30.85,Cirrus,0.3106,4.103,66.04,7.55,1016.01,0.5,6064.0
2026-07-06T06:00:00+00:00,TR,Turkey,38.9637,35.2433,Mediterranean / Continental,23.38,Cirrus,0.1833,4.758,55.26,11.05,1016.97,0.5,5195.2
2026-07-06T07:00:00+00:00,TR,Turkey,38.9637,35.2433,Mediterranean / Continental,28.42,Cirrus,0.2067,5.929,56.82,10.59,1015.72,0.5,7417.5
2026-07-06T08:00:00+00:00,TR,Turkey,38.9637,35.2433,Mediterranean / Continental,10.54,Clear,0.0569,0.286,58.93,13.8,1018.8,0.5,0
2026-07-06T09:00:00+00:00,TR,Turkey,38.9637,35.2433,Mediterranean / Continental,23.81,Altocumulus,0.2612,5.493,55.45,13.13,1018.08,0.5,5082.6
2026-07-06T10:00:00+00:00,TR,Turkey,38.9637,35.2433,Mediterranean / Continental,15.45,Altocumulus,0.3623,2.773,52.38,15.73,1017.53,0.5,6143.8
2026-07-06T11:00:00+00:00,TR,Turkey,38.9637,35.2433,Mediterranean / Continental,18.28,Cumulus,0.2242,1.158,49.89,15.78,1015.54,0.5,7822.7
2026-07-06T12:00:00+00:00,TR,Turkey,38.9637,35.2433,Mediterranean / Continental,29.34,Cumulus,0.3026,2.615,51.68,15.88,1017.16,0.5,8846.9
2026-07-06T13:00:00+00:00,TR,Turkey,38.9637,35.2433,Mediterranean / Continental,26.03,Cumulus,0.2516,1.394,56.03,14.21,1015.8,0.5,7238.1
2026-07-06T14:00:00+00:00,TR,Turkey,38.9637,35.2433,Mediterranean / Continental,17.18,Altocumulus,0.3041,1.492,51.86,17.38,1020.74,0.5,8703.9
2026-07-06T15:00:00+00:00,TR,Turkey,38.9637,35.2433,Mediterranean / Continental,20.48,Cumulus,0.2555,3.822,54.93,11.91,1018.51,0.5,4003.3
2026-07-06T16:00:00+00:00,TR,Turkey,38.9637,35.2433,Mediterranean / Continental,28.78,Altocumulus,0.3682,4.308,55.2,14.29,1014.36,0.5,4210.1
2026-07-06T17:00:00+00:00,TR,Turkey,38.9637,35.2433,Mediterranean / Continental,21.74,Cirrus,0.3743,3.54,60.17,10.89,1016.33,0.5,8134.6
2026-07-06T18:00:00+00:00,TR,Turkey,38.9637,35.2433,Mediterranean / Continental,28.53,Cirrus,0.2861,4.643,61.78,11.34,1016.83,0.5,6775.1
2026-07-06T19:00:00+00:00,TR,Turkey,38.9637,35.2433,Mediterranean / Continental,28.29,Cumulus,0.3625,2.185,63.0,9.83,1017.23,0.5,3987.9
2026-07-06T20:00:00+00:00,TR,Turkey,38.9637,35.2433,Mediterranean / Continental,22.26,Cumulus,0.1858,2.589,63.11,6.51,1018.04,0.5,6198.7
2026-07-06T21:00:00+00:00,TR,Turkey,38.9637,35.2433,Mediterranean / Continental,32.39,Cirrus,0.2695,4.978,58.47,6.65,1016.09,0.5,4268.7
2026-07-06T22:00:00+00:00,TR,Turkey,38.9637,35.2433,Mediterranean / Continental,21.4,Cirrus,0.2002,4.904,63.63,6.03,1017.8,0.5,4756.3
2026-07-06T23:00:00+00:00,TR,Turkey,38.9637,35.2433,Mediterranean / Continental,26.29,Altocumulus,0.2438,1.153,64.1,5.32,1017.18,0.5,4345.5
2026-07-07T00:00:00+00:00,TR,Turkey,38.9637,35.2433,Mediterranean / Continental,30.84,Altocumulus,0.362,1.585,69.29,6.87,1018.6,0.5,3787.2
2026-07-07T01:00:00+00:00,TR,Turkey,38.9637,35.2433,Mediterranean / Continental,40.5,Cumulus,0.1701,3.011,69.37,6.45,1014.91,0.5,4368.6
2026-07-07T02:00:00+00:00,TR,Turkey,38.9637,35.2433,Mediterranean / Continental,35.1,Altocumulus,0.2098,1.808,67.62,4.32,1014.52,0.5,7301.3
2026-07-07T03:00:00+00:00,TR,Turkey,38.9637,35.2433,Mediterranean / Continental,32.38,Cirrus,0.3046,3.359,66.69,6.82,1015.88,0.5,5698.4
2026-07-07T04:00:00+00:00,TR,Turkey,38.9637,35.2433,Mediterranean / Continental,32.92,Cirrus,0.2962,2.089,66.93,5.42,1016.5,0.5,5159.4
2026-07-07T05:00:00+00:00,TR,Turkey,38.9637,35.2433,Mediterranean / Continental,37.29,Cumulus,0.2618,1.647,64.97,7.01,1013.95,0.5,6963.2
2026-07-07T06:00:00+00:00,TR,Turkey,38.9637,35.2433,Mediterranean / Continental,35.04,Altocumulus,0.3618,1.58,55.14,13.06,1014.0,0.5,4745.5
2026-07-07T07:00:00+00:00,TR,Turkey,38.9637,35.2433,Mediterranean / Continental,49.25,Altocumulus,0.1864,4.925,51.62,9.33,1014.61,0.5,5956.3
2026-07-07T08:00:00+00:00,TR,Turkey,38.9637,35.2433,Mediterranean / Continental,38.5,Altocumulus,0.2842,3.076,52.27,13.19,1013.1,0.5,6446.6
2026-07-07T09:00:00+00:00,TR,Turkey,38.9637,35.2433,Mediterranean / Continental,50.65,Altocumulus,0.4129,9.833,55.75,14.6,1012.76,0.5,1075.1
2026-07-07T10:00:00+00:00,TR,Turkey,38.9637,35.2433,Mediterranean / Continental,51.69,Stratocumulus,0.5902,5.186,51.1,15.05,1013.44,0.5,2681.5
2026-07-07T11:00:00+00:00,TR,Turkey,38.9637,35.2433,Mediterranean / Continental,44.81,Altocumulus,0.333,3.793,53.48,16.26,1014.83,0.5,4829.9
2026-07-07T12:00:00+00:00,TR,Turkey,38.9637,35.2433,Mediterranean / Continental,46.42,Cumulus,0.263,3.164,53.76,13.88,1013.1,0.5,5133.7
2026-07-07T13:00:00+00:00,TR,Turkey,38.9637,35.2433,Mediterranean / Continental,60.7,Cumulus,0.6222,13.536,52.3,13.49,1013.83,0.5,1920.3
2026-07-07T14:00:00+00:00,TR,Turkey,38.9637,35.2433,Mediterranean / Continental,50.24,Stratocumulus,0.5342,13.658,53.63,13.32,1012.97,0.5,1350.7
2026-07-07T15:00:00+00:00,TR,Turkey,38.9637,35.2433,Mediterranean / Continental,43.45,Cumulus,0.1602,1.296,50.65,14.8,1017.58,0.5,6904.8
2026-07-07T16:00:00+00:00,TR,Turkey,38.9637,35.2433,Mediterranean / Continental,49.06,Altocumulus,0.2633,4.341,53.51,13.2,1013.2,0.5,6319.7
2026-07-07T17:00:00+00:00,TR,Turkey,38.9637,35.2433,Mediterranean / Continental,53.01,Stratocumulus,0.4926,9.642,63.12,12.27,1012.3,0.5,2644.1
2026-07-07T18:00:00+00:00,TR,Turkey,38.9637,35.2433,Mediterranean / Continental,58.33,Cumulus,0.6403,16.407,57.35,9.5,1013.37,0.5,1288.8
2026-07-07T19:00:00+00:00,TR,Turkey,38.9637,35.2433,Mediterranean / Continental,48.87,Altocumulus,0.3402,3.813,67.43,9.11,1011.1,0.5,4735.5
2026-07-07T20:00:00+00:00,TR,Turkey,38.9637,35.2433,Mediterranean / Continental,56.98,Cumulus,0.6094,9.199,61.15,8.13,1011.65,0.5,1958.1
2026-07-07T21:00:00+00:00,TR,Turkey,38.9637,35.2433,Mediterranean / Continental,56.22,Cumulus,0.416,8.605,68.45,6.26,1011.06,0.5,1920.8
2026-07-07T22:00:00+00:00,TR,Turkey,38.9637,35.2433,Mediterranean / Continental,59.17,Altocumulus,0.3514,7.228,65.48,5.68,1012.01,0.5,1761.9
2026-07-07T23:00:00+00:00,TR,Turkey,38.9637,35.2433,Mediterranean / Continental,62.39,Stratocumulus,0.4394,7.985,68.13,5.0,1010.37,0.5,1086.6
2026-07-08T00:00:00+00:00,TR,Turkey,38.9637,35.2433,Mediterranean / Continental,62.1,Cumulus,0.4824,7.401,71.58,4.27,1009.61,0.5,2775.9
2026-07-08T01:00:00+00:00,TR,Turkey,38.9637,35.2433,Mediterranean / Continental,56.73,Altocumulus,0.5046,17.408,67.99,5.69,1011.95,0.5,2321.8
2026-07-08T02:00:00+00:00,TR,Turkey,38.9637,35.2433,Mediterranean / Continental,54.33,Stratocumulus,0.6013,15.269,65.63,5.31,1011.5,0.5,2002.7
2026-07-08T03:00:00+00:00,TR,Turkey,38.9637,35.2433,Mediterranean / Continental,66.04,Cumulus,0.5961,13.633,61.92,7.29,1009.18,0.5,2942.8
2026-07-08T04:00:00+00:00,TR,Turkey,38.9637,35.2433,Mediterranean / Continental,52.72,Altocumulus,0.6376,7.152,61.12,8.23,1014.0,0.5,1267.2
2026-07-08T05:00:00+00:00,TR,Turkey,38.9637,35.2433,Mediterranean / Continental,65.99,Cumulus,0.5834,6.318,62.68,10.5,1008.05,0.5,1377.5
2026-07-08T06:00:00+00:00,TR,Turkey,38.9637,35.2433,Mediterranean / Continental,67.22,Cumulus,0.4038,7.981,63.2,9.48,1011.73,0.5,2873.6
2026-07-08T07:00:00+00:00,TR,Turkey,38.9637,35.2433,Mediterranean / Continental,52.02,Stratocumulus,0.5643,14.453,57.46,12.29,1011.2,0.5,2861.6
2026-07-08T08:00:00+00:00,TR,Turkey,38.9637,35.2433,Mediterranean / Continental,55.67,Cumulus,0.3596,16.258,55.89,11.99,1014.6,0.5,1228.8
2026-07-08T09:00:00+00:00,TR,Turkey,38.9637,35.2433,Mediterranean / Continental,58.24,Cumulus,0.5161,16.857,51.26,13.61,1013.47,0.5,2714.0
2026-07-08T10:00:00+00:00,TR,Turkey,38.9637,35.2433,Mediterranean / Continental,61.27,Stratocumulus,0.4136,12.891,49.67,15.69,1011.45,0.5,2247.8
2026-07-08T11:00:00+00:00,TR,Turkey,38.9637,35.2433,Mediterranean / Continental,50.67,Cumulus,0.5689,9.511,57.55,15.21,1013.11,0.5,2313.3
2026-07-08T12:00:00+00:00,TR,Turkey,38.9637,35.2433,Mediterranean / Continental,64.85,Cumulus,0.5168,15.971,56.79,15.62,1010.32,0.5,1875.1
2026-07-08T13:00:00+00:00,TR,Turkey,38.9637,35.2433,Mediterranean / Continental,61.02,Altocumulus,0.3517,6.775,56.46,12.76,1011.57,0.5,2650.3
2026-07-08T14:00:00+00:00,TR,Turkey,38.9637,35.2433,Mediterranean / Continental,50.89,Stratocumulus,0.3796,12.857,52.81,13.94,1011.94,0.5,1694.1
2026-07-08T15:00:00+00:00,TR,Turkey,38.9637,35.2433,Mediterranean / Continental,63.1,Altocumulus,0.6151,8.508,57.99,11.59,1013.22,0.5,1065.7
2026-07-08T16:00:00+00:00,TR,Turkey,38.9637,35.2433,Mediterranean / Continental,55.41,Cumulus,0.4526,13.313,53.18,12.99,1011.09,0.5,1598.3
2026-07-08T17:00:00+00:00,TR,Turkey,38.9637,35.2433,Mediterranean / Continental,58.21,Stratocumulus,0.4501,7.281,64.6,8.85,1013.82,0.5,2299.5
2026-07-08T18:00:00+00:00,TR,Turkey,38.9637,35.2433,Mediterranean / Continental,62.68,Stratocumulus,0.4914,10.701,57.83,9.16,1010.4,0.5,2500.9
2026-07-08T19:00:00+00:00,TR,Turkey,38.9637,35.2433,Mediterranean / Continental,44.87,Cumulus,0.3032,2.819,60.2,10.23,1015.68,0.5,6135.4
2026-07-08T20:00:00+00:00,TR,Turkey,38.9637,35.2433,Mediterranean / Continental,52.59,Stratocumulus,0.4328,15.465,66.31,7.83,1011.79,0.5,1722.5
2026-07-08T21:00:00+00:00,TR,Turkey,38.9637,35.2433,Mediterranean / Continental,45.95,Cumulus,0.1603,2.767,59.04,7.12,1013.64,0.5,7395.4
2026-07-08T22:00:00+00:00,TR,Turkey,38.9637,35.2433,Mediterranean / Continental,46.88,Cirrus,0.3593,3.009,63.53,8.58,1014.23,0.5,7256.7
2026-07-08T23:00:00+00:00,TR,Turkey,38.9637,35.2433,Mediterranean / Continental,51.46,Cumulus,0.4599,7.589,66.1,4.62,1015.19,0.5,1852.2
2026-07-09T00:00:00+00:00,TR,Turkey,38.9637,35.2433,Mediterranean / Continental,51.64,Stratocumulus,0.5373,15.888,74.14,4.84,1013.66,0.5,2340.3
2026-07-09T01:00:00+00:00,TR,Turkey,38.9637,35.2433,Mediterranean / Continental,47.55,Altocumulus,0.2929,1.456,71.27,5.5,1015.27,0.5,6601.2
2026-07-09T02:00:00+00:00,TR,Turkey,38.9637,35.2433,Mediterranean / Continental,52.56,Altocumulus,0.4676,6.098,64.95,6.2,1009.48,0.5,1847.6
2026-07-09T03:00:00+00:00,TR,Turkey,38.9637,35.2433,Mediterranean / Continental,44.78,Cirrus,0.1695,3.105,66.61,7.34,1014.01,0.5,8000.2
2026-07-09T04:00:00+00:00,TR,Turkey,38.9637,35.2433,Mediterranean / Continental,50.39,Altocumulus,0.5262,8.999,58.93,5.97,1016.65,0.5,1168.4
2026-07-09T05:00:00+00:00,TR,Turkey,38.9637,35.2433,Mediterranean / Continental,35.1,Altocumulus,0.2516,5.618,59.83,6.03,1013.97,0.5,5977.8
2026-07-09T06:00:00+00:00,TR,Turkey,38.9637,35.2433,Mediterranean / Continental,42.42,Cumulus,0.2221,2.535,62.96,10.35,1016.83,0.5,5090.8
2026-07-09T07:00:00+00:00,TR,Turkey,38.9637,35.2433,Mediterranean / Continental,32.11,Cumulus,0.2766,5.888,63.68,12.56,1016.46,0.5,6864.4
2026-07-09T08:00:00+00:00,TR,Turkey,38.9637,35.2433,Mediterranean / Continental,46.18,Cumulus,0.2811,5.393,50.98,13.26,1014.55,0.5,6790.3
2026-07-09T09:00:00+00:00,TR,Turkey,38.9637,35.2433,Mediterranean / Continental,42.3,Cirrus,0.2032,1.93,55.65,12.54,1014.61,0.5,6661.9
2026-07-09T10:00:00+00:00,TR,Turkey,38.9637,35.2433,Mediterranean / Continental,37.75,Cumulus,0.3789,2.537,48.96,13.19,1014.08,0.5,6449.6
2026-07-09T11:00:00+00:00,TR,Turkey,38.9637,35.2433,Mediterranean / Continental,34.26,Cumulus,0.3348,1.874,56.54,16.32,1016.51,0.5,4065.5
2026-07-09T12:00:00+00:00,TR,Turkey,38.9637,35.2433,Mediterranean / Continental,26.52,Cumulus,0.3,4.772,55.02,13.87,1017.82,0.5,8859.6
2026-07-09T13:00:00+00:00,TR,Turkey,38.9637,35.2433,Mediterranean / Continental,48.37,Cumulus,0.2382,1.885,54.58,13.55,1014.68,0.5,3524.2
2026-07-09T14:00:00+00:00,TR,Turkey,38.9637,35.2433,Mediterranean / Continental,45.4,Cirrus,0.3555,1.895,54.94,14.4,1014.91,0.5,8396.0
2026-07-09T15:00:00+00:00,TR,Turkey,38.9637,35.2433,Mediterranean / Continental,36.17,Cumulus,0.1953,1.669,48.48,13.55,1015.21,0.5,3547.0
2026-07-09T16:00:00+00:00,TR,Turkey,38.9637,35.2433,Mediterranean / Continental,53.49,Cumulus,0.5318,5.435,52.57,14.67,1013.54,0.5,1545.3
2026-07-09T17:00:00+00:00,TR,Turkey,38.9637,35.2433,Mediterranean / Continental,43.41,Altocumulus,0.2396,4.449,65.66,11.03,1017.08,0.5,8031.6
2026-07-09T18:00:00+00:00,TR,Turkey,38.9637,35.2433,Mediterranean / Continental,33.39,Cumulus,0.2923,5.068,55.34,10.06,1015.2,0.5,4245.9
2026-07-09T19:00:00+00:00,TR,Turkey,38.9637,35.2433,Mediterranean / Continental,36.1,Cumulus,0.1573,2.534,65.52,8.49,1016.06,0.5,6920.1
2026-07-09T20:00:00+00:00,TR,Turkey,38.9637,35.2433,Mediterranean / Continental,51.53,Altocumulus,0.4413,6.463,62.71,7.11,1011.59,0.5,1137.4
2026-07-09T21:00:00+00:00,TR,Turkey,38.9637,35.2433,Mediterranean / Continental,37.12,Altocumulus,0.2797,2.317,66.24,5.05,1013.8,0.5,8274.1
2026-07-09T22:00:00+00:00,TR,Turkey,38.9637,35.2433,Mediterranean / Continental,41.85,Cirrus,0.3755,2.878,60.25,6.02,1016.25,0.5,6253.7
2026-07-09T23:00:00+00:00,TR,Turkey,38.9637,35.2433,Mediterranean / Continental,46.04,Altocumulus,0.2128,4.627,67.02,4.34,1014.4,0.5,8465.2
2026-07-10T00:00:00+00:00,TR,Turkey,38.9637,35.2433,Mediterranean / Continental,42.33,Cirrus,0.3771,1.562,68.18,4.41,1014.81,0.5,7350.0
2026-07-10T01:00:00+00:00,TR,Turkey,38.9637,35.2433,Mediterranean / Continental,46.03,Cumulus,0.3516,1.126,68.87,6.45,1015.66,0.5,5907.2
2026-07-10T02:00:00+00:00,TR,Turkey,38.9637,35.2433,Mediterranean / Continental,50.11,Stratocumulus,0.614,5.539,64.76,6.42,1011.77,0.5,1217.9
2026-07-10T03:00:00+00:00,TR,Turkey,38.9637,35.2433,Mediterranean / Continental,44.27,Cirrus,0.2946,2.746,60.89,6.44,1015.06,0.5,7658.5
2026-07-10T04:00:00+00:00,TR,Turkey,38.9637,35.2433,Mediterranean / Continental,50.04,Stratocumulus,0.3751,6.515,62.22,10.53,1012.24,0.5,2673.5
2026-07-10T05:00:00+00:00,TR,Turkey,38.9637,35.2433,Mediterranean / Continental,46.08,Altocumulus,0.2565,3.862,60.8,8.14,1012.29,0.5,8740.0
2026-07-10T06:00:00+00:00,TR,Turkey,38.9637,35.2433,Mediterranean / Continental,49.45,Cumulus,0.3436,4.106,57.22,10.49,1013.47,0.5,4105.9
2026-07-10T07:00:00+00:00,TR,Turkey,38.9637,35.2433,Mediterranean / Continental,52.11,Stratocumulus,0.5746,7.599,57.33,13.27,1015.82,0.5,1557.3
2026-07-10T08:00:00+00:00,TR,Turkey,38.9637,35.2433,Mediterranean / Continental,52.78,Altocumulus,0.5607,17.457,61.17,11.68,1014.49,0.5,2243.7
2026-07-10T09:00:00+00:00,TR,Turkey,38.9637,35.2433,Mediterranean / Continental,54.23,Altocumulus,0.4725,5.944,57.85,12.78,1012.21,0.5,2470.7
2026-07-10T10:00:00+00:00,TR,Turkey,38.9637,35.2433,Mediterranean / Continental,53.58,Altocumulus,0.3597,6.976,54.0,14.14,1016.25,0.5,2492.2
2026-07-10T11:00:00+00:00,TR,Turkey,38.9637,35.2433,Mediterranean / Continental,54.83,Stratocumulus,0.5777,14.813,49.98,13.89,1013.41,0.5,1474.3
2026-07-10T12:00:00+00:00,TR,Turkey,38.9637,35.2433,Mediterranean / Continental,51.56,Altocumulus,0.4086,8.319,56.65,14.84,1012.21,0.5,1192.3
2026-07-10T13:00:00+00:00,TR,Turkey,38.9637,35.2433,Mediterranean / Continental,47.35,Cumulus,0.2203,5.081,49.98,14.16,1012.42,0.5,8293.7
2026-07-10T14:00:00+00:00,TR,Turkey,38.9637,35.2433,Mediterranean / Continental,51.1,Cumulus,0.6047,6.41,55.73,12.45,1010.02,0.5,1912.9
2026-07-10T15:00:00+00:00,TR,Turkey,38.9637,35.2433,Mediterranean / Continental,68.65,Cumulus,0.5307,13.504,53.65,15.42,1006.58,0.5,1962.9
2026-07-10T16:00:00+00:00,TR,Turkey,38.9637,35.2433,Mediterranean / Continental,67.0,Cumulus,0.4345,8.629,53.98,10.45,1010.21,0.5,2584.7
2026-07-10T17:00:00+00:00,TR,Turkey,38.9637,35.2433,Mediterranean / Continental,60.51,Altocumulus,0.5154,8.999,55.61,10.16,1012.09,0.5,1220.1
2026-07-10T18:00:00+00:00,TR,Turkey,38.9637,35.2433,Mediterranean / Continental,70.72,Altocumulus,0.5303,11.165,62.22,10.41,1011.38,0.5,2370.9
2026-07-10T19:00:00+00:00,TR,Turkey,38.9637,35.2433,Mediterranean / Continental,67.49,Altocumulus,0.4133,12.576,62.35,9.3,1012.07,0.5,1981.6
2026-07-10T20:00:00+00:00,TR,Turkey,38.9637,35.2433,Mediterranean / Continental,65.22,Stratocumulus,0.556,7.701,61.86,6.47,1013.22,0.5,2249.6
2026-07-10T21:00:00+00:00,TR,Turkey,38.9637,35.2433,Mediterranean / Continental,72.13,Altocumulus,0.3755,8.148,64.19,4.5,1009.55,0.5,1047.0
2026-07-10T22:00:00+00:00,TR,Turkey,38.9637,35.2433,Mediterranean / Continental,73.96,Stratocumulus,0.6449,16.204,64.24,4.29,1011.23,0.5,1935.4
2026-07-10T23:00:00+00:00,TR,Turkey,38.9637,35.2433,Mediterranean / Continental,65.85,Cumulus,0.5515,9.946,71.73,6.46,1012.81,0.5,1727.6
2026-07-11T00:00:00+00:00,TR,Turkey,38.9637,35.2433,Mediterranean / Continental,66.02,Cumulus,0.3859,13.929,66.7,6.32,1012.35,0.5,1911.6
2026-07-11T01:00:00+00:00,TR,Turkey,38.9637,35.2433,Mediterranean / Continental,65.17,Altocumulus,0.4589,12.435,74.15,2.88,1011.53,0.5,2451.2
2026-07-11T02:00:00+00:00,TR,Turkey,38.9637,35.2433,Mediterranean / Continental,75.96,Altocumulus,0.4085,14.769,65.7,8.01,1009.17,0.5,1064.3
2026-07-11T03:00:00+00:00,TR,Turkey,38.9637,35.2433,Mediterranean / Continental,70.4,Cumulus,0.3545,7.935,64.65,3.81,1010.72,0.5,2468.5
2026-07-11T04:00:00+00:00,TR,Turkey,38.9637,35.2433,Mediterranean / Continental,73.69,Stratocumulus,0.4873,15.341,61.3,7.78,1010.08,0.5,1512.6
2026-07-11T05:00:00+00:00,TR,Turkey,38.9637,35.2433,Mediterranean / Continental,69.76,Stratocumulus,0.4252,13.683,61.87,8.14,1010.49,0.5,2544.8
2026-07-11T06:00:00+00:00,TR,Turkey,38.9637,35.2433,Mediterranean / Continental,66.72,Stratocumulus,0.5512,13.678,57.23,10.44,1010.71,0.5,1606.3
2026-07-11T07:00:00+00:00,TR,Turkey,38.9637,35.2433,Mediterranean / Continental,67.57,Stratocumulus,0.4562,7.084,63.07,12.76,1010.71,0.5,2403.3
2026-07-11T08:00:00+00:00,TR,Turkey,38.9637,35.2433,Mediterranean / Continental,70.66,Altocumulus,0.5427,17.163,55.44,13.43,1009.97,0.5,1000.3
2026-07-11T09:00:00+00:00,TR,Turkey,38.9637,35.2433,Mediterranean / Continental,71.41,Stratocumulus,0.5029,5.696,55.86,11.43,1011.15,0.5,1844.8
2026-07-11T10:00:00+00:00,TR,Turkey,38.9637,35.2433,Mediterranean / Continental,71.44,Stratocumulus,0.6384,9.789,58.29,13.84,1009.45,0.5,2612.6
2026-07-11T11:00:00+00:00,TR,Turkey,38.9637,35.2433,Mediterranean / Continental,63.07,Cumulus,0.4159,10.221,52.83,15.89,1013.07,0.5,2703.9
2026-07-11T12:00:00+00:00,TR,Turkey,38.9637,35.2433,Mediterranean / Continental,59.7,Cumulus,0.5356,5.932,54.45,13.71,1012.0,0.5,1888.3
2026-07-11T13:00:00+00:00,TR,Turkey,38.9637,35.2433,Mediterranean / Continental,56.53,Stratocumulus,0.6057,10.35,50.55,15.93,1013.94,0.5,1854.2
2026-07-11T14:00:00+00:00,TR,Turkey,38.9637,35.2433,Mediterranean / Continental,63.11,Altocumulus,0.5891,12.831,49.19,15.58,1010.77,0.5,1936.5
2026-07-11T15:00:00+00:00,TR,Turkey,38.9637,35.2433,Mediterranean / Continental,64.36,Cumulus,0.5703,16.068,58.35,12.94,1008.55,0.5,1719.7
2026-07-11T16:00:00+00:00,TR,Turkey,38.9637,35.2433,Mediterranean / Continental,62.31,Stratocumulus,0.5399,16.079,56.75,14.56,1012.18,0.5,2614.6
2026-07-11T17:00:00+00:00,TR,Turkey,38.9637,35.2433,Mediterranean / Continental,62.24,Altocumulus,0.5211,13.612,56.14,11.38,1011.5,0.5,1825.2
2026-07-11T18:00:00+00:00,TR,Turkey,38.9637,35.2433,Mediterranean / Continental,60.4,Cumulus,0.4725,13.52,64.22,12.05,1012.2,0.5,2841.1
2026-07-11T19:00:00+00:00,TR,Turkey,38.9637,35.2433,Mediterranean / Continental,57.85,Stratocumulus,0.4335,14.948,59.3,9.94,1013.4,0.5,1772.4
2026-07-11T20:00:00+00:00,TR,Turkey,38.9637,35.2433,Mediterranean / Continental,70.13,Altocumulus,0.6005,10.553,64.3,7.15,1008.64,0.5,2600.8
2026-07-11T21:00:00+00:00,TR,Turkey,38.9637,35.2433,Mediterranean / Continental,57.72,Cumulus,0.4669,5.855,67.54,6.92,1011.17,0.5,2244.1
2026-07-11T22:00:00+00:00,TR,Turkey,38.9637,35.2433,Mediterranean / Continental,56.84,Altocumulus,0.5251,14.486,64.2,4.48,1011.15,0.5,1981.9
2026-07-11T23:00:00+00:00,TR,Turkey,38.9637,35.2433,Mediterranean / Continental,60.07,Altocumulus,0.5231,11.206,68.06,4.35,1010.87,0.5,2947.5
2026-07-12T00:00:00+00:00,TR,Turkey,38.9637,35.2433,Mediterranean / Continental,49.82,Altocumulus,0.3689,1.339,69.43,3.08,1013.61,0.5,8573.0
2026-07-12T01:00:00+00:00,TR,Turkey,38.9637,35.2433,Mediterranean / Continental,54.13,Stratocumulus,0.5606,10.721,73.73,4.02,1013.13,0.5,1139.0
2026-07-12T02:00:00+00:00,TR,Turkey,38.9637,35.2433,Mediterranean / Continental,50.31,Cumulus,0.6167,17.425,65.77,4.37,1011.84,0.5,2203.3
2026-07-12T03:00:00+00:00,TR,Turkey,38.9637,35.2433,Mediterranean / Continental,39.46,Cumulus,0.2546,5.994,63.29,5.1,1018.08,0.5,7510.0
2026-07-12T04:00:00+00:00,TR,Turkey,38.9637,35.2433,Mediterranean / Continental,40.82,Cirrus,0.3613,5.119,66.73,4.97,1013.38,0.5,6956.7
2026-07-12T05:00:00+00:00,TR,Turkey,38.9637,35.2433,Mediterranean / Continental,41.2,Cirrus,0.1727,4.143,59.46,6.78,1014.2,0.5,6224.9
2026-07-12T06:00:00+00:00,TR,Turkey,38.9637,35.2433,Mediterranean / Continental,38.09,Cumulus,0.2277,4.588,61.33,10.16,1016.02,0.5,3717.0
2026-07-12T07:00:00+00:00,TR,Turkey,38.9637,35.2433,Mediterranean / Continental,34.86,Cumulus,0.1853,5.05,58.14,11.84,1017.29,0.5,8323.1
2026-07-12T08:00:00+00:00,TR,Turkey,38.9637,35.2433,Mediterranean / Continental,39.04,Cirrus,0.3561,5.463,52.06,11.27,1015.23,0.5,7294.2
2026-07-12T09:00:00+00:00,TR,Turkey,38.9637,35.2433,Mediterranean / Continental,37.18,Cumulus,0.323,5.166,48.84,13.29,1014.92,0.5,7171.4
2026-07-12T10:00:00+00:00,TR,Turkey,38.9637,35.2433,Mediterranean / Continental,37.45,Altocumulus,0.1764,2.189,56.63,14.79,1016.81,0.5,8410.1
2026-07-12T11:00:00+00:00,TR,Turkey,38.9637,35.2433,Mediterranean / Continental,39.33,Cirrus,0.237,2.592,55.23,13.65,1014.36,0.5,4543.7
2026-07-12T12:00:00+00:00,TR,Turkey,38.9637,35.2433,Mediterranean / Continental,31.53,Altocumulus,0.2276,2.929,49.06,15.08,1016.5,0.5,4890.4
2026-07-12T13:00:00+00:00,TR,Turkey,38.9637,35.2433,Mediterranean / Continental,36.52,Altocumulus,0.3053,1.802,51.78,15.99,1014.2,0.5,3862.1
2026-07-12T14:00:00+00:00,TR,Turkey,38.9637,35.2433,Mediterranean / Continental,27.29,Cumulus,0.2369,2.557,58.15,16.96,1014.39,0.5,3647.1
2026-07-12T15:00:00+00:00,TR,Turkey,38.9637,35.2433,Mediterranean / Continental,33.27,Cumulus,0.3276,1.179,57.74,15.37,1016.7,0.5,8230.7
2026-07-12T16:00:00+00:00,TR,Turkey,38.9637,35.2433,Mediterranean / Continental,30.14,Cumulus,0.259,4.963,57.1,11.81,1016.06,0.5,5191.5
2026-07-12T17:00:00+00:00,TR,Turkey,38.9637,35.2433,Mediterranean / Continental,23.35,Cumulus,0.3494,3.552,63.18,11.43,1016.39,0.5,7359.3
2026-07-12T18:00:00+00:00,TR,Turkey,38.9637,35.2433,Mediterranean / Continental,24.97,Cumulus,0.2577,3.657,59.9,9.06,1017.56,0.5,8574.7
2026-07-12T19:00:00+00:00,TR,Turkey,38.9637,35.2433,Mediterranean / Continental,29.95,Altocumulus,0.234,1.631,63.81,8.05,1015.33,0.5,8629.0
2026-07-12T20:00:00+00:00,TR,Turkey,38.9637,35.2433,Mediterranean / Continental,25.62,Cumulus,0.2695,2.096,65.36,6.94,1017.11,0.5,4705.7
2026-07-12T21:00:00+00:00,TR,Turkey,38.9637,35.2433,Mediterranean / Continental,38.19,Cirrus,0.2132,3.069,59.43,4.51,1015.55,0.5,5791.1
2026-07-12T22:00:00+00:00,TR,Turkey,38.9637,35.2433,Mediterranean / Continental,32.47,Altocumulus,0.2185,5.953,70.13,5.74,1015.17,0.5,8139.5
2026-07-12T23:00:00+00:00,TR,Turkey,38.9637,35.2433,Mediterranean / Continental,26.67,Cumulus,0.3297,4.288,65.67,5.99,1018.58,0.5,4918.2
2026-07-13T00:00:00+00:00,TR,Turkey,38.9637,35.2433,Mediterranean / Continental,30.88,Cumulus,0.2776,1.869,72.04,5.42,1017.51,0.5,6081.0
2026-07-13T01:00:00+00:00,TR,Turkey,38.9637,35.2433,Mediterranean / Continental,33.42,Cumulus,0.279,4.579,63.6,6.2,1016.13,0.5,4050.4
2026-07-13T02:00:00+00:00,TR,Turkey,38.9637,35.2433,Mediterranean / Continental,24.02,Altocumulus,0.2151,5.201,66.95,4.45,1015.72,0.5,8386.2
2026-07-13T03:00:00+00:00,TR,Turkey,38.9637,35.2433,Mediterranean / Continental,31.59,Cumulus,0.38,1.507,63.2,5.92,1015.22,0.5,6378.3
2026-07-13T04:00:00+00:00,TR,Turkey,38.9637,35.2433,Mediterranean / Continental,33.8,Altocumulus,0.1622,3.544,65.31,7.94,1013.59,0.5,6511.8
2026-07-13T05:00:00+00:00,TR,Turkey,38.9637,35.2433,Mediterranean / Continental,36.44,Cirrus,0.1843,4.445,58.13,8.78,1016.45,0.5,5995.6
2026-07-13T06:00:00+00:00,TR,Turkey,38.9637,35.2433,Mediterranean / Continental,26.61,Cumulus,0.3021,1.693,62.2,8.54,1013.81,0.5,7101.9
2026-07-13T07:00:00+00:00,TR,Turkey,38.9637,35.2433,Mediterranean / Continental,33.82,Cumulus,0.3202,2.693,55.45,10.81,1013.44,0.5,3759.3
2026-07-13T08:00:00+00:00,TR,Turkey,38.9637,35.2433,Mediterranean / Continental,37.52,Cumulus,0.2654,4.526,54.99,11.76,1016.71,0.5,5942.4
2026-07-13T09:00:00+00:00,TR,Turkey,38.9637,35.2433,Mediterranean / Continental,38.94,Altocumulus,0.3501,3.64,53.11,13.42,1015.58,0.5,8730.4
2026-07-13T10:00:00+00:00,TR,Turkey,38.9637,35.2433,Mediterranean / Continental,34.81,Cirrus,0.2679,1.915,52.14,14.62,1014.87,0.5,6281.0
2026-07-13T11:00:00+00:00,TR,Turkey,38.9637,35.2433,Mediterranean / Continental,44.22,Altocumulus,0.3686,5.376,51.59,14.39,1015.38,0.5,8966.6
2026-07-13T12:00:00+00:00,TR,Turkey,38.9637,35.2433,Mediterranean / Continental,35.1,Cumulus,0.2086,3.396,50.13,14.83,1013.91,0.5,6773.9
2026-07-13T13:00:00+00:00,TR,Turkey,38.9637,35.2433,Mediterranean / Continental,33.78,Cumulus,0.1918,3.985,56.24,14.81,1014.17,0.5,8261.4
2026-07-13T14:00:00+00:00,TR,Turkey,38.9637,35.2433,Mediterranean / Continental,40.15,Cumulus,0.1642,4.813,56.25,15.76,1012.89,0.5,6525.0
2026-07-13T15:00:00+00:00,TR,Turkey,38.9637,35.2433,Mediterranean / Continental,35.09,Cumulus,0.3072,2.822,56.27,16.02,1016.75,0.5,4115.2
2026-07-13T16:00:00+00:00,TR,Turkey,38.9637,35.2433,Mediterranean / Continental,42.37,Altocumulus,0.2162,1.426,52.85,13.41,1014.64,0.5,6406.1
2026-07-13T17:00:00+00:00,TR,Turkey,38.9637,35.2433,Mediterranean / Continental,36.74,Cumulus,0.3656,2.952,58.02,12.94,1016.32,0.5,7690.4
2026-07-13T18:00:00+00:00,TR,Turkey,38.9637,35.2433,Mediterranean / Continental,41.86,Cumulus,0.2415,3.014,58.16,11.35,1014.59,0.5,6601.7
2026-07-13T19:00:00+00:00,TR,Turkey,38.9637,35.2433,Mediterranean / Continental,49.71,Cirrus,0.2043,3.479,65.07,8.07,1010.79,0.5,4956.2
2026-07-13T20:00:00+00:00,TR,Turkey,38.9637,35.2433,Mediterranean / Continental,43.27,Cumulus,0.2003,2.539,66.92,7.38,1015.66,0.5,6296.8
2026-07-13T21:00:00+00:00,TR,Turkey,38.9637,35.2433,Mediterranean / Continental,39.79,Cirrus,0.2208,5.364,68.89,5.24,1016.64,0.5,8593.8
2026-07-13T22:00:00+00:00,TR,Turkey,38.9637,35.2433,Mediterranean / Continental,46.76,Cumulus,0.2721,3.629,66.35,5.91,1011.47,0.5,7585.9
2026-07-13T23:00:00+00:00,TR,Turkey,38.9637,35.2433,Mediterranean / Continental,50.71,Cumulus,0.6263,17.965,64.48,6.4,1016.4,0.5,1730.0
2026-07-14T00:00:00+00:00,TR,Turkey,38.9637,35.2433,Mediterranean / Continental,52.79,Cumulus,0.5046,15.794,71.27,3.81,1010.9,0.5,2004.5
2026-07-14T01:00:00+00:00,TR,Turkey,38.9637,35.2433,Mediterranean / Continental,46.84,Cumulus,0.2505,1.104,68.43,4.97,1014.37,0.5,7131.7
2026-07-14T02:00:00+00:00,TR,Turkey,38.9637,35.2433,Mediterranean / Continental,52.41,Cumulus,0.3611,17.939,69.74,5.94,1014.18,0.5,1078.7
2026-07-14T03:00:00+00:00,TR,Turkey,38.9637,35.2433,Mediterranean / Continental,57.88,Altocumulus,0.38,17.85,63.47,8.3,1011.81,0.5,1004.5
2026-07-14T04:00:00+00:00,TR,Turkey,38.9637,35.2433,Mediterranean / Continental,52.92,Altocumulus,0.3624,10.913,60.47,8.97,1009.48,0.5,1632.3
2026-07-14T05:00:00+00:00,TR,Turkey,38.9637,35.2433,Mediterranean / Continental,56.69,Altocumulus,0.5292,16.942,61.48,8.2,1013.17,0.5,1285.3
2026-07-14T06:00:00+00:00,TR,Turkey,38.9637,35.2433,Mediterranean / Continental,55.65,Cumulus,0.5504,8.704,62.86,13.05,1012.39,0.5,2926.5
2026-07-14T07:00:00+00:00,TR,Turkey,38.9637,35.2433,Mediterranean / Continental,47.71,Altocumulus,0.184,1.793,59.82,10.44,1013.44,0.5,4064.0
2026-07-14T08:00:00+00:00,TR,Turkey,38.9637,35.2433,Mediterranean / Continental,56.54,Stratocumulus,0.4281,9.56,54.68,13.51,1009.86,0.5,2719.5
2026-07-14T09:00:00+00:00,TR,Turkey,38.9637,35.2433,Mediterranean / Continental,59.81,Stratocumulus,0.5365,5.843,57.13,13.59,1011.43,0.5,2750.2
2026-07-14T10:00:00+00:00,TR,Turkey,38.9637,35.2433,Mediterranean / Continental,49.2,Cumulus,0.1804,1.224,52.39,13.54,1015.05,0.5,6094.9
2026-07-14T11:00:00+00:00,TR,Turkey,38.9637,35.2433,Mediterranean / Continental,54.67,Stratocumulus,0.5958,5.158,50.27,14.16,1012.34,0.5,2406.6
2026-07-14T12:00:00+00:00,TR,Turkey,38.9637,35.2433,Mediterranean / Continental,47.38,Altocumulus,0.2816,5.591,47.87,13.51,1014.7,0.5,4621.8
2026-07-14T13:00:00+00:00,TR,Turkey,38.9637,35.2433,Mediterranean / Continental,50.66,Cumulus,0.6303,17.334,55.26,15.18,1012.88,0.5,2448.8
2026-07-14T14:00:00+00:00,TR,Turkey,38.9637,35.2433,Mediterranean / Continental,49.53,Cirrus,0.3362,4.731,53.91,13.18,1014.98,0.5,6962.9
2026-07-14T15:00:00+00:00,TR,Turkey,38.9637,35.2433,Mediterranean / Continental,49.08,Cirrus,0.348,4.201,59.61,13.29,1013.06,0.5,8994.1
2026-07-14T16:00:00+00:00,TR,Turkey,38.9637,35.2433,Mediterranean / Continental,48.11,Cirrus,0.227,4.25,58.41,10.05,1013.37,0.5,5900.7
2026-07-14T17:00:00+00:00,TR,Turkey,38.9637,35.2433,Mediterranean / Continental,49.77,Cirrus,0.1778,5.284,60.16,11.3,1014.1,0.5,6651.8
2026-07-14T18:00:00+00:00,TR,Turkey,38.9637,35.2433,Mediterranean / Continental,45.8,Cirrus,0.3743,2.564,59.92,11.53,1014.48,0.5,3564.4
2026-07-14T19:00:00+00:00,TR,Turkey,38.9637,35.2433,Mediterranean / Continental,41.88,Cirrus,0.1811,3.205,62.61,10.56,1013.51,0.5,6408.8
2026-07-14T20:00:00+00:00,TR,Turkey,38.9637,35.2433,Mediterranean / Continental,45.94,Altocumulus,0.2612,2.849,64.59,10.49,1012.8,0.5,8951.0
2026-07-14T21:00:00+00:00,TR,Turkey,38.9637,35.2433,Mediterranean / Continental,48.23,Cumulus,0.3742,4.157,65.88,6.96,1012.92,0.5,8410.6
2026-07-14T22:00:00+00:00,TR,Turkey,38.9637,35.2433,Mediterranean / Continental,44.82,Cirrus,0.3427,2.646,62.07,6.62,1012.07,0.5,5434.7
2026-07-14T23:00:00+00:00,TR,Turkey,38.9637,35.2433,Mediterranean / Continental,31.1,Cirrus,0.1742,5.099,69.34,5.45,1016.27,0.5,8369.9
2026-07-15T00:00:00+00:00,TR,Turkey,38.9637,35.2433,Mediterranean / Continental,37.21,Cumulus,0.3546,4.76,65.82,5.59,1014.25,0.5,5770.7
2026-07-15T01:00:00+00:00,TR,Turkey,38.9637,35.2433,Mediterranean / Continental,33.41,Altocumulus,0.281,5.461,68.78,4.06,1017.13,0.5,8966.5
2026-07-15T02:00:00+00:00,TR,Turkey,38.9637,35.2433,Mediterranean / Continental,39.64,Cirrus,0.2274,1.966,63.55,7.69,1014.18,0.5,4927.4
2026-07-15T03:00:00+00:00,TR,Turkey,38.9637,35.2433,Mediterranean / Continental,40.87,Altocumulus,0.2982,1.055,63.79,7.83,1014.09,0.5,8199.5
2026-07-15T04:00:00+00:00,TR,Turkey,38.9637,35.2433,Mediterranean / Continental,33.65,Cirrus,0.3747,1.61,61.42,7.51,1015.22,0.5,7431.4
2026-07-15T05:00:00+00:00,TR,Turkey,38.9637,35.2433,Mediterranean / Continental,32.68,Altocumulus,0.2944,1.178,62.9,9.86,1015.24,0.5,5345.7
2026-07-15T06:00:00+00:00,TR,Turkey,38.9637,35.2433,Mediterranean / Continental,32.34,Altocumulus,0.205,2.37,63.2,10.99,1016.68,0.5,5151.6
2026-07-15T07:00:00+00:00,TR,Turkey,38.9637,35.2433,Mediterranean / Continental,35.27,Cirrus,0.1946,5.705,55.25,11.06,1013.62,0.5,4407.6
2026-07-15T08:00:00+00:00,TR,Turkey,38.9637,35.2433,Mediterranean / Continental,28.81,Cirrus,0.3207,3.904,52.28,11.02,1017.04,0.5,8064.8
2026-07-15T09:00:00+00:00,TR,Turkey,38.9637,35.2433,Mediterranean / Continental,24.82,Cirrus,0.2789,5.616,55.95,15.57,1016.83,0.5,4285.1
2026-07-15T10:00:00+00:00,TR,Turkey,38.9637,35.2433,Mediterranean / Continental,28.78,Cumulus,0.1506,3.264,53.45,13.97,1016.82,0.5,7983.1
2026-07-15T11:00:00+00:00,TR,Turkey,38.9637,35.2433,Mediterranean / Continental,27.95,Altocumulus,0.2908,1.405,56.02,14.29,1019.39,0.5,5160.5
2026-07-15T12:00:00+00:00,TR,Turkey,38.9637,35.2433,Mediterranean / Continental,35.11,Cumulus,0.2675,5.731,54.34,13.9,1017.22,0.5,4149.8
2026-07-15T13:00:00+00:00,TR,Turkey,38.9637,35.2433,Mediterranean / Continental,24.58,Altocumulus,0.1778,1.937,51.27,15.08,1018.59,0.5,8115.8
2026-07-15T14:00:00+00:00,TR,Turkey,38.9637,35.2433,Mediterranean / Continental,23.45,Altocumulus,0.1727,5.257,51.11,15.59,1015.95,0.5,5076.4
2026-07-15T15:00:00+00:00,TR,Turkey,38.9637,35.2433,Mediterranean / Continental,25.2,Cumulus,0.2118,2.911,53.67,11.39,1017.02,0.5,4995.5
2026-07-15T16:00:00+00:00,TR,Turkey,38.9637,35.2433,Mediterranean / Continental,19.92,Cumulus,0.3041,3.808,53.83,10.62,1016.6,0.5,4369.4
2026-07-15T17:00:00+00:00,TR,Turkey,38.9637,35.2433,Mediterranean / Continental,21.36,Cirrus,0.2008,3.933,55.74,9.37,1016.59,0.5,7209.7
2026-07-15T18:00:00+00:00,TR,Turkey,38.9637,35.2433,Mediterranean / Continental,14.29,Clear,0.0336,0.501,58.99,9.67,1020.81,0.5,0
2026-07-15T19:00:00+00:00,TR,Turkey,38.9637,35.2433,Mediterranean / Continental,17.14,Cirrus,0.3777,5.122,55.86,9.52,1019.95,0.5,4877.9
2026-07-15T20:00:00+00:00,TR,Turkey,38.9637,35.2433,Mediterranean / Continental,25.19,Altocumulus,0.1862,5.472,65.41,9.07,1018.53,0.5,5207.4
2026-07-15T21:00:00+00:00,TR,Turkey,38.9637,35.2433,Mediterranean / Continental,24.46,Cumulus,0.2363,1.153,70.21,7.57,1016.68,0.5,8628.0
2026-07-15T22:00:00+00:00,TR,Turkey,38.9637,35.2433,Mediterranean / Continental,18.85,Cumulus,0.3578,1.587,66.35,5.3,1018.33,0.5,4678.5
2026-07-15T23:00:00+00:00,TR,Turkey,38.9637,35.2433,Mediterranean / Continental,19.41,Cumulus,0.1706,3.972,70.4,5.2,1018.89,0.5,6658.3
2026-07-16T00:00:00+00:00,TR,Turkey,38.9637,35.2433,Mediterranean / Continental,30.36,Altocumulus,0.3684,3.971,71.29,4.54,1019.68,0.5,5506.0
2026-07-16T01:00:00+00:00,TR,Turkey,38.9637,35.2433,Mediterranean / Continental,20.84,Cumulus,0.2739,2.362,69.15,4.94,1015.71,0.5,7533.7
2026-07-16T02:00:00+00:00,TR,Turkey,38.9637,35.2433,Mediterranean / Continental,17.59,Altocumulus,0.3768,4.441,65.96,5.31,1018.33,0.5,7187.9
2026-07-16T03:00:00+00:00,TR,Turkey,38.9637,35.2433,Mediterranean / Continental,23.18,Cirrus,0.2162,4.533,65.22,7.0,1016.62,0.5,5309.4
2026-07-16T04:00:00+00:00,TR,Turkey,38.9637,35.2433,Mediterranean / Continental,33.68,Cirrus,0.1635,1.49,69.23,7.42,1012.76,0.5,7400.6
2026-07-16T05:00:00+00:00,TR,Turkey,38.9637,35.2433,Mediterranean / Continental,20.46,Cumulus,0.3712,4.736,63.86,7.69,1016.42,0.5,5629.0
2026-07-16T06:00:00+00:00,TR,Turkey,38.9637,35.2433,Mediterranean / Continental,32.34,Cirrus,0.3727,2.312,61.37,10.38,1015.02,0.5,5766.4
2026-07-16T07:00:00+00:00,TR,Turkey,38.9637,35.2433,Mediterranean / Continental,27.57,Cirrus,0.3361,5.385,54.5,10.22,1016.26,0.5,8656.7
2026-07-16T08:00:00+00:00,TR,Turkey,38.9637,35.2433,Mediterranean / Continental,38.55,Cirrus,0.2412,5.892,54.71,12.45,1014.97,0.5,7404.2
2026-07-16T09:00:00+00:00,TR,Turkey,38.9637,35.2433,Mediterranean / Continental,27.59,Cumulus,0.3157,3.277,57.98,13.53,1017.75,0.5,4033.4
2026-07-16T10:00:00+00:00,TR,Turkey,38.9637,35.2433,Mediterranean / Continental,27.13,Cumulus,0.3503,5.807,55.14,15.09,1018.95,0.5,4357.7
2026-07-16T11:00:00+00:00,TR,Turkey,38.9637,35.2433,Mediterranean / Continental,29.45,Cumulus,0.2704,1.728,51.57,14.86,1016.33,0.5,8464.6
2026-07-16T12:00:00+00:00,TR,Turkey,38.9637,35.2433,Mediterranean / Continental,37.38,Cumulus,0.2851,5.22,59.22,14.24,1015.7,0.5,4192.2
2026-07-16T13:00:00+00:00,TR,Turkey,38.9637,35.2433,Mediterranean / Continental,19.16,Cirrus,0.1747,2.901,48.33,16.32,1016.18,0.5,6567.4
2026-07-16T14:00:00+00:00,TR,Turkey,38.9637,35.2433,Mediterranean / Continental,39.43,Altocumulus,0.2078,1.352,53.42,15.19,1014.97,0.5,4814.7
2026-07-16T15:00:00+00:00,TR,Turkey,38.9637,35.2433,Mediterranean / Continental,37.9,Altocumulus,0.2739,3.251,53.72,14.97,1012.84,0.5,7962.6
2026-07-16T16:00:00+00:00,TR,Turkey,38.9637,35.2433,Mediterranean / Continental,40.81,Altocumulus,0.3538,2.763,56.86,14.17,1012.07,0.5,5931.0
2026-07-16T17:00:00+00:00,TR,Turkey,38.9637,35.2433,Mediterranean / Continental,40.52,Altocumulus,0.3226,2.246,56.48,11.45,1018.38,0.5,3773.9
2026-07-16T18:00:00+00:00,TR,Turkey,38.9637,35.2433,Mediterranean / Continental,40.94,Altocumulus,0.3734,5.372,62.94,10.32,1014.64,0.5,8805.7
2026-07-16T19:00:00+00:00,TR,Turkey,38.9637,35.2433,Mediterranean / Continental,38.07,Altocumulus,0.3512,1.761,57.43,8.41,1014.9,0.5,4088.6
2026-07-16T20:00:00+00:00,TR,Turkey,38.9637,35.2433,Mediterranean / Continental,40.89,Altocumulus,0.3072,5.69,59.16,9.61,1014.58,0.5,4156.9
2026-07-16T21:00:00+00:00,TR,Turkey,38.9637,35.2433,Mediterranean / Continental,52.37,Cumulus,0.5999,10.773,69.13,6.64,1016.06,0.5,2551.8
2026-07-16T22:00:00+00:00,TR,Turkey,38.9637,35.2433,Mediterranean / Continental,51.31,Stratocumulus,0.3855,13.436,63.89,7.28,1013.83,0.5,1445.1
2026-07-16T23:00:00+00:00,TR,Turkey,38.9637,35.2433,Mediterranean / Continental,49.68,Altocumulus,0.2135,3.067,67.08,5.36,1012.3,0.5,6331.3
2026-07-17T00:00:00+00:00,TR,Turkey,38.9637,35.2433,Mediterranean / Continental,51.07,Altocumulus,0.6085,5.242,67.36,5.81,1012.2,0.5,2659.5
2026-07-17T01:00:00+00:00,TR,Turkey,38.9637,35.2433,Mediterranean / Continental,56.7,Stratocumulus,0.4119,7.215,71.55,4.25,1013.69,0.5,2285.9
2026-07-17T02:00:00+00:00,TR,Turkey,38.9637,35.2433,Mediterranean / Continental,51.8,Altocumulus,0.4796,5.546,59.43,5.36,1013.84,0.5,2494.3
2026-07-17T03:00:00+00:00,TR,Turkey,38.9637,35.2433,Mediterranean / Continental,52.21,Stratocumulus,0.4324,17.022,62.69,7.51,1012.82,0.5,2603.0
2026-07-17T04:00:00+00:00,TR,Turkey,38.9637,35.2433,Mediterranean / Continental,57.59,Altocumulus,0.5331,6.763,67.96,8.52,1012.26,0.5,2288.7
2026-07-17T05:00:00+00:00,TR,Turkey,38.9637,35.2433,Mediterranean / Continental,55.33,Stratocumulus,0.5525,5.394,63.55,8.88,1013.2,0.5,1648.0
2026-07-17T06:00:00+00:00,TR,Turkey,38.9637,35.2433,Mediterranean / Continental,54.05,Cumulus,0.5595,7.455,65.84,10.2,1012.32,0.5,1356.5
2026-07-17T07:00:00+00:00,TR,Turkey,38.9637,35.2433,Mediterranean / Continental,62.45,Cumulus,0.4863,11.115,58.11,10.57,1010.27,0.5,2237.6
2026-07-17T08:00:00+00:00,TR,Turkey,38.9637,35.2433,Mediterranean / Continental,62.76,Stratocumulus,0.3599,13.533,55.91,11.61,1013.45,0.5,2396.0
2026-07-17T09:00:00+00:00,TR,Turkey,38.9637,35.2433,Mediterranean / Continental,56.76,Stratocumulus,0.4251,10.07,59.65,11.23,1012.94,0.5,2537.0
2026-07-17T10:00:00+00:00,TR,Turkey,38.9637,35.2433,Mediterranean / Continental,57.62,Stratocumulus,0.4039,7.273,55.43,14.8,1011.35,0.5,2344.9
2026-07-17T11:00:00+00:00,TR,Turkey,38.9637,35.2433,Mediterranean / Continental,60.3,Altocumulus,0.5222,15.986,51.74,16.06,1012.34,0.5,1084.0
2026-07-17T12:00:00+00:00,TR,Turkey,38.9637,35.2433,Mediterranean / Continental,56.14,Altocumulus,0.5341,8.856,56.91,16.26,1014.01,0.5,1682.8
2026-07-17T13:00:00+00:00,TR,Turkey,38.9637,35.2433,Mediterranean / Continental,59.13,Cumulus,0.4477,5.749,54.19,14.94,1009.71,0.5,1155.6
2026-07-17T14:00:00+00:00,TR,Turkey,38.9637,35.2433,Mediterranean / Continental,58.69,Stratocumulus,0.6491,11.678,56.83,12.64,1015.91,0.5,2928.3
2026-07-17T15:00:00+00:00,TR,Turkey,38.9637,35.2433,Mediterranean / Continental,52.36,Stratocumulus,0.3977,16.792,54.06,14.3,1011.93,0.5,1895.3
2026-07-17T16:00:00+00:00,TR,Turkey,38.9637,35.2433,Mediterranean / Continental,59.2,Cumulus,0.403,16.259,57.74,11.09,1011.41,0.5,1186.8
2026-07-17T17:00:00+00:00,TR,Turkey,38.9637,35.2433,Mediterranean / Continental,61.45,Cumulus,0.6247,10.446,54.07,13.57,1011.97,0.5,2116.6
2026-07-17T18:00:00+00:00,TR,Turkey,38.9637,35.2433,Mediterranean / Continental,60.84,Cumulus,0.5748,12.185,60.83,12.59,1010.03,0.5,1340.7
2026-07-17T19:00:00+00:00,TR,Turkey,38.9637,35.2433,Mediterranean / Continental,59.05,Cumulus,0.6303,12.834,66.3,6.98,1012.06,0.5,2939.3
2026-07-17T20:00:00+00:00,TR,Turkey,38.9637,35.2433,Mediterranean / Continental,61.75,Altocumulus,0.4975,13.176,59.5,6.41,1006.99,0.5,1001.6
2026-07-17T21:00:00+00:00,TR,Turkey,38.9637,35.2433,Mediterranean / Continental,57.41,Stratocumulus,0.5844,11.646,63.89,9.5,1011.75,0.5,2640.8
2026-07-17T22:00:00+00:00,TR,Turkey,38.9637,35.2433,Mediterranean / Continental,64.28,Cumulus,0.5039,14.212,64.29,4.49,1010.27,0.5,2653.0
2026-07-17T23:00:00+00:00,TR,Turkey,38.9637,35.2433,Mediterranean / Continental,54.05,Altocumulus,0.3942,16.729,61.88,7.87,1012.26,0.5,2095.5
2026-07-18T00:00:00+00:00,TR,Turkey,38.9637,35.2433,Mediterranean / Continental,54.43,Stratocumulus,0.6109,5.762,68.0,4.55,1010.7,0.5,2553.7
2026-07-18T01:00:00+00:00,TR,Turkey,38.9637,35.2433,Mediterranean / Continental,56.45,Altocumulus,0.612,12.796,69.4,7.11,1010.72,0.5,2669.9
2026-07-18T02:00:00+00:00,TR,Turkey,38.9637,35.2433,Mediterranean / Continental,57.07,Stratocumulus,0.535,10.708,64.56,5.79,1013.39,0.5,1718.2
2026-07-18T03:00:00+00:00,TR,Turkey,38.9637,35.2433,Mediterranean / Continental,56.98,Cumulus,0.5316,17.873,66.4,4.7,1010.42,0.5,1718.2
2026-07-18T04:00:00+00:00,TR,Turkey,38.9637,35.2433,Mediterranean / Continental,53.56,Stratocumulus,0.4831,17.132,62.82,8.08,1013.44,0.5,2243.7
2026-07-18T05:00:00+00:00,TR,Turkey,38.9637,35.2433,Mediterranean / Continental,55.73,Stratocumulus,0.3872,8.85,62.74,8.61,1013.39,0.5,1107.2
2026-07-18T06:00:00+00:00,TR,Turkey,38.9637,35.2433,Mediterranean / Continental,42.07,Altocumulus,0.1578,5.524,59.94,10.44,1013.96,0.5,5557.3
2026-07-18T07:00:00+00:00,TR,Turkey,38.9637,35.2433,Mediterranean / Continental,45.64,Cirrus,0.2557,5.508,52.48,13.06,1014.63,0.5,8789.2
2026-07-18T08:00:00+00:00,TR,Turkey,38.9637,35.2433,Mediterranean / Continental,51.17,Stratocumulus,0.3573,7.773,56.17,11.7,1012.16,0.5,1138.3
2026-07-18T09:00:00+00:00,TR,Turkey,38.9637,35.2433,Mediterranean / Continental,51.48,Cumulus,0.5099,14.535,56.33,13.21,1012.67,0.5,1323.8
2026-07-18T10:00:00+00:00,TR,Turkey,38.9637,35.2433,Mediterranean / Continental,42.79,Cirrus,0.1738,4.11,56.6,16.77,1014.0,0.5,5169.1
2026-07-18T11:00:00+00:00,TR,Turkey,38.9637,35.2433,Mediterranean / Continental,51.1,Altocumulus,0.6291,15.524,59.04,13.41,1011.53,0.5,1589.3
2026-07-18T12:00:00+00:00,TR,Turkey,38.9637,35.2433,Mediterranean / Continental,49.66,Altocumulus,0.277,3.53,51.03,13.05,1013.27,0.5,6881.8
2026-07-18T13:00:00+00:00,TR,Turkey,38.9637,35.2433,Mediterranean / Continental,44.16,Cirrus,0.3469,5.675,55.42,16.41,1015.7,0.5,3605.2
2026-07-18T14:00:00+00:00,TR,Turkey,38.9637,35.2433,Mediterranean / Continental,46.95,Cirrus,0.3501,2.76,50.23,16.53,1014.63,0.5,6816.1
2026-07-18T15:00:00+00:00,TR,Turkey,38.9637,35.2433,Mediterranean / Continental,37.69,Altocumulus,0.2017,5.081,53.04,13.72,1014.01,0.5,5953.0
2026-07-18T16:00:00+00:00,TR,Turkey,38.9637,35.2433,Mediterranean / Continental,38.82,Altocumulus,0.3319,3.605,57.58,13.8,1014.8,0.5,7186.9
2026-07-18T17:00:00+00:00,TR,Turkey,38.9637,35.2433,Mediterranean / Continental,38.17,Cumulus,0.1819,1.11,61.57,8.59,1014.03,0.5,3645.4
2026-07-18T18:00:00+00:00,TR,Turkey,38.9637,35.2433,Mediterranean / Continental,41.26,Altocumulus,0.2588,1.104,59.89,12.49,1016.59,0.5,5592.8
2026-07-18T19:00:00+00:00,TR,Turkey,38.9637,35.2433,Mediterranean / Continental,46.67,Cirrus,0.3293,1.066,60.21,9.9,1008.69,0.5,8487.6
2026-07-18T20:00:00+00:00,TR,Turkey,38.9637,35.2433,Mediterranean / Continental,38.62,Cumulus,0.3783,4.483,60.51,8.33,1014.9,0.5,4002.3
2026-07-18T21:00:00+00:00,TR,Turkey,38.9637,35.2433,Mediterranean / Continental,41.02,Cirrus,0.2933,1.848,60.95,7.74,1016.05,0.5,8184.8
2026-07-18T22:00:00+00:00,TR,Turkey,38.9637,35.2433,Mediterranean / Continental,44.05,Cumulus,0.1556,4.178,65.56,6.73,1013.82,0.5,5681.9
2026-07-18T23:00:00+00:00,TR,Turkey,38.9637,35.2433,Mediterranean / Continental,44.75,Cumulus,0.2624,5.608,65.0,5.34,1015.98,0.5,6241.4
2026-07-19T00:00:00+00:00,TR,Turkey,38.9637,35.2433,Mediterranean / Continental,36.52,Cumulus,0.2232,1.155,71.04,5.03,1012.78,0.5,6965.6
2026-07-19T01:00:00+00:00,TR,Turkey,38.9637,35.2433,Mediterranean / Continental,42.71,Altocumulus,0.3705,3.954,70.85,6.25,1013.51,0.5,4429.7
2026-07-19T02:00:00+00:00,TR,Turkey,38.9637,35.2433,Mediterranean / Continental,35.99,Altocumulus,0.1789,5.179,72.81,4.59,1015.0,0.5,6596.0
2026-07-19T03:00:00+00:00,TR,Turkey,38.9637,35.2433,Mediterranean / Continental,41.24,Altocumulus,0.3256,3.091,61.35,9.11,1013.24,0.5,7324.8
2026-07-19T04:00:00+00:00,TR,Turkey,38.9637,35.2433,Mediterranean / Continental,40.65,Altocumulus,0.299,1.913,66.17,6.98,1014.76,0.5,3817.4
2026-07-19T05:00:00+00:00,TR,Turkey,38.9637,35.2433,Mediterranean / Continental,35.74,Altocumulus,0.2105,2.975,60.82,7.05,1016.51,0.5,8353.9
2026-07-19T06:00:00+00:00,TR,Turkey,38.9637,35.2433,Mediterranean / Continental,46.68,Altocumulus,0.338,1.109,60.37,10.22,1013.9,0.5,6734.3
2026-07-19T07:00:00+00:00,TR,Turkey,38.9637,35.2433,Mediterranean / Continental,35.37,Cumulus,0.2563,1.717,59.74,11.94,1016.86,0.5,7477.5
2026-07-19T08:00:00+00:00,TR,Turkey,38.9637,35.2433,Mediterranean / Continental,37.07,Cumulus,0.2855,2.482,50.14,10.11,1016.26,0.5,8258.5
2026-07-19T09:00:00+00:00,TR,Turkey,38.9637,35.2433,Mediterranean / Continental,37.44,Cumulus,0.1857,5.909,58.76,13.36,1015.28,0.5,7871.6
2026-07-19T10:00:00+00:00,TR,Turkey,38.9637,35.2433,Mediterranean / Continental,41.29,Altocumulus,0.3768,3.696,55.08,15.74,1013.96,0.5,4961.9
2026-07-19T11:00:00+00:00,TR,Turkey,38.9637,35.2433,Mediterranean / Continental,39.23,Cumulus,0.2065,3.737,48.7,14.97,1012.8,0.5,6591.3
2026-07-19T12:00:00+00:00,TR,Turkey,38.9637,35.2433,Mediterranean / Continental,40.99,Altocumulus,0.2149,1.645,51.67,15.57,1015.19,0.5,4613.3
2026-07-19T13:00:00+00:00,TR,Turkey,38.9637,35.2433,Mediterranean / Continental,48.24,Cumulus,0.3063,3.028,53.92,14.08,1013.85,0.5,5289.0
2026-07-19T14:00:00+00:00,TR,Turkey,38.9637,35.2433,Mediterranean / Continental,54.86,Cumulus,0.5584,14.036,52.14,13.84,1013.39,0.5,2355.5
2026-07-19T15:00:00+00:00,TR,Turkey,38.9637,35.2433,Mediterranean / Continental,51.84,Cumulus,0.4902,12.795,54.19,13.62,1010.42,0.5,2288.4
2026-07-19T16:00:00+00:00,TR,Turkey,38.9637,35.2433,Mediterranean / Continental,50.58,Stratocumulus,0.4136,12.273,55.0,11.54,1009.58,0.5,2174.1
2026-07-19T17:00:00+00:00,TR,Turkey,38.9637,35.2433,Mediterranean / Continental,62.97,Altocumulus,0.4056,5.921,57.83,12.05,1010.63,0.5,2986.4
2026-07-19T18:00:00+00:00,TR,Turkey,38.9637,35.2433,Mediterranean / Continental,63.14,Altocumulus,0.4679,11.753,59.08,13.48,1010.53,0.5,2781.0
2026-07-19T19:00:00+00:00,TR,Turkey,38.9637,35.2433,Mediterranean / Continental,53.05,Cumulus,0.4245,6.039,63.63,7.1,1010.95,0.5,2874.1
2026-07-19T20:00:00+00:00,TR,Turkey,38.9637,35.2433,Mediterranean / Continental,57.01,Altocumulus,0.5436,15.343,66.08,5.9,1011.62,0.5,1827.9
2026-07-19T21:00:00+00:00,TR,Turkey,38.9637,35.2433,Mediterranean / Continental,54.64,Cumulus,0.3645,13.27,62.92,6.8,1013.52,0.5,2630.4
2026-07-19T22:00:00+00:00,TR,Turkey,38.9637,35.2433,Mediterranean / Continental,60.37,Stratocumulus,0.3997,17.468,67.23,6.6,1011.88,0.5,1521.5
2026-07-19T23:00:00+00:00,TR,Turkey,38.9637,35.2433,Mediterranean / Continental,61.31,Altocumulus,0.464,11.431,67.04,3.64,1011.63,0.5,2850.0
2026-07-20T00:00:00+00:00,TR,Turkey,38.9637,35.2433,Mediterranean / Continental,62.28,Cumulus,0.4819,16.345,64.92,5.24,1013.43,0.5,1312.9
2026-07-20T01:00:00+00:00,TR,Turkey,38.9637,35.2433,Mediterranean / Continental,64.49,Altocumulus,0.357,11.248,65.47,4.93,1009.17,0.5,1102.4
2026-07-20T02:00:00+00:00,TR,Turkey,38.9637,35.2433,Mediterranean / Continental,72.8,Cumulus,0.3854,9.588,65.51,4.23,1009.32,0.5,2689.7
2026-07-20T03:00:00+00:00,TR,Turkey,38.9637,35.2433,Mediterranean / Continental,60.02,Cumulus,0.4278,13.324,67.59,5.48,1013.78,0.5,2141.4
2026-07-20T04:00:00+00:00,TR,Turkey,38.9637,35.2433,Mediterranean / Continental,62.28,Stratocumulus,0.3942,10.538,62.4,9.94,1013.1,0.5,2462.1
2026-07-20T05:00:00+00:00,TR,Turkey,38.9637,35.2433,Mediterranean / Continental,65.41,Cumulus,0.4434,10.816,58.63,7.42,1009.98,0.5,1530.1
2026-07-20T06:00:00+00:00,TR,Turkey,38.9637,35.2433,Mediterranean / Continental,66.42,Cumulus,0.5557,15.586,65.4,7.99,1010.91,0.5,2649.5
2026-07-20T07:00:00+00:00,TR,Turkey,38.9637,35.2433,Mediterranean / Continental,67.11,Stratocumulus,0.4888,9.808,58.21,12.15,1011.05,0.5,1720.4
2026-07-20T08:00:00+00:00,TR,Turkey,38.9637,35.2433,Mediterranean / Continental,59.35,Altocumulus,0.5022,8.057,55.02,10.22,1012.84,0.5,1125.3
2026-07-20T09:00:00+00:00,TR,Turkey,38.9637,35.2433,Mediterranean / Continental,62.83,Altocumulus,0.4716,8.337,57.21,13.45,1010.13,0.5,1407.2
2026-07-20T10:00:00+00:00,TR,Turkey,38.9637,35.2433,Mediterranean / Continental,79.65,Altocumulus,0.4535,17.879,50.42,15.68,1008.74,0.5,1060.2
2026-07-20T11:00:00+00:00,TR,Turkey,38.9637,35.2433,Mediterranean / Continental,65.02,Altocumulus,0.5703,13.755,52.58,15.41,1011.21,0.5,1681.4
2026-07-20T12:00:00+00:00,TR,Turkey,38.9637,35.2433,Mediterranean / Continental,67.15,Altocumulus,0.6334,8.672,58.75,16.3,1009.15,0.5,1780.0
2026-07-20T13:00:00+00:00,TR,Turkey,38.9637,35.2433,Mediterranean / Continental,77.89,Cumulus,0.6484,11.297,54.41,14.96,1011.94,0.5,1821.9
2026-07-20T14:00:00+00:00,TR,Turkey,38.9637,35.2433,Mediterranean / Continental,72.72,Stratocumulus,0.6385,5.42,49.09,13.29,1009.16,0.5,1704.9
2026-07-20T15:00:00+00:00,TR,Turkey,38.9637,35.2433,Mediterranean / Continental,66.82,Stratocumulus,0.4617,8.412,51.79,13.03,1011.69,0.5,2271.1
2026-07-20T16:00:00+00:00,TR,Turkey,38.9637,35.2433,Mediterranean / Continental,69.52,Cumulus,0.5291,9.961,53.12,14.57,1011.95,0.5,2478.5
2026-07-20T17:00:00+00:00,TR,Turkey,38.9637,35.2433,Mediterranean / Continental,60.56,Cumulus,0.4058,8.672,56.38,12.38,1010.53,0.5,1195.4
2026-07-20T18:00:00+00:00,TR,Turkey,38.9637,35.2433,Mediterranean / Continental,69.16,Altocumulus,0.5104,8.541,61.15,9.37,1010.16,0.5,2612.7
2026-07-20T19:00:00+00:00,TR,Turkey,38.9637,35.2433,Mediterranean / Continental,61.02,Stratocumulus,0.3522,15.429,64.26,8.78,1012.41,0.5,2242.9
2026-07-20T20:00:00+00:00,TR,Turkey,38.9637,35.2433,Mediterranean / Continental,59.28,Cumulus,0.6043,11.255,63.09,7.31,1012.64,0.5,1671.4
2026-07-20T21:00:00+00:00,TR,Turkey,38.9637,35.2433,Mediterranean / Continental,66.11,Stratocumulus,0.602,8.424,66.41,4.24,1009.89,0.5,2089.5
2026-07-20T22:00:00+00:00,TR,Turkey,38.9637,35.2433,Mediterranean / Continental,63.77,Altocumulus,0.6317,11.929,67.65,6.84,1012.06,0.5,2767.6
2026-07-20T23:00:00+00:00,TR,Turkey,38.9637,35.2433,Mediterranean / Continental,69.19,Cumulus,0.4892,13.687,67.1,5.01,1006.85,0.5,1753.5
2026-07-21T00:00:00+00:00,TR,Turkey,38.9637,35.2433,Mediterranean / Continental,55.37,Cumulus,0.587,8.965,64.18,5.15,1011.42,0.5,2189.4
2026-07-21T01:00:00+00:00,TR,Turkey,38.9637,35.2433,Mediterranean / Continental,67.14,Cumulus,0.3598,10.311,67.92,5.19,1010.89,0.5,2513.0
2026-07-21T02:00:00+00:00,TR,Turkey,38.9637,35.2433,Mediterranean / Continental,61.74,Stratocumulus,0.4037,12.619,67.71,2.0,1011.5,0.5,2751.0
2026-07-21T03:00:00+00:00,TR,Turkey,38.9637,35.2433,Mediterranean / Continental,55.66,Cumulus,0.6315,13.622,65.29,6.42,1013.12,0.5,2020.8
2026-07-21T04:00:00+00:00,TR,Turkey,38.9637,35.2433,Mediterranean / Continental,60.48,Cumulus,0.4356,5.869,61.62,8.72,1013.47,0.5,2304.0
2026-07-21T05:00:00+00:00,TR,Turkey,38.9637,35.2433,Mediterranean / Continental,54.98,Altocumulus,0.6277,6.908,63.33,9.18,1014.52,0.5,2334.2
2026-07-21T06:00:00+00:00,TR,Turkey,38.9637,35.2433,Mediterranean / Continental,59.72,Cumulus,0.5524,16.28,61.12,8.13,1011.93,0.5,1048.9
2026-07-21T07:00:00+00:00,TR,Turkey,38.9637,35.2433,Mediterranean / Continental,50.73,Altocumulus,0.4788,6.99,53.55,10.18,1013.0,0.5,2630.0
2026-07-21T08:00:00+00:00,TR,Turkey,38.9637,35.2433,Mediterranean / Continental,48.89,Altocumulus,0.2521,2.63,60.4,12.76,1013.19,0.5,7588.6
2026-07-21T09:00:00+00:00,TR,Turkey,38.9637,35.2433,Mediterranean / Continental,52.88,Stratocumulus,0.3587,6.736,61.36,13.47,1011.58,0.5,2940.4
2026-07-21T10:00:00+00:00,TR,Turkey,38.9637,35.2433,Mediterranean / Continental,46.14,Cirrus,0.2736,5.973,49.11,14.46,1013.98,0.5,5121.1
2026-07-21T11:00:00+00:00,TR,Turkey,38.9637,35.2433,Mediterranean / Continental,47.85,Cirrus,0.2459,2.362,48.98,12.5,1014.4,0.5,6150.7
2026-07-21T12:00:00+00:00,TR,Turkey,38.9637,35.2433,Mediterranean / Continental,51.86,Altocumulus,0.3855,15.309,54.23,13.64,1013.17,0.5,2292.0
2026-07-21T13:00:00+00:00,TR,Turkey,38.9637,35.2433,Mediterranean / Continental,45.22,Cumulus,0.1586,4.518,53.18,13.13,1014.69,0.5,8236.1
2026-07-21T14:00:00+00:00,TR,Turkey,38.9637,35.2433,Mediterranean / Continental,42.05,Cumulus,0.2999,4.723,53.56,13.81,1014.44,0.5,8297.9
2026-07-21T15:00:00+00:00,TR,Turkey,38.9637,35.2433,Mediterranean / Continental,45.4,Cirrus,0.3146,1.009,60.3,12.76,1015.41,0.5,8698.4
2026-07-21T16:00:00+00:00,TR,Turkey,38.9637,35.2433,Mediterranean / Continental,46.67,Cirrus,0.1903,2.799,53.99,12.41,1016.98,0.5,5050.6
2026-07-21T17:00:00+00:00,TR,Turkey,38.9637,35.2433,Mediterranean / Continental,39.02,Cirrus,0.2636,3.446,60.1,13.08,1016.14,0.5,4304.2
2026-07-21T18:00:00+00:00,TR,Turkey,38.9637,35.2433,Mediterranean / Continental,30.33,Cumulus,0.2426,5.093,64.17,9.12,1014.41,0.5,6475.3
2026-07-21T19:00:00+00:00,TR,Turkey,38.9637,35.2433,Mediterranean / Continental,34.31,Cumulus,0.2066,2.512,60.59,7.55,1018.22,0.5,6254.2
2026-07-21T20:00:00+00:00,TR,Turkey,38.9637,35.2433,Mediterranean / Continental,32.97,Cirrus,0.3417,5.481,64.5,7.79,1015.19,0.5,5387.7
2026-07-21T21:00:00+00:00,TR,Turkey,38.9637,35.2433,Mediterranean / Continental,39.97,Altocumulus,0.1556,3.299,61.02,6.65,1013.89,0.5,6101.4
2026-07-21T22:00:00+00:00,TR,Turkey,38.9637,35.2433,Mediterranean / Continental,31.25,Cirrus,0.2626,4.683,67.2,4.82,1017.04,0.5,8458.9
2026-07-21T23:00:00+00:00,TR,Turkey,38.9637,35.2433,Mediterranean / Continental,28.31,Cirrus,0.3545,1.55,66.89,4.34,1014.04,0.5,3786.4
2026-07-22T00:00:00+00:00,TR,Turkey,38.9637,35.2433,Mediterranean / Continental,29.88,Cumulus,0.3013,4.698,70.51,6.8,1015.18,0.5,7360.5
2026-07-22T01:00:00+00:00,TR,Turkey,38.9637,35.2433,Mediterranean / Continental,27.17,Altocumulus,0.3147,3.676,70.57,8.48,1015.06,0.5,7639.2
2026-07-22T02:00:00+00:00,TR,Turkey,38.9637,35.2433,Mediterranean / Continental,39.95,Altocumulus,0.3219,2.613,64.06,5.94,1015.05,0.5,5512.7
2026-07-22T03:00:00+00:00,TR,Turkey,38.9637,35.2433,Mediterranean / Continental,33.85,Cirrus,0.3211,5.937,67.75,4.84,1016.0,0.5,7829.8
2026-07-22T04:00:00+00:00,TR,Turkey,38.9637,35.2433,Mediterranean / Continental,31.17,Cumulus,0.2483,5.606,63.8,6.66,1014.8,0.5,7366.4
2026-07-22T05:00:00+00:00,TR,Turkey,38.9637,35.2433,Mediterranean / Continental,32.18,Cumulus,0.2154,2.333,60.16,10.12,1016.49,0.5,8437.4
2026-07-22T06:00:00+00:00,TR,Turkey,38.9637,35.2433,Mediterranean / Continental,32.33,Altocumulus,0.3164,4.56,56.88,8.64,1013.78,0.5,5221.2
2026-07-22T07:00:00+00:00,TR,Turkey,38.9637,35.2433,Mediterranean / Continental,22.52,Altocumulus,0.1583,2.929,56.93,12.89,1018.93,0.5,3926.9
2026-07-22T08:00:00+00:00,TR,Turkey,38.9637,35.2433,Mediterranean / Continental,31.27,Cumulus,0.2987,2.897,56.64,14.4,1016.5,0.5,6126.0
2026-07-22T09:00:00+00:00,TR,Turkey,38.9637,35.2433,Mediterranean / Continental,26.97,Cirrus,0.1719,5.749,57.73,14.33,1017.29,0.5,7602.6
2026-07-22T10:00:00+00:00,TR,Turkey,38.9637,35.2433,Mediterranean / Continental,29.79,Cumulus,0.3053,3.306,57.32,12.77,1016.1,0.5,5910.2
2026-07-22T11:00:00+00:00,TR,Turkey,38.9637,35.2433,Mediterranean / Continental,36.89,Cirrus,0.2853,4.637,53.58,13.18,1015.05,0.5,8434.7
2026-07-22T12:00:00+00:00,TR,Turkey,38.9637,35.2433,Mediterranean / Continental,24.31,Altocumulus,0.2074,4.776,54.87,13.45,1016.1,0.5,7052.5
2026-07-22T13:00:00+00:00,TR,Turkey,38.9637,35.2433,Mediterranean / Continental,34.45,Altocumulus,0.1989,5.542,51.26,14.91,1016.04,0.5,4619.4
2026-07-22T14:00:00+00:00,TR,Turkey,38.9637,35.2433,Mediterranean / Continental,32.52,Cumulus,0.3024,1.91,52.52,12.26,1016.51,0.5,6150.6
2026-07-22T15:00:00+00:00,TR,Turkey,38.9637,35.2433,Mediterranean / Continental,42.3,Altocumulus,0.2122,3.376,59.24,11.57,1014.23,0.5,6042.6
2026-07-22T16:00:00+00:00,TR,Turkey,38.9637,35.2433,Mediterranean / Continental,35.3,Altocumulus,0.1733,2.155,63.31,14.25,1014.84,0.5,7701.9
2026-07-22T17:00:00+00:00,TR,Turkey,38.9637,35.2433,Mediterranean / Continental,33.75,Cirrus,0.1619,3.856,59.46,12.38,1015.34,0.5,8025.6
2026-07-22T18:00:00+00:00,TR,Turkey,38.9637,35.2433,Mediterranean / Continental,28.08,Altocumulus,0.34,4.789,60.6,12.65,1014.89,0.5,8429.1
2026-07-22T19:00:00+00:00,TR,Turkey,38.9637,35.2433,Mediterranean / Continental,33.94,Altocumulus,0.1948,5.323,63.57,7.77,1014.38,0.5,5163.2
2026-07-22T20:00:00+00:00,TR,Turkey,38.9637,35.2433,Mediterranean / Continental,33.76,Cumulus,0.1655,2.936,62.65,7.19,1014.18,0.5,7984.2
2026-07-22T21:00:00+00:00,TR,Turkey,38.9637,35.2433,Mediterranean / Continental,39.9,Altocumulus,0.3027,2.814,61.01,2.82,1014.61,0.5,8657.7
2026-07-22T22:00:00+00:00,TR,Turkey,38.9637,35.2433,Mediterranean / Continental,37.0,Cirrus,0.272,1.029,67.11,7.21,1014.18,0.5,6653.6
2026-07-22T23:00:00+00:00,TR,Turkey,38.9637,35.2433,Mediterranean / Continental,35.13,Cirrus,0.1889,4.254,63.12,4.17,1017.01,0.5,7935.1
2026-07-23T00:00:00+00:00,TR,Turkey,38.9637,35.2433,Mediterranean / Continental,43.26,Cumulus,0.1748,3.763,60.97,4.75,1017.54,0.5,7960.1
2026-07-23T01:00:00+00:00,TR,Turkey,38.9637,35.2433,Mediterranean / Continental,36.54,Cumulus,0.1622,2.23,70.87,5.65,1016.11,0.5,4861.9
2026-07-23T02:00:00+00:00,TR,Turkey,38.9637,35.2433,Mediterranean / Continental,36.24,Cumulus,0.3563,2.33,69.93,6.59,1013.98,0.5,8239.7
2026-07-23T03:00:00+00:00,TR,Turkey,38.9637,35.2433,Mediterranean / Continental,42.5,Altocumulus,0.2931,2.857,65.59,6.56,1013.45,0.5,8322.5
2026-07-23T04:00:00+00:00,TR,Turkey,38.9637,35.2433,Mediterranean / Continental,51.8,Stratocumulus,0.486,16.794,64.39,5.75,1013.25,0.5,2167.7
2026-07-23T05:00:00+00:00,TR,Turkey,38.9637,35.2433,Mediterranean / Continental,39.75,Cirrus,0.3077,4.932,64.34,8.17,1016.66,0.5,3522.6
2026-07-23T06:00:00+00:00,TR,Turkey,38.9637,35.2433,Mediterranean / Continental,46.37,Cumulus,0.273,4.749,55.4,10.6,1013.2,0.5,6718.9
2026-07-23T07:00:00+00:00,TR,Turkey,38.9637,35.2433,Mediterranean / Continental,53.82,Altocumulus,0.4214,10.144,56.52,13.59,1009.23,0.5,2159.1
2026-07-23T08:00:00+00:00,TR,Turkey,38.9637,35.2433,Mediterranean / Continental,50.79,Stratocumulus,0.3511,10.568,57.77,11.32,1012.04,0.5,2684.7
2026-07-23T09:00:00+00:00,TR,Turkey,38.9637,35.2433,Mediterranean / Continental,48.78,Cirrus,0.2048,1.883,54.56,12.28,1012.7,0.5,8769.0
2026-07-23T10:00:00+00:00,TR,Turkey,38.9637,35.2433,Mediterranean / Continental,53.42,Cumulus,0.4581,14.207,56.26,13.72,1013.62,0.5,2973.8
2026-07-23T11:00:00+00:00,TR,Turkey,38.9637,35.2433,Mediterranean / Continental,46.9,Cumulus,0.2495,2.833,57.78,14.66,1013.35,0.5,4085.2
2026-07-23T12:00:00+00:00,TR,Turkey,38.9637,35.2433,Mediterranean / Continental,55.06,Cumulus,0.4053,7.905,54.06,13.97,1012.77,0.5,2862.4
2026-07-23T13:00:00+00:00,TR,Turkey,38.9637,35.2433,Mediterranean / Continental,60.59,Altocumulus,0.5047,8.361,54.09,13.91,1015.21,0.5,1227.4
2026-07-23T14:00:00+00:00,TR,Turkey,38.9637,35.2433,Mediterranean / Continental,55.02,Altocumulus,0.3691,6.054,54.92,14.64,1013.6,0.5,1449.8
2026-07-23T15:00:00+00:00,TR,Turkey,38.9637,35.2433,Mediterranean / Continental,56.01,Stratocumulus,0.4783,15.829,58.32,13.39,1013.08,0.5,1029.3
2026-07-23T16:00:00+00:00,TR,Turkey,38.9637,35.2433,Mediterranean / Continental,37.47,Cumulus,0.1977,2.417,55.77,12.41,1012.59,0.5,4302.1
2026-07-23T17:00:00+00:00,TR,Turkey,38.9637,35.2433,Mediterranean / Continental,47.59,Cumulus,0.3632,1.654,57.77,10.26,1011.79,0.5,4276.8
2026-07-23T18:00:00+00:00,TR,Turkey,38.9637,35.2433,Mediterranean / Continental,46.55,Altocumulus,0.3164,3.006,62.8,11.68,1014.88,0.5,5525.8
2026-07-23T19:00:00+00:00,TR,Turkey,38.9637,35.2433,Mediterranean / Continental,46.98,Cirrus,0.3575,1.157,58.57,7.95,1014.58,0.5,3802.1
2026-07-23T20:00:00+00:00,TR,Turkey,38.9637,35.2433,Mediterranean / Continental,59.13,Altocumulus,0.3825,13.84,65.05,8.9,1011.83,0.5,2296.5
2026-07-23T21:00:00+00:00,TR,Turkey,38.9637,35.2433,Mediterranean / Continental,53.01,Cumulus,0.4477,7.593,66.91,5.88,1013.07,0.5,1884.1
2026-07-23T22:00:00+00:00,TR,Turkey,38.9637,35.2433,Mediterranean / Continental,55.56,Stratocumulus,0.4551,13.403,64.7,4.8,1013.21,0.5,1073.2
2026-07-23T23:00:00+00:00,TR,Turkey,38.9637,35.2433,Mediterranean / Continental,44.11,Cumulus,0.1839,1.768,74.23,5.24,1014.5,0.5,7443.1
2026-07-24T00:00:00+00:00,TR,Turkey,38.9637,35.2433,Mediterranean / Continental,44.82,Altocumulus,0.3273,3.72,70.46,6.74,1015.72,0.5,5662.9
2026-07-24T01:00:00+00:00,TR,Turkey,38.9637,35.2433,Mediterranean / Continental,53.26,Cumulus,0.5811,17.784,77.08,3.97,1009.22,0.5,2308.9
2026-07-24T02:00:00+00:00,TR,Turkey,38.9637,35.2433,Mediterranean / Continental,44.15,Altocumulus,0.1602,2.71,68.04,5.55,1012.99,0.5,6818.3
2026-07-24T03:00:00+00:00,TR,Turkey,38.9637,35.2433,Mediterranean / Continental,55.05,Cumulus,0.6156,17.991,63.43,7.25,1014.03,0.5,1777.4
2026-07-24T04:00:00+00:00,TR,Turkey,38.9637,35.2433,Mediterranean / Continental,37.8,Cumulus,0.2101,3.64,65.09,7.93,1015.93,0.5,5070.9
2026-07-24T05:00:00+00:00,TR,Turkey,38.9637,35.2433,Mediterranean / Continental,47.54,Cirrus,0.3279,1.205,55.19,8.96,1013.56,0.5,7372.3
2026-07-24T06:00:00+00:00,TR,Turkey,38.9637,35.2433,Mediterranean / Continental,39.07,Altocumulus,0.2224,3.085,61.27,9.03,1015.26,0.5,7443.6
2026-07-24T07:00:00+00:00,TR,Turkey,38.9637,35.2433,Mediterranean / Continental,38.42,Cirrus,0.2369,5.693,55.9,12.03,1014.32,0.5,4620.8
2026-07-24T08:00:00+00:00,TR,Turkey,38.9637,35.2433,Mediterranean / Continental,29.9,Altocumulus,0.2522,3.508,61.58,12.64,1016.42,0.5,3505.6
2026-07-24T09:00:00+00:00,TR,Turkey,38.9637,35.2433,Mediterranean / Continental,33.26,Altocumulus,0.3392,1.825,52.41,12.53,1016.73,0.5,8023.8
2026-07-24T10:00:00+00:00,TR,Turkey,38.9637,35.2433,Mediterranean / Continental,36.71,Cumulus,0.36,1.563,54.83,12.72,1016.39,0.5,4590.6
2026-07-24T11:00:00+00:00,TR,Turkey,38.9637,35.2433,Mediterranean / Continental,44.19,Cumulus,0.1753,4.255,53.92,15.17,1013.89,0.5,4256.2
2026-07-24T12:00:00+00:00,TR,Turkey,38.9637,35.2433,Mediterranean / Continental,34.54,Cumulus,0.3484,2.399,52.24,17.51,1014.46,0.5,8550.6
2026-07-24T13:00:00+00:00,TR,Turkey,38.9637,35.2433,Mediterranean / Continental,39.12,Altocumulus,0.2579,5.927,53.53,18.48,1016.27,0.5,4365.7
2026-07-24T14:00:00+00:00,TR,Turkey,38.9637,35.2433,Mediterranean / Continental,33.01,Cirrus,0.2361,5.142,48.93,17.25,1016.22,0.5,7548.2
2026-07-24T15:00:00+00:00,TR,Turkey,38.9637,35.2433,Mediterranean / Continental,31.16,Cumulus,0.1941,4.181,59.48,12.49,1014.74,0.5,3870.5
2026-07-24T16:00:00+00:00,TR,Turkey,38.9637,35.2433,Mediterranean / Continental,34.66,Cumulus,0.3384,1.079,57.9,15.58,1016.06,0.5,4181.9
2026-07-24T17:00:00+00:00,TR,Turkey,38.9637,35.2433,Mediterranean / Continental,34.4,Cumulus,0.3193,5.311,65.98,9.29,1014.0,0.5,3634.6
2026-07-24T18:00:00+00:00,TR,Turkey,38.9637,35.2433,Mediterranean / Continental,33.14,Cirrus,0.2524,2.702,55.49,9.97,1013.23,0.5,7001.5
2026-07-24T19:00:00+00:00,TR,Turkey,38.9637,35.2433,Mediterranean / Continental,28.1,Cirrus,0.2812,4.956,57.2,9.38,1017.13,0.5,7988.5
2026-07-24T20:00:00+00:00,TR,Turkey,38.9637,35.2433,Mediterranean / Continental,31.31,Cumulus,0.2283,5.683,67.12,8.34,1015.49,0.5,6096.5
2026-07-24T21:00:00+00:00,TR,Turkey,38.9637,35.2433,Mediterranean / Continental,29.39,Altocumulus,0.3291,3.924,60.48,9.0,1015.78,0.5,6760.9
2026-07-24T22:00:00+00:00,TR,Turkey,38.9637,35.2433,Mediterranean / Continental,23.23,Cumulus,0.2516,5.461,69.03,5.97,1018.6,0.5,4422.1
2026-07-24T23:00:00+00:00,TR,Turkey,38.9637,35.2433,Mediterranean / Continental,17.75,Altocumulus,0.2393,5.514,69.32,5.77,1017.0,0.5,6725.1
2026-07-25T00:00:00+00:00,TR,Turkey,38.9637,35.2433,Mediterranean / Continental,20.25,Altocumulus,0.3114,1.289,61.56,4.37,1016.69,0.5,5056.1
2026-07-25T01:00:00+00:00,TR,Turkey,38.9637,35.2433,Mediterranean / Continental,22.89,Cumulus,0.3171,3.304,66.04,4.24,1017.02,0.5,6217.6
2026-07-25T02:00:00+00:00,TR,Turkey,38.9637,35.2433,Mediterranean / Continental,13.17,Clear,0.0972,0.404,72.69,7.02,1018.69,0.5,0
2026-07-25T03:00:00+00:00,TR,Turkey,38.9637,35.2433,Mediterranean / Continental,23.19,Cirrus,0.1792,1.476,63.31,7.91,1018.48,0.5,8806.5
2026-07-25T04:00:00+00:00,TR,Turkey,38.9637,35.2433,Mediterranean / Continental,23.65,Altocumulus,0.2429,2.489,59.31,7.91,1017.97,0.5,5003.9
2026-07-25T05:00:00+00:00,TR,Turkey,38.9637,35.2433,Mediterranean / Continental,26.85,Cirrus,0.2999,4.188,61.06,10.15,1017.43,0.5,4386.6
2026-07-25T06:00:00+00:00,TR,Turkey,38.9637,35.2433,Mediterranean / Continental,18.75,Cirrus,0.2559,4.796,61.64,10.45,1016.04,0.5,4773.6
2026-07-25T07:00:00+00:00,TR,Turkey,38.9637,35.2433,Mediterranean / Continental,32.25,Cumulus,0.2534,4.459,55.8,12.5,1014.68,0.5,4359.8
2026-07-25T08:00:00+00:00,TR,Turkey,38.9637,35.2433,Mediterranean / Continental,24.23,Cumulus,0.371,2.008,58.65,12.64,1020.14,0.5,8267.4
2026-07-25T09:00:00+00:00,TR,Turkey,38.9637,35.2433,Mediterranean / Continental,27.01,Cumulus,0.1855,5.754,59.34,12.76,1018.25,0.5,8412.1
2026-07-25T10:00:00+00:00,TR,Turkey,38.9637,35.2433,Mediterranean / Continental,14.26,Clear,0.1159,0.101,54.14,14.24,1016.93,0.5,0
2026-07-25T11:00:00+00:00,TR,Turkey,38.9637,35.2433,Mediterranean / Continental,23.78,Cumulus,0.1774,2.114,50.68,15.05,1016.89,0.5,8808.5
2026-07-25T12:00:00+00:00,TR,Turkey,38.9637,35.2433,Mediterranean / Continental,21.42,Cumulus,0.2494,4.158,54.14,14.43,1018.16,0.5,4576.0
2026-07-25T13:00:00+00:00,TR,Turkey,38.9637,35.2433,Mediterranean / Continental,20.8,Cirrus,0.3529,4.674,55.31,13.56,1017.05,0.5,6840.8
2026-07-25T14:00:00+00:00,TR,Turkey,38.9637,35.2433,Mediterranean / Continental,29.15,Altocumulus,0.3282,3.207,54.31,14.04,1019.13,0.5,5861.2
2026-07-25T15:00:00+00:00,TR,Turkey,38.9637,35.2433,Mediterranean / Continental,27.58,Cumulus,0.1854,1.434,49.23,15.71,1016.74,0.5,8984.1
2026-07-25T16:00:00+00:00,TR,Turkey,38.9637,35.2433,Mediterranean / Continental,21.43,Cumulus,0.168,1.518,60.19,10.57,1019.69,0.5,4661.8
2026-07-25T17:00:00+00:00,TR,Turkey,38.9637,35.2433,Mediterranean / Continental,34.78,Cirrus,0.363,5.518,58.22,12.11,1016.39,0.5,3996.1
2026-07-25T18:00:00+00:00,TR,Turkey,38.9637,35.2433,Mediterranean / Continental,27.51,Cirrus,0.1562,1.249,57.62,8.65,1014.74,0.5,8104.4
2026-07-25T19:00:00+00:00,TR,Turkey,38.9637,35.2433,Mediterranean / Continental,23.58,Cumulus,0.1813,5.501,63.69,9.34,1017.8,0.5,4492.0
2026-07-25T20:00:00+00:00,TR,Turkey,38.9637,35.2433,Mediterranean / Continental,28.24,Altocumulus,0.3677,1.796,70.37,6.72,1016.68,0.5,5458.5
2026-07-25T21:00:00+00:00,TR,Turkey,38.9637,35.2433,Mediterranean / Continental,31.07,Altocumulus,0.3236,5.493,64.79,6.11,1017.17,0.5,8706.9
2026-07-25T22:00:00+00:00,TR,Turkey,38.9637,35.2433,Mediterranean / Continental,35.89,Altocumulus,0.2619,4.929,67.43,6.19,1015.61,0.5,7538.4
2026-07-25T23:00:00+00:00,TR,Turkey,38.9637,35.2433,Mediterranean / Continental,26.72,Altocumulus,0.1854,4.635,64.58,4.8,1019.95,0.5,6671.0
2026-07-26T00:00:00+00:00,TR,Turkey,38.9637,35.2433,Mediterranean / Continental,32.69,Cirrus,0.3479,3.882,66.99,5.65,1016.19,0.5,7945.2
2026-07-26T01:00:00+00:00,TR,Turkey,38.9637,35.2433,Mediterranean / Continental,37.39,Altocumulus,0.2555,4.478,64.43,5.67,1014.04,0.5,5274.3
2026-07-26T02:00:00+00:00,TR,Turkey,38.9637,35.2433,Mediterranean / Continental,37.59,Cumulus,0.3281,5.004,64.49,5.14,1015.13,0.5,5573.2
2026-07-26T03:00:00+00:00,TR,Turkey,38.9637,35.2433,Mediterranean / Continental,49.73,Cirrus,0.2304,1.03,62.55,3.19,1014.35,0.5,4298.8
2026-07-26T04:00:00+00:00,TR,Turkey,38.9637,35.2433,Mediterranean / Continental,41.61,Cumulus,0.2542,2.675,68.93,5.94,1013.23,0.5,6255.4
2026-07-26T05:00:00+00:00,TR,Turkey,38.9637,35.2433,Mediterranean / Continental,45.67,Altocumulus,0.2335,3.012,60.91,7.8,1013.85,0.5,5011.3
2026-07-26T06:00:00+00:00,TR,Turkey,38.9637,35.2433,Mediterranean / Continental,46.02,Cirrus,0.1769,2.0,61.68,9.52,1013.02,0.5,3783.2
2026-07-26T07:00:00+00:00,TR,Turkey,38.9637,35.2433,Mediterranean / Continental,47.59,Altocumulus,0.3773,1.978,59.87,11.39,1012.96,0.5,4555.6
2026-07-26T08:00:00+00:00,TR,Turkey,38.9637,35.2433,Mediterranean / Continental,44.85,Cirrus,0.154,1.442,55.73,10.95,1012.19,0.5,3584.2
2026-07-26T09:00:00+00:00,TR,Turkey,38.9637,35.2433,Mediterranean / Continental,53.13,Stratocumulus,0.6168,11.39,53.36,12.87,1013.45,0.5,2558.9
2026-07-26T10:00:00+00:00,TR,Turkey,38.9637,35.2433,Mediterranean / Continental,49.34,Cirrus,0.2029,3.408,57.43,12.01,1015.15,0.5,5406.5
2026-07-26T11:00:00+00:00,TR,Turkey,38.9637,35.2433,Mediterranean / Continental,55.56,Altocumulus,0.3604,12.819,53.2,14.55,1013.24,0.5,1187.9
2026-07-26T12:00:00+00:00,TR,Turkey,38.9637,35.2433,Mediterranean / Continental,57.28,Stratocumulus,0.568,15.517,51.48,15.18,1013.38,0.5,2088.2
2026-07-26T13:00:00+00:00,TR,Turkey,38.9637,35.2433,Mediterranean / Continental,59.92,Altocumulus,0.5654,13.697,51.62,14.71,1013.93,0.5,1790.2
2026-07-26T14:00:00+00:00,TR,Turkey,38.9637,35.2433,Mediterranean / Continental,55.66,Altocumulus,0.3832,6.178,52.65,14.0,1014.24,0.5,2779.0
2026-07-26T15:00:00+00:00,TR,Turkey,38.9637,35.2433,Mediterranean / Continental,53.31,Cumulus,0.648,6.907,53.41,15.51,1014.92,0.5,1380.9
2026-07-26T16:00:00+00:00,TR,Turkey,38.9637,35.2433,Mediterranean / Continental,50.26,Altocumulus,0.5952,11.276,57.12,12.56,1012.48,0.5,1060.8
2026-07-26T17:00:00+00:00,TR,Turkey,38.9637,35.2433,Mediterranean / Continental,54.43,Cumulus,0.4639,6.172,56.89,12.81,1011.06,0.5,2830.3
2026-07-26T18:00:00+00:00,TR,Turkey,38.9637,35.2433,Mediterranean / Continental,49.36,Cirrus,0.2398,5.006,57.61,10.01,1014.43,0.5,3882.7
2026-07-26T19:00:00+00:00,TR,Turkey,38.9637,35.2433,Mediterranean / Continental,57.56,Altocumulus,0.4148,5.764,62.99,8.54,1011.74,0.5,1918.9
2026-07-26T20:00:00+00:00,TR,Turkey,38.9637,35.2433,Mediterranean / Continental,53.48,Altocumulus,0.3922,10.673,58.19,8.37,1011.18,0.5,1251.8
2026-07-26T21:00:00+00:00,TR,Turkey,38.9637,35.2433,Mediterranean / Continental,53.35,Altocumulus,0.5921,12.85,66.41,4.89,1012.88,0.5,1487.4
2026-07-26T22:00:00+00:00,TR,Turkey,38.9637,35.2433,Mediterranean / Continental,61.46,Altocumulus,0.4744,12.955,69.44,6.59,1008.62,0.5,1276.7
2026-07-26T23:00:00+00:00,TR,Turkey,38.9637,35.2433,Mediterranean / Continental,56.29,Cumulus,0.6352,17.532,66.54,4.53,1012.93,0.5,2264.7
2026-07-27T00:00:00+00:00,TR,Turkey,38.9637,35.2433,Mediterranean / Continental,58.85,Cumulus,0.5675,15.393,64.07,2.44,1010.85,0.5,1090.7
2026-07-27T01:00:00+00:00,TR,Turkey,38.9637,35.2433,Mediterranean / Continental,61.61,Cumulus,0.4074,16.261,67.96,6.51,1012.19,0.5,1729.4
2026-07-27T02:00:00+00:00,TR,Turkey,38.9637,35.2433,Mediterranean / Continental,51.74,Cumulus,0.5945,15.509,65.23,5.65,1013.18,0.5,2482.0
2026-07-27T03:00:00+00:00,TR,Turkey,38.9637,35.2433,Mediterranean / Continental,55.36,Altocumulus,0.4859,8.045,60.97,5.81,1011.51,0.5,1122.8
2026-07-27T04:00:00+00:00,TR,Turkey,38.9637,35.2433,Mediterranean / Continental,59.23,Cumulus,0.5118,6.142,61.77,10.43,1010.77,0.5,2353.2
2026-07-27T05:00:00+00:00,TR,Turkey,38.9637,35.2433,Mediterranean / Continental,66.64,Stratocumulus,0.5003,16.645,57.67,8.73,1011.95,0.5,2346.6
2026-07-27T06:00:00+00:00,TR,Turkey,38.9637,35.2433,Mediterranean / Continental,51.67,Stratocumulus,0.4576,8.872,56.54,10.27,1013.57,0.5,2971.8
2026-07-27T07:00:00+00:00,TR,Turkey,38.9637,35.2433,Mediterranean / Continental,63.28,Altocumulus,0.5487,7.129,58.05,12.75,1013.36,0.5,2619.0
2026-07-27T08:00:00+00:00,TR,Turkey,38.9637,35.2433,Mediterranean / Continental,60.51,Stratocumulus,0.5621,14.524,59.15,13.09,1009.88,0.5,2252.2
2026-07-27T09:00:00+00:00,TR,Turkey,38.9637,35.2433,Mediterranean / Continental,51.85,Cumulus,0.5108,6.09,53.98,11.68,1012.57,0.5,2383.7
2026-07-27T10:00:00+00:00,TR,Turkey,38.9637,35.2433,Mediterranean / Continental,57.27,Cumulus,0.4914,12.923,53.53,14.21,1011.27,0.5,2859.8
2026-07-27T11:00:00+00:00,TR,Turkey,38.9637,35.2433,Mediterranean / Continental,62.07,Cumulus,0.4172,10.917,52.88,12.17,1011.01,0.5,2413.6
2026-07-27T12:00:00+00:00,TR,Turkey,38.9637,35.2433,Mediterranean / Continental,59.81,Stratocumulus,0.6398,12.15,53.64,12.81,1010.85,0.5,1728.3
2026-07-27T13:00:00+00:00,TR,Turkey,38.9637,35.2433,Mediterranean / Continental,56.12,Cumulus,0.4782,8.315,55.97,14.4,1013.19,0.5,1408.3
2026-07-27T14:00:00+00:00,TR,Turkey,38.9637,35.2433,Mediterranean / Continental,60.97,Cumulus,0.556,14.475,55.26,13.9,1013.09,0.5,2209.2
2026-07-27T15:00:00+00:00,TR,Turkey,38.9637,35.2433,Mediterranean / Continental,62.79,Cumulus,0.5272,9.663,53.82,13.82,1011.04,0.5,1510.4
2026-07-27T16:00:00+00:00,TR,Turkey,38.9637,35.2433,Mediterranean / Continental,64.95,Stratocumulus,0.5121,12.891,55.52,12.13,1011.78,0.5,1784.2
2026-07-27T17:00:00+00:00,TR,Turkey,38.9637,35.2433,Mediterranean / Continental,46.78,Cirrus,0.1762,3.859,56.13,11.43,1013.64,0.5,6584.9
2026-07-27T18:00:00+00:00,TR,Turkey,38.9637,35.2433,Mediterranean / Continental,47.94,Cirrus,0.1673,1.798,67.7,11.53,1015.19,0.5,3996.2
2026-07-27T19:00:00+00:00,TR,Turkey,38.9637,35.2433,Mediterranean / Continental,46.35,Cirrus,0.2344,3.494,60.71,10.21,1013.57,0.5,6694.2
2026-07-27T20:00:00+00:00,TR,Turkey,38.9637,35.2433,Mediterranean / Continental,42.31,Cumulus,0.2844,4.228,61.06,6.5,1015.8,0.5,4385.5
2026-07-27T21:00:00+00:00,TR,Turkey,38.9637,35.2433,Mediterranean / Continental,41.72,Altocumulus,0.2512,2.654,61.12,5.35,1014.22,0.5,6777.4
2026-07-27T22:00:00+00:00,TR,Turkey,38.9637,35.2433,Mediterranean / Continental,38.93,Cirrus,0.2421,4.852,71.78,5.29,1009.49,0.5,3543.5
2026-07-27T23:00:00+00:00,TR,Turkey,38.9637,35.2433,Mediterranean / Continental,43.13,Cumulus,0.3545,5.632,70.59,5.8,1013.48,0.5,5905.8
2026-07-28T00:00:00+00:00,TR,Turkey,38.9637,35.2433,Mediterranean / Continental,47.02,Cirrus,0.1753,2.424,69.52,6.6,1016.37,0.5,6660.4
2026-07-28T01:00:00+00:00,TR,Turkey,38.9637,35.2433,Mediterranean / Continental,49.12,Altocumulus,0.3451,5.273,69.04,7.66,1013.06,0.5,5270.8
2026-07-28T02:00:00+00:00,TR,Turkey,38.9637,35.2433,Mediterranean / Continental,46.9,Altocumulus,0.3031,4.453,64.86,7.58,1015.9,0.5,7416.7
2026-07-28T03:00:00+00:00,TR,Turkey,38.9637,35.2433,Mediterranean / Continental,42.69,Cirrus,0.2806,3.856,60.86,7.35,1016.5,0.5,6419.8
2026-07-28T04:00:00+00:00,TR,Turkey,38.9637,35.2433,Mediterranean / Continental,37.47,Cirrus,0.3757,4.325,64.82,10.02,1015.99,0.5,5857.2
2026-07-28T05:00:00+00:00,TR,Turkey,38.9637,35.2433,Mediterranean / Continental,42.62,Cumulus,0.2477,3.785,58.21,9.78,1014.93,0.5,7964.7
2026-07-28T06:00:00+00:00,TR,Turkey,38.9637,35.2433,Mediterranean / Continental,43.18,Cumulus,0.1513,5.38,58.89,12.13,1012.62,0.5,6752.4
2026-07-28T07:00:00+00:00,TR,Turkey,38.9637,35.2433,Mediterranean / Continental,37.11,Cumulus,0.3647,2.562,56.36,9.54,1015.24,0.5,6314.9
2026-07-28T08:00:00+00:00,TR,Turkey,38.9637,35.2433,Mediterranean / Continental,39.72,Cumulus,0.1933,4.148,55.06,13.42,1015.75,0.5,7009.4
2026-07-28T09:00:00+00:00,TR,Turkey,38.9637,35.2433,Mediterranean / Continental,29.49,Altocumulus,0.3041,5.78,53.81,13.92,1016.37,0.5,4403.1
2026-07-28T10:00:00+00:00,TR,Turkey,38.9637,35.2433,Mediterranean / Continental,35.35,Cumulus,0.3272,2.478,54.46,16.04,1014.14,0.5,4169.9
2026-07-28T11:00:00+00:00,TR,Turkey,38.9637,35.2433,Mediterranean / Continental,34.76,Cumulus,0.1915,3.816,47.54,14.63,1015.94,0.5,7773.2
2026-07-28T12:00:00+00:00,TR,Turkey,38.9637,35.2433,Mediterranean / Continental,37.11,Altocumulus,0.1548,1.633,48.75,15.06,1015.69,0.5,5180.7
2026-07-28T13:00:00+00:00,TR,Turkey,38.9637,35.2433,Mediterranean / Continental,38.39,Cirrus,0.1547,4.495,52.81,15.39,1015.33,0.5,4122.7
2026-07-28T14:00:00+00:00,TR,Turkey,38.9637,35.2433,Mediterranean / Continental,37.02,Cirrus,0.286,4.322,58.45,14.72,1016.88,0.5,8912.7
2026-07-28T15:00:00+00:00,TR,Turkey,38.9637,35.2433,Mediterranean / Continental,41.15,Cirrus,0.3758,1.177,51.08,14.07,1015.22,0.5,8635.5
2026-07-28T16:00:00+00:00,TR,Turkey,38.9637,35.2433,Mediterranean / Continental,36.58,Cumulus,0.1764,5.294,52.5,13.11,1014.21,0.5,5396.5
2026-07-28T17:00:00+00:00,TR,Turkey,38.9637,35.2433,Mediterranean / Continental,38.01,Cumulus,0.1836,1.448,56.75,12.06,1014.68,0.5,8692.8
2026-07-28T18:00:00+00:00,TR,Turkey,38.9637,35.2433,Mediterranean / Continental,46.06,Cirrus,0.3579,1.386,55.48,9.86,1011.29,0.5,8206.4
2026-07-28T19:00:00+00:00,TR,Turkey,38.9637,35.2433,Mediterranean / Continental,40.45,Altocumulus,0.1927,4.494,63.68,9.03,1015.73,0.5,6329.3
2026-07-28T20:00:00+00:00,TR,Turkey,38.9637,35.2433,Mediterranean / Continental,45.67,Cumulus,0.3194,1.245,61.19,8.27,1011.77,0.5,7476.7
2026-07-28T21:00:00+00:00,TR,Turkey,38.9637,35.2433,Mediterranean / Continental,40.75,Cirrus,0.293,3.424,63.93,6.77,1013.74,0.5,6862.7
2026-07-28T22:00:00+00:00,TR,Turkey,38.9637,35.2433,Mediterranean / Continental,52.02,Stratocumulus,0.5183,16.106,61.32,7.49,1011.64,0.5,1723.2
2026-07-28T23:00:00+00:00,TR,Turkey,38.9637,35.2433,Mediterranean / Continental,43.07,Altocumulus,0.1542,4.123,67.71,4.19,1015.01,0.5,5280.5
2026-07-29T00:00:00+00:00,TR,Turkey,38.9637,35.2433,Mediterranean / Continental,44.96,Cirrus,0.345,2.984,68.47,2.44,1012.26,0.5,7654.8
2026-07-29T01:00:00+00:00,TR,Turkey,38.9637,35.2433,Mediterranean / Continental,54.35,Stratocumulus,0.3541,9.736,65.8,5.04,1014.87,0.5,1840.9
2026-07-29T02:00:00+00:00,TR,Turkey,38.9637,35.2433,Mediterranean / Continental,39.68,Altocumulus,0.1834,2.598,64.72,4.86,1015.83,0.5,5076.7
2026-07-29T03:00:00+00:00,TR,Turkey,38.9637,35.2433,Mediterranean / Continental,49.1,Cumulus,0.3566,5.085,67.02,4.36,1013.02,0.5,6953.1
2026-07-29T04:00:00+00:00,TR,Turkey,38.9637,35.2433,Mediterranean / Continental,51.9,Cumulus,0.5843,7.034,66.62,7.34,1008.85,0.5,1483.3
2026-07-29T05:00:00+00:00,TR,Turkey,38.9637,35.2433,Mediterranean / Continental,62.59,Stratocumulus,0.423,13.368,58.65,8.4,1011.68,0.5,2371.8
2026-07-29T06:00:00+00:00,TR,Turkey,38.9637,35.2433,Mediterranean / Continental,55.4,Stratocumulus,0.3955,12.5,57.67,9.25,1011.02,0.5,2344.8
2026-07-29T07:00:00+00:00,TR,Turkey,38.9637,35.2433,Mediterranean / Continental,50.52,Cumulus,0.5086,16.996,61.08,11.33,1011.87,0.5,1114.3
2026-07-29T08:00:00+00:00,TR,Turkey,38.9637,35.2433,Mediterranean / Continental,63.95,Stratocumulus,0.4504,13.67,58.43,13.26,1008.37,0.5,2312.9
2026-07-29T09:00:00+00:00,TR,Turkey,38.9637,35.2433,Mediterranean / Continental,45.42,Altocumulus,0.2849,2.97,57.0,12.42,1015.23,0.5,8842.4
2026-07-29T10:00:00+00:00,TR,Turkey,38.9637,35.2433,Mediterranean / Continental,66.67,Stratocumulus,0.6304,10.741,57.25,11.96,1013.56,0.5,2065.1
2026-07-29T11:00:00+00:00,TR,Turkey,38.9637,35.2433,Mediterranean / Continental,59.93,Cumulus,0.4995,10.991,49.64,14.06,1012.03,0.5,1633.8
2026-07-29T12:00:00+00:00,TR,Turkey,38.9637,35.2433,Mediterranean / Continental,62.71,Stratocumulus,0.5732,9.825,54.96,13.55,1011.24,0.5,2162.5
2026-07-29T13:00:00+00:00,TR,Turkey,38.9637,35.2433,Mediterranean / Continental,63.71,Cumulus,0.5271,7.535,51.27,15.97,1010.77,0.5,2064.7
2026-07-29T14:00:00+00:00,TR,Turkey,38.9637,35.2433,Mediterranean / Continental,68.15,Cumulus,0.4175,6.847,53.29,12.71,1011.64,0.5,1103.2
2026-07-29T15:00:00+00:00,TR,Turkey,38.9637,35.2433,Mediterranean / Continental,73.89,Stratocumulus,0.621,14.839,57.86,12.92,1010.25,0.5,2640.3
2026-07-29T16:00:00+00:00,TR,Turkey,38.9637,35.2433,Mediterranean / Continental,65.24,Altocumulus,0.5783,13.496,53.09,12.35,1009.23,0.5,1717.5
2026-07-29T17:00:00+00:00,TR,Turkey,38.9637,35.2433,Mediterranean / Continental,77.14,Altocumulus,0.6049,12.633,59.14,11.33,1009.41,0.5,1615.1
2026-07-29T18:00:00+00:00,TR,Turkey,38.9637,35.2433,Mediterranean / Continental,61.82,Altocumulus,0.3901,10.927,57.91,11.03,1011.44,0.5,1132.6
2026-07-29T19:00:00+00:00,TR,Turkey,38.9637,35.2433,Mediterranean / Continental,68.17,Stratocumulus,0.5135,13.107,56.86,9.16,1007.33,0.5,1158.3
2026-07-29T20:00:00+00:00,TR,Turkey,38.9637,35.2433,Mediterranean / Continental,62.23,Cumulus,0.4667,12.705,65.8,8.14,1011.92,0.5,2826.3
2026-07-29T21:00:00+00:00,TR,Turkey,38.9637,35.2433,Mediterranean / Continental,65.08,Altocumulus,0.3978,16.41,62.2,5.99,1012.18,0.5,1091.8
2026-07-29T22:00:00+00:00,TR,Turkey,38.9637,35.2433,Mediterranean / Continental,72.86,Cumulus,0.641,6.218,64.04,6.54,1009.17,0.5,1755.1
2026-07-29T23:00:00+00:00,TR,Turkey,38.9637,35.2433,Mediterranean / Continental,70.99,Stratocumulus,0.6446,9.049,71.2,6.29,1009.68,0.5,2825.9
2026-07-30T00:00:00+00:00,TR,Turkey,38.9637,35.2433,Mediterranean / Continental,64.93,Stratocumulus,0.4191,9.047,68.14,4.86,1008.97,0.5,1746.2
2026-07-30T01:00:00+00:00,TR,Turkey,38.9637,35.2433,Mediterranean / Continental,68.24,Stratocumulus,0.4495,14.473,67.2,4.94,1008.91,0.5,1429.1
2026-07-30T02:00:00+00:00,TR,Turkey,38.9637,35.2433,Mediterranean / Continental,75.01,Stratocumulus,0.4802,7.562,62.13,4.87,1010.25,0.5,2044.2
2026-07-30T03:00:00+00:00,TR,Turkey,38.9637,35.2433,Mediterranean / Continental,69.08,Stratocumulus,0.4599,10.118,60.25,3.69,1009.63,0.5,1645.6
2026-07-30T04:00:00+00:00,TR,Turkey,38.9637,35.2433,Mediterranean / Continental,71.34,Altocumulus,0.5521,11.489,63.12,8.57,1009.83,0.5,1463.5
2026-07-30T05:00:00+00:00,TR,Turkey,38.9637,35.2433,Mediterranean / Continental,75.8,Altocumulus,0.5045,12.116,65.21,8.38,1011.12,0.5,1227.0
2026-07-30T06:00:00+00:00,TR,Turkey,38.9637,35.2433,Mediterranean / Continental,69.9,Cumulus,0.4861,8.363,62.22,9.55,1009.58,0.5,2245.4
2026-07-30T07:00:00+00:00,TR,Turkey,38.9637,35.2433,Mediterranean / Continental,62.07,Stratocumulus,0.3689,7.62,52.41,10.07,1012.01,0.5,1555.3
2026-07-30T08:00:00+00:00,TR,Turkey,38.9637,35.2433,Mediterranean / Continental,60.76,Cumulus,0.6473,17.3,50.95,12.43,1010.76,0.5,1184.8
2026-07-30T09:00:00+00:00,TR,Turkey,38.9637,35.2433,Mediterranean / Continental,63.36,Stratocumulus,0.5245,16.016,64.63,13.42,1011.42,0.5,1127.8
2026-07-30T10:00:00+00:00,TR,Turkey,38.9637,35.2433,Mediterranean / Continental,52.66,Altocumulus,0.5654,10.671,57.95,14.3,1011.7,0.5,1399.6
2026-07-30T11:00:00+00:00,TR,Turkey,38.9637,35.2433,Mediterranean / Continental,66.76,Altocumulus,0.43,16.008,50.91,13.62,1010.25,0.5,1148.8
2026-07-30T12:00:00+00:00,TR,Turkey,38.9637,35.2433,Mediterranean / Continental,59.73,Altocumulus,0.5751,6.565,47.57,16.06,1015.81,0.5,2408.3
2026-07-30T13:00:00+00:00,TR,Turkey,38.9637,35.2433,Mediterranean / Continental,61.24,Stratocumulus,0.3648,6.553,51.89,16.07,1010.54,0.5,1906.3
2026-07-30T14:00:00+00:00,TR,Turkey,38.9637,35.2433,Mediterranean / Continental,58.92,Stratocumulus,0.4615,13.921,50.59,14.35,1014.63,0.5,1896.3
2026-07-30T15:00:00+00:00,TR,Turkey,38.9637,35.2433,Mediterranean / Continental,52.01,Cumulus,0.3836,11.891,55.14,12.86,1012.19,0.5,2261.0
2026-07-30T16:00:00+00:00,TR,Turkey,38.9637,35.2433,Mediterranean / Continental,51.83,Stratocumulus,0.4862,9.533,55.68,16.85,1012.94,0.5,1470.3
2026-07-30T17:00:00+00:00,TR,Turkey,38.9637,35.2433,Mediterranean / Continental,54.02,Altocumulus,0.6036,17.181,63.13,12.2,1012.74,0.5,2183.4
2026-07-30T18:00:00+00:00,TR,Turkey,38.9637,35.2433,Mediterranean / Continental,46.03,Cumulus,0.2277,3.342,53.75,9.82,1012.29,0.5,8356.4
2026-07-30T19:00:00+00:00,TR,Turkey,38.9637,35.2433,Mediterranean / Continental,53.56,Altocumulus,0.3813,6.961,61.29,8.61,1012.94,0.5,2696.3
2026-07-30T20:00:00+00:00,TR,Turkey,38.9637,35.2433,Mediterranean / Continental,49.62,Altocumulus,0.364,5.07,64.97,8.29,1014.26,0.5,4476.4
2026-07-30T21:00:00+00:00,TR,Turkey,38.9637,35.2433,Mediterranean / Continental,54.77,Cumulus,0.6336,12.917,68.42,6.47,1012.29,0.5,2079.7
2026-07-30T22:00:00+00:00,TR,Turkey,38.9637,35.2433,Mediterranean / Continental,55.59,Altocumulus,0.3798,6.435,61.46,6.79,1011.41,0.5,1418.9
2026-07-30T23:00:00+00:00,TR,Turkey,38.9637,35.2433,Mediterranean / Continental,42.41,Cumulus,0.2849,5.764,66.66,7.95,1013.87,0.5,7818.8
