timestamp,country_code,country_name,latitude,longitude,climate_zone,cloud_cover_pct,cloud_type,satellite_reflectance,optical_depth,humidity_pct,temperature_c,pressure_hpa,wind_speed_ms,cloud_base_altitude_m
2026-07-01T00:00:00+00:00,ZA,South Africa,-30.5595,22.9375,Subtropical / Semi-arid,52.41,Stratocumulus,0.4745,12.015,72.65,7.16,1012.61,0.5,2841.0
2026-07-01T01:00:00+00:00,ZA,South Africa,-30.5595,22.9375,Subtropical / Semi-arid,50.34,Altocumulus,0.5082,5.306,62.33,9.56,1013.36,0.5,1356.6
2026-07-01T02:00:00+00:00,ZA,South Africa,-30.5595,22.9375,Subtropical / Semi-arid,51.43,Stratocumulus,0.4959,6.048,70.4,10.48,1012.58,0.5,1122.6
2026-07-01T03:00:00+00:00,ZA,South Africa,-30.5595,22.9375,Subtropical / Semi-arid,65.97,Stratocumulus,0.6259,12.542,68.49,10.66,1009.79,0.5,1573.8
2026-07-01T04:00:00+00:00,ZA,South Africa,-30.5595,22.9375,Subtropical / Semi-arid,62.05,Cumulus,0.502,14.246,62.99,13.71,1011.47,0.5,1804.8
2026-07-01T05:00:00+00:00,ZA,South Africa,-30.5595,22.9375,Subtropical / Semi-arid,63.78,Stratocumulus,0.4123,14.056,59.66,12.84,1006.12,0.5,1475.6
2026-07-01T06:00:00+00:00,ZA,South Africa,-30.5595,22.9375,Subtropical / Semi-arid,66.62,Stratocumulus,0.42,13.747,57.22,16.03,1009.51,0.5,1044.2
2026-07-01T07:00:00+00:00,ZA,South Africa,-30.5595,22.9375,Subtropical / Semi-arid,57.75,Stratocumulus,0.4981,15.195,60.53,16.24,1011.01,0.5,1545.3
2026-07-01T08:00:00+00:00,ZA,South Africa,-30.5595,22.9375,Subtropical / Semi-arid,72.2,Altocumulus,0.5483,5.032,54.92,16.36,1009.51,0.5,1672.4
2026-07-01T09:00:00+00:00,ZA,South Africa,-30.5595,22.9375,Subtropical / Semi-arid,62.68,Altocumulus,0.5096,15.261,58.4,16.87,1011.47,0.5,2235.9
2026-07-01T10:00:00+00:00,ZA,South Africa,-30.5595,22.9375,Subtropical / Semi-arid,66.99,Stratocumulus,0.3802,17.668,50.44,19.05,1010.64,0.5,1666.9
2026-07-01T11:00:00+00:00,ZA,South Africa,-30.5595,22.9375,Subtropical / Semi-arid,61.03,Stratocumulus,0.6459,11.662,54.26,22.6,1010.8,0.5,1857.4
2026-07-01T12:00:00+00:00,ZA,South Africa,-30.5595,22.9375,Subtropical / Semi-arid,73.64,Stratocumulus,0.648,7.694,51.34,18.33,1007.89,0.5,2455.8
2026-07-01T13:00:00+00:00,ZA,South Africa,-30.5595,22.9375,Subtropical / Semi-arid,67.52,Cumulus,0.6044,6.176,49.88,20.63,1012.44,0.5,2753.5
2026-07-01T14:00:00+00:00,ZA,South Africa,-30.5595,22.9375,Subtropical / Semi-arid,64.46,Stratocumulus,0.4197,17.394,50.31,19.47,1011.25,0.5,1901.3
2026-07-01T15:00:00+00:00,ZA,South Africa,-30.5595,22.9375,Subtropical / Semi-arid,70.52,Altocumulus,0.5996,17.126,55.47,19.87,1011.94,0.5,2505.6
2026-07-01T16:00:00+00:00,ZA,South Africa,-30.5595,22.9375,Subtropical / Semi-arid,60.74,Cumulus,0.353,6.327,61.44,15.09,1013.22,0.5,1926.4
2026-07-01T17:00:00+00:00,ZA,South Africa,-30.5595,22.9375,Subtropical / Semi-arid,68.85,Altocumulus,0.5224,10.763,57.34,16.93,1010.32,0.5,1713.4
2026-07-01T18:00:00+00:00,ZA,South Africa,-30.5595,22.9375,Subtropical / Semi-arid,72.18,Altocumulus,0.5957,15.559,58.06,13.69,1010.61,0.5,1047.9
2026-07-01T19:00:00+00:00,ZA,South Africa,-30.5595,22.9375,Subtropical / Semi-arid,71.04,Altocumulus,0.5536,12.706,57.34,13.61,1013.96,0.5,1692.5
2026-07-01T20:00:00+00:00,ZA,South Africa,-30.5595,22.9375,Subtropical / Semi-arid,66.57,Stratocumulus,0.3711,14.9,63.57,13.68,1010.73,0.5,2203.5
2026-07-01T21:00:00+00:00,ZA,South Africa,-30.5595,22.9375,Subtropical / Semi-arid,65.18,Altocumulus,0.4918,9.17,67.01,10.72,1011.98,0.5,1647.5
2026-07-01T22:00:00+00:00,ZA,South Africa,-30.5595,22.9375,Subtropical / Semi-arid,73.08,Stratocumulus,0.3955,15.935,65.84,9.51,1009.87,0.5,2610.6
2026-07-01T23:00:00+00:00,ZA,South Africa,-30.5595,22.9375,Subtropical / Semi-arid,61.83,Cumulus,0.4519,16.122,67.11,9.59,1009.67,0.5,2978.0
2026-07-02T00:00:00+00:00,ZA,South Africa,-30.5595,22.9375,Subtropical / Semi-arid,74.4,Cumulus,0.5284,6.215,66.84,8.43,1008.11,0.5,2632.9
2026-07-02T01:00:00+00:00,ZA,South Africa,-30.5595,22.9375,Subtropical / Semi-arid,72.35,Cumulus,0.6301,8.218,63.19,9.22,1010.99,0.5,1748.8
2026-07-02T02:00:00+00:00,ZA,South Africa,-30.5595,22.9375,Subtropical / Semi-arid,58.43,Altocumulus,0.3718,17.521,66.56,8.86,1013.85,0.5,1712.1
2026-07-02T03:00:00+00:00,ZA,South Africa,-30.5595,22.9375,Subtropical / Semi-arid,61.07,Altocumulus,0.6431,7.354,66.75,12.15,1011.53,0.5,1769.3
2026-07-02T04:00:00+00:00,ZA,South Africa,-30.5595,22.9375,Subtropical / Semi-arid,61.25,Stratocumulus,0.5759,14.863,67.01,10.94,1012.03,0.5,1688.6
2026-07-02T05:00:00+00:00,ZA,South Africa,-30.5595,22.9375,Subtropical / Semi-arid,55.73,Altocumulus,0.5109,7.825,64.11,15.05,1014.03,0.5,1846.8
2026-07-02T06:00:00+00:00,ZA,South Africa,-30.5595,22.9375,Subtropical / Semi-arid,64.19,Cumulus,0.615,16.478,57.91,12.62,1011.42,0.5,1013.6
2026-07-02T07:00:00+00:00,ZA,South Africa,-30.5595,22.9375,Subtropical / Semi-arid,55.59,Cumulus,0.4977,14.414,58.54,15.61,1011.62,0.5,1349.5
2026-07-02T08:00:00+00:00,ZA,South Africa,-30.5595,22.9375,Subtropical / Semi-arid,57.08,Altocumulus,0.4629,7.204,53.89,17.91,1011.73,0.5,2682.5
2026-07-02T09:00:00+00:00,ZA,South Africa,-30.5595,22.9375,Subtropical / Semi-arid,53.81,Altocumulus,0.6201,11.769,54.68,19.77,1011.11,0.5,1983.7
2026-07-02T10:00:00+00:00,ZA,South Africa,-30.5595,22.9375,Subtropical / Semi-arid,56.87,Altocumulus,0.3742,10.724,51.08,19.35,1011.54,0.5,1788.1
2026-07-02T11:00:00+00:00,ZA,South Africa,-30.5595,22.9375,Subtropical / Semi-arid,61.72,Cumulus,0.3853,17.298,53.38,19.54,1013.01,0.5,2518.0
2026-07-02T12:00:00+00:00,ZA,South Africa,-30.5595,22.9375,Subtropical / Semi-arid,50.13,Stratocumulus,0.4216,6.068,51.7,17.78,1011.96,0.5,2681.8
2026-07-02T13:00:00+00:00,ZA,South Africa,-30.5595,22.9375,Subtropical / Semi-arid,50.7,Cumulus,0.4011,11.4,56.09,19.66,1013.2,0.5,2084.6
2026-07-02T14:00:00+00:00,ZA,South Africa,-30.5595,22.9375,Subtropical / Semi-arid,46.15,Altocumulus,0.3721,5.486,57.92,18.17,1013.95,0.5,7436.3
2026-07-02T15:00:00+00:00,ZA,South Africa,-30.5595,22.9375,Subtropical / Semi-arid,48.66,Cumulus,0.2487,3.373,52.23,14.92,1010.85,0.5,7747.0
2026-07-02T16:00:00+00:00,ZA,South Africa,-30.5595,22.9375,Subtropical / Semi-arid,44.79,Cumulus,0.2804,1.209,59.61,16.46,1015.14,0.5,4065.5
2026-07-02T17:00:00+00:00,ZA,South Africa,-30.5595,22.9375,Subtropical / Semi-arid,46.54,Cumulus,0.2268,4.409,54.06,17.27,1013.06,0.5,8907.5
2026-07-02T18:00:00+00:00,ZA,South Africa,-30.5595,22.9375,Subtropical / Semi-arid,38.44,Cumulus,0.2646,3.137,63.07,14.52,1015.81,0.5,4500.2
2026-07-02T19:00:00+00:00,ZA,South Africa,-30.5595,22.9375,Subtropical / Semi-arid,41.23,Cirrus,0.249,5.515,62.17,13.06,1013.36,0.5,8209.6
2026-07-02T20:00:00+00:00,ZA,South Africa,-30.5595,22.9375,Subtropical / Semi-arid,31.01,Cirrus,0.2788,2.086,56.19,10.53,1016.4,0.5,6306.7
2026-07-02T21:00:00+00:00,ZA,South Africa,-30.5595,22.9375,Subtropical / Semi-arid,40.11,Altocumulus,0.3036,1.88,61.64,12.67,1012.48,0.5,8355.2
2026-07-02T22:00:00+00:00,ZA,South Africa,-30.5595,22.9375,Subtropical / Semi-arid,43.17,Altocumulus,0.2028,4.721,63.74,9.26,1012.59,0.5,5826.3
2026-07-02T23:00:00+00:00,ZA,South Africa,-30.5595,22.9375,Subtropical / Semi-arid,29.74,Altocumulus,0.3553,5.719,61.81,9.93,1016.37,0.5,7652.4
2026-07-03T00:00:00+00:00,ZA,South Africa,-30.5595,22.9375,Subtropical / Semi-arid,35.26,Altocumulus,0.354,2.802,68.58,7.34,1015.83,0.5,4939.2
2026-07-03T01:00:00+00:00,ZA,South Africa,-30.5595,22.9375,Subtropical / Semi-arid,31.22,Cumulus,0.236,3.46,63.14,9.77,1015.67,0.5,6060.1
2026-07-03T02:00:00+00:00,ZA,South Africa,-30.5595,22.9375,Subtropical / Semi-arid,33.17,Cumulus,0.2305,5.558,67.64,9.2,1013.91,0.5,7227.3
2026-07-03T03:00:00+00:00,ZA,South Africa,-30.5595,22.9375,Subtropical / Semi-arid,35.71,Cirrus,0.3706,3.842,64.89,11.03,1013.99,0.5,8064.3
2026-07-03T04:00:00+00:00,ZA,South Africa,-30.5595,22.9375,Subtropical / Semi-arid,36.29,Altocumulus,0.3742,5.22,63.7,13.88,1016.31,0.5,3779.7
2026-07-03T05:00:00+00:00,ZA,South Africa,-30.5595,22.9375,Subtropical / Semi-arid,30.17,Altocumulus,0.2694,4.115,59.64,13.27,1017.52,0.5,7595.9
2026-07-03T06:00:00+00:00,ZA,South Africa,-30.5595,22.9375,Subtropical / Semi-arid,37.13,Altocumulus,0.3417,2.075,55.69,13.34,1014.93,0.5,7043.5
2026-07-03T07:00:00+00:00,ZA,South Africa,-30.5595,22.9375,Subtropical / Semi-arid,35.28,Cirrus,0.3289,3.942,63.79,15.75,1016.21,0.5,8000.1
2026-07-03T08:00:00+00:00,ZA,South Africa,-30.5595,22.9375,Subtropical / Semi-arid,24.98,Cirrus,0.2716,2.213,55.83,19.75,1018.14,0.5,5652.7
2026-07-03T09:00:00+00:00,ZA,South Africa,-30.5595,22.9375,Subtropical / Semi-arid,19.68,Cumulus,0.2894,3.806,50.33,20.55,1015.06,0.5,7115.3
2026-07-03T10:00:00+00:00,ZA,South Africa,-30.5595,22.9375,Subtropical / Semi-arid,21.38,Cirrus,0.1815,3.594,56.15,17.76,1016.66,0.5,5700.2
2026-07-03T11:00:00+00:00,ZA,South Africa,-30.5595,22.9375,Subtropical / Semi-arid,33.43,Altocumulus,0.2967,2.214,54.05,20.33,1015.59,0.5,3926.0
2026-07-03T12:00:00+00:00,ZA,South Africa,-30.5595,22.9375,Subtropical / Semi-arid,22.54,Cumulus,0.2083,4.066,51.94,19.03,1016.02,0.5,8267.5
2026-07-03T13:00:00+00:00,ZA,South Africa,-30.5595,22.9375,Subtropical / Semi-arid,33.96,Cumulus,0.2726,3.085,55.08,21.36,1016.99,0.5,5165.3
2026-07-03T14:00:00+00:00,ZA,South Africa,-30.5595,22.9375,Subtropical / Semi-arid,29.04,Cirrus,0.3326,3.839,53.95,18.65,1016.02,0.5,6050.1
2026-07-03T15:00:00+00:00,ZA,South Africa,-30.5595,22.9375,Subtropical / Semi-arid,29.39,Cumulus,0.1692,3.32,57.07,17.98,1019.66,0.5,3643.7
2026-07-03T16:00:00+00:00,ZA,South Africa,-30.5595,22.9375,Subtropical / Semi-arid,29.21,Cumulus,0.2668,2.89,59.1,14.58,1014.09,0.5,3733.8
2026-07-03T17:00:00+00:00,ZA,South Africa,-30.5595,22.9375,Subtropical / Semi-arid,37.06,Altocumulus,0.2244,5.518,55.01,13.47,1014.9,0.5,8560.4
2026-07-03T18:00:00+00:00,ZA,South Africa,-30.5595,22.9375,Subtropical / Semi-arid,24.15,Cirrus,0.2146,3.709,64.64,14.02,1015.87,0.5,4454.5
2026-07-03T19:00:00+00:00,ZA,South Africa,-30.5595,22.9375,Subtropical / Semi-arid,28.36,Altocumulus,0.2602,1.109,65.15,12.65,1016.84,0.5,5330.9
2026-07-03T20:00:00+00:00,ZA,South Africa,-30.5595,22.9375,Subtropical / Semi-arid,32.38,Altocumulus,0.3679,2.155,59.15,10.37,1018.44,0.5,7340.5
2026-07-03T21:00:00+00:00,ZA,South Africa,-30.5595,22.9375,Subtropical / Semi-arid,51.56,Cumulus,0.4681,12.146,67.67,10.81,1015.1,0.5,1090.0
2026-07-03T22:00:00+00:00,ZA,South Africa,-30.5595,22.9375,Subtropical / Semi-arid,40.66,Cirrus,0.3087,4.85,66.43,9.77,1012.8,0.5,4643.6
2026-07-03T23:00:00+00:00,ZA,South Africa,-30.5595,22.9375,Subtropical / Semi-arid,40.14,Cirrus,0.2984,5.34,66.67,8.9,1014.02,0.5,3810.9
2026-07-04T00:00:00+00:00,ZA,South Africa,-30.5595,22.9375,Subtropical / Semi-arid,32.96,Altocumulus,0.2267,2.416,71.22,9.72,1016.85,0.5,7104.7
2026-07-04T01:00:00+00:00,ZA,South Africa,-30.5595,22.9375,Subtropical / Semi-arid,30.28,Cirrus,0.249,2.536,70.3,11.7,1015.38,0.5,4889.2
2026-07-04T02:00:00+00:00,ZA,South Africa,-30.5595,22.9375,Subtropical / Semi-arid,46.42,Cumulus,0.3651,1.756,68.75,11.23,1014.85,0.5,6526.5
2026-07-04T03:00:00+00:00,ZA,South Africa,-30.5595,22.9375,Subtropical / Semi-arid,45.4,Altocumulus,0.247,2.412,64.64,10.29,1012.18,0.5,3705.7
2026-07-04T04:00:00+00:00,ZA,South Africa,-30.5595,22.9375,Subtropical / Semi-arid,40.49,Altocumulus,0.224,2.947,59.84,10.03,1013.59,0.5,3926.5
2026-07-04T05:00:00+00:00,ZA,South Africa,-30.5595,22.9375,Subtropical / Semi-arid,44.38,Cirrus,0.3369,1.418,63.15,11.44,1013.04,0.5,8261.0
2026-07-04T06:00:00+00:00,ZA,South Africa,-30.5595,22.9375,Subtropical / Semi-arid,42.21,Cirrus,0.1508,3.724,62.08,14.69,1014.32,0.5,3631.2
2026-07-04T07:00:00+00:00,ZA,South Africa,-30.5595,22.9375,Subtropical / Semi-arid,43.79,Cumulus,0.2319,2.862,56.18,16.41,1015.17,0.5,5877.3
2026-07-04T08:00:00+00:00,ZA,South Africa,-30.5595,22.9375,Subtropical / Semi-arid,51.31,Cumulus,0.6114,12.725,56.72,18.58,1012.29,0.5,1832.0
2026-07-04T09:00:00+00:00,ZA,South Africa,-30.5595,22.9375,Subtropical / Semi-arid,55.66,Altocumulus,0.4791,7.35,46.83,15.58,1011.87,0.5,2049.4
2026-07-04T10:00:00+00:00,ZA,South Africa,-30.5595,22.9375,Subtropical / Semi-arid,54.62,Cumulus,0.5521,6.8,53.68,18.95,1009.42,0.5,2949.6
2026-07-04T11:00:00+00:00,ZA,South Africa,-30.5595,22.9375,Subtropical / Semi-arid,47.48,Altocumulus,0.3448,5.489,52.11,20.3,1012.44,0.5,4595.8
2026-07-04T12:00:00+00:00,ZA,South Africa,-30.5595,22.9375,Subtropical / Semi-arid,62.5,Stratocumulus,0.4754,9.408,56.9,20.68,1011.32,0.5,1003.9
2026-07-04T13:00:00+00:00,ZA,South Africa,-30.5595,22.9375,Subtropical / Semi-arid,57.42,Altocumulus,0.4493,7.344,53.12,22.34,1012.83,0.5,2458.1
2026-07-04T14:00:00+00:00,ZA,South Africa,-30.5595,22.9375,Subtropical / Semi-arid,50.21,Stratocumulus,0.6452,7.331,57.27,18.23,1010.66,0.5,1871.3
2026-07-04T15:00:00+00:00,ZA,South Africa,-30.5595,22.9375,Subtropical / Semi-arid,53.63,Cumulus,0.424,15.4,54.55,15.0,1014.17,0.5,1696.0
2026-07-04T16:00:00+00:00,ZA,South Africa,-30.5595,22.9375,Subtropical / Semi-arid,53.92,Altocumulus,0.4453,7.288,56.61,16.16,1015.12,0.5,2099.9
2026-07-04T17:00:00+00:00,ZA,South Africa,-30.5595,22.9375,Subtropical / Semi-arid,49.96,Cumulus,0.2384,1.781,58.04,15.92,1012.5,0.5,5358.5
2026-07-04T18:00:00+00:00,ZA,South Africa,-30.5595,22.9375,Subtropical / Semi-arid,59.74,Altocumulus,0.3924,9.719,64.88,14.24,1008.52,0.5,1764.8
2026-07-04T19:00:00+00:00,ZA,South Africa,-30.5595,22.9375,Subtropical / Semi-arid,52.01,Cumulus,0.4914,16.422,61.34,14.05,1013.4,0.5,2153.8
2026-07-04T20:00:00+00:00,ZA,South Africa,-30.5595,22.9375,Subtropical / Semi-arid,42.61,Cumulus,0.1734,5.728,66.0,11.36,1014.31,0.5,3514.6
2026-07-04T21:00:00+00:00,ZA,South Africa,-30.5595,22.9375,Subtropical / Semi-arid,49.42,Cirrus,0.2222,5.202,58.42,9.81,1014.06,0.5,8983.8
2026-07-04T22:00:00+00:00,ZA,South Africa,-30.5595,22.9375,Subtropical / Semi-arid,52.0,Altocumulus,0.5907,7.518,59.75,9.82,1013.54,0.5,2989.9
2026-07-04T23:00:00+00:00,ZA,South Africa,-30.5595,22.9375,Subtropical / Semi-arid,37.83,Cumulus,0.2605,2.854,69.93,10.09,1017.07,0.5,8549.4
2026-07-05T00:00:00+00:00,ZA,South Africa,-30.5595,22.9375,Subtropical / Semi-arid,42.88,Cirrus,0.2575,2.121,64.69,6.66,1014.07,0.5,5936.8
2026-07-05T01:00:00+00:00,ZA,South Africa,-30.5595,22.9375,Subtropical / Semi-arid,58.87,Cumulus,0.4039,9.473,66.89,8.81,1010.07,0.5,2086.0
2026-07-05T02:00:00+00:00,ZA,South Africa,-30.5595,22.9375,Subtropical / Semi-arid,45.11,Altocumulus,0.3143,1.688,66.74,11.63,1010.99,0.5,8420.8
2026-07-05T03:00:00+00:00,ZA,South Africa,-30.5595,22.9375,Subtropical / Semi-arid,43.58,Cirrus,0.1868,3.545,67.61,10.98,1013.38,0.5,7250.2
2026-07-05T04:00:00+00:00,ZA,South Africa,-30.5595,22.9375,Subtropical / Semi-arid,47.41,Cumulus,0.2477,4.875,64.35,11.1,1014.15,0.5,6617.5
2026-07-05T05:00:00+00:00,ZA,South Africa,-30.5595,22.9375,Subtropical / Semi-arid,44.9,Altocumulus,0.1773,4.305,61.29,13.19,1012.21,0.5,7473.5
2026-07-05T06:00:00+00:00,ZA,South Africa,-30.5595,22.9375,Subtropical / Semi-arid,42.77,Cirrus,0.2351,3.348,60.02,14.75,1014.51,0.5,3653.4
2026-07-05T07:00:00+00:00,ZA,South Africa,-30.5595,22.9375,Subtropical / Semi-arid,35.57,Cirrus,0.1512,1.943,58.29,16.99,1014.86,0.5,5959.6
2026-07-05T08:00:00+00:00,ZA,South Africa,-30.5595,22.9375,Subtropical / Semi-arid,47.07,Altocumulus,0.2322,4.379,55.77,16.97,1013.17,0.5,7757.0
2026-07-05T09:00:00+00:00,ZA,South Africa,-30.5595,22.9375,Subtropical / Semi-arid,42.57,Cumulus,0.29,1.039,59.43,18.75,1015.15,0.5,7063.7
2026-07-05T10:00:00+00:00,ZA,South Africa,-30.5595,22.9375,Subtropical / Semi-arid,45.62,Altocumulus,0.16,1.083,52.99,18.79,1015.35,0.5,7749.8
2026-07-05T11:00:00+00:00,ZA,South Africa,-30.5595,22.9375,Subtropical / Semi-arid,46.82,Altocumulus,0.1511,3.531,54.38,17.05,1010.47,0.5,5963.5
2026-07-05T12:00:00+00:00,ZA,South Africa,-30.5595,22.9375,Subtropical / Semi-arid,42.28,Cumulus,0.1816,3.669,53.81,19.17,1015.15,0.5,4575.1
2026-07-05T13:00:00+00:00,ZA,South Africa,-30.5595,22.9375,Subtropical / Semi-arid,28.1,Altocumulus,0.3267,2.531,53.47,20.04,1017.38,0.5,7168.6
2026-07-05T14:00:00+00:00,ZA,South Africa,-30.5595,22.9375,Subtropical / Semi-arid,39.37,Cumulus,0.2978,2.912,48.91,18.31,1014.31,0.5,4166.6
2026-07-05T15:00:00+00:00,ZA,South Africa,-30.5595,22.9375,Subtropical / Semi-arid,34.91,Cumulus,0.3552,5.373,56.47,17.82,1014.3,0.5,5692.5
2026-07-05T16:00:00+00:00,ZA,South Africa,-30.5595,22.9375,Subtropical / Semi-arid,42.86,Cirrus,0.3209,4.229,54.25,18.58,1015.33,0.5,7572.9
2026-07-05T17:00:00+00:00,ZA,South Africa,-30.5595,22.9375,Subtropical / Semi-arid,34.72,Cumulus,0.1615,5.752,53.18,16.53,1015.36,0.5,3772.8
2026-07-05T18:00:00+00:00,ZA,South Africa,-30.5595,22.9375,Subtropical / Semi-arid,30.91,Altocumulus,0.1952,4.923,61.67,16.05,1013.74,0.5,4947.9
2026-07-05T19:00:00+00:00,ZA,South Africa,-30.5595,22.9375,Subtropical / Semi-arid,29.46,Altocumulus,0.1865,4.546,62.54,13.24,1017.32,0.5,5895.0
2026-07-05T20:00:00+00:00,ZA,South Africa,-30.5595,22.9375,Subtropical / Semi-arid,38.11,Cumulus,0.3554,5.093,67.75,13.86,1014.81,0.5,7174.9
2026-07-05T21:00:00+00:00,ZA,South Africa,-30.5595,22.9375,Subtropical / Semi-arid,32.41,Altocumulus,0.361,2.379,61.35,12.38,1016.25,0.5,7923.8
2026-07-05T22:00:00+00:00,ZA,South Africa,-30.5595,22.9375,Subtropical / Semi-arid,28.91,Cumulus,0.3631,3.475,67.37,10.0,1019.4,0.5,8464.1
2026-07-05T23:00:00+00:00,ZA,South Africa,-30.5595,22.9375,Subtropical / Semi-arid,32.92,Altocumulus,0.3383,1.927,67.5,8.55,1016.49,0.5,8748.7
2026-07-06T00:00:00+00:00,ZA,South Africa,-30.5595,22.9375,Subtropical / Semi-arid,21.36,Altocumulus,0.1854,4.777,66.39,11.35,1017.88,0.5,5811.5
2026-07-06T01:00:00+00:00,ZA,South Africa,-30.5595,22.9375,Subtropical / Semi-arid,23.55,Altocumulus,0.3591,5.138,69.7,10.04,1018.16,0.5,8735.5
2026-07-06T02:00:00+00:00,ZA,South Africa,-30.5595,22.9375,Subtropical / Semi-arid,26.18,Cirrus,0.3299,5.692,68.42,8.24,1020.08,0.5,8024.8
2026-07-06T03:00:00+00:00,ZA,South Africa,-30.5595,22.9375,Subtropical / Semi-arid,32.99,Cirrus,0.2746,3.154,62.49,11.79,1017.08,0.5,6436.7
2026-07-06T04:00:00+00:00,ZA,South Africa,-30.5595,22.9375,Subtropical / Semi-arid,21.96,Cirrus,0.1938,5.788,68.29,12.87,1016.49,0.5,8030.0
2026-07-06T05:00:00+00:00,ZA,South Africa,-30.5595,22.9375,Subtropical / Semi-arid,25.91,Cumulus,0.3608,1.867,57.38,14.14,1018.54,0.5,6732.0
2026-07-06T06:00:00+00:00,ZA,South Africa,-30.5595,22.9375,Subtropical / Semi-arid,28.0,Altocumulus,0.3087,5.504,58.19,12.75,1018.44,0.5,4027.3
2026-07-06T07:00:00+00:00,ZA,South Africa,-30.5595,22.9375,Subtropical / Semi-arid,24.78,Altocumulus,0.3233,2.567,57.31,18.01,1019.88,0.5,5147.7
2026-07-06T08:00:00+00:00,ZA,South Africa,-30.5595,22.9375,Subtropical / Semi-arid,23.98,Cumulus,0.1503,4.416,57.42,15.56,1016.15,0.5,4223.1
2026-07-06T09:00:00+00:00,ZA,South Africa,-30.5595,22.9375,Subtropical / Semi-arid,25.73,Cumulus,0.2297,5.215,55.45,16.5,1018.81,0.5,8658.0
2026-07-06T10:00:00+00:00,ZA,South Africa,-30.5595,22.9375,Subtropical / Semi-arid,16.49,Cumulus,0.3346,2.293,48.36,19.92,1020.1,0.5,7923.4
2026-07-06T11:00:00+00:00,ZA,South Africa,-30.5595,22.9375,Subtropical / Semi-arid,20.4,Altocumulus,0.1518,5.583,51.21,18.33,1017.77,0.5,4398.1
2026-07-06T12:00:00+00:00,ZA,South Africa,-30.5595,22.9375,Subtropical / Semi-arid,23.14,Cumulus,0.1983,5.563,53.51,20.27,1015.44,0.5,8187.2
2026-07-06T13:00:00+00:00,ZA,South Africa,-30.5595,22.9375,Subtropical / Semi-arid,27.64,Altocumulus,0.3665,1.011,51.7,22.42,1016.18,0.5,5196.7
2026-07-06T14:00:00+00:00,ZA,South Africa,-30.5595,22.9375,Subtropical / Semi-arid,14.16,Clear,0.0475,0.607,52.7,17.39,1018.82,0.5,0
2026-07-06T15:00:00+00:00,ZA,South Africa,-30.5595,22.9375,Subtropical / Semi-arid,19.04,Cumulus,0.2342,2.023,52.42,18.39,1018.08,0.5,3907.0
2026-07-06T16:00:00+00:00,ZA,South Africa,-30.5595,22.9375,Subtropical / Semi-arid,24.64,Cumulus,0.2581,2.829,53.89,19.58,1017.4,0.5,8216.4
2026-07-06T17:00:00+00:00,ZA,South Africa,-30.5595,22.9375,Subtropical / Semi-arid,21.77,Altocumulus,0.2936,3.468,54.43,16.31,1017.0,0.5,4448.8
2026-07-06T18:00:00+00:00,ZA,South Africa,-30.5595,22.9375,Subtropical / Semi-arid,18.16,Cirrus,0.3011,1.116,57.07,15.56,1018.63,0.5,3967.6
2026-07-06T19:00:00+00:00,ZA,South Africa,-30.5595,22.9375,Subtropical / Semi-arid,25.22,Cirrus,0.1784,4.706,61.69,14.11,1014.9,0.5,5033.2
2026-07-06T20:00:00+00:00,ZA,South Africa,-30.5595,22.9375,Subtropical / Semi-arid,24.75,Cirrus,0.2145,3.241,61.57,13.31,1018.64,0.5,8981.2
2026-07-06T21:00:00+00:00,ZA,South Africa,-30.5595,22.9375,Subtropical / Semi-arid,28.6,Cirrus,0.3556,4.552,63.2,11.57,1018.35,0.5,7121.6
2026-07-06T22:00:00+00:00,ZA,South Africa,-30.5595,22.9375,Subtropical / Semi-arid,33.8,Cirrus,0.2693,4.745,68.93,8.51,1014.68,0.5,5220.2
2026-07-06T23:00:00+00:00,ZA,South Africa,-30.5595,22.9375,Subtropical / Semi-arid,21.82,Cirrus,0.21,2.596,63.44,10.84,1018.55,0.5,5580.7
2026-07-07T00:00:00+00:00,ZA,South Africa,-30.5595,22.9375,Subtropical / Semi-arid,24.45,Cirrus,0.3686,4.984,70.13,8.23,1014.39,0.5,5278.7
2026-07-07T01:00:00+00:00,ZA,South Africa,-30.5595,22.9375,Subtropical / Semi-arid,36.09,Cirrus,0.3757,6.0,67.29,14.23,1015.48,0.5,6016.1
2026-07-07T02:00:00+00:00,ZA,South Africa,-30.5595,22.9375,Subtropical / Semi-arid,32.5,Cirrus,0.3537,5.464,64.09,9.64,1015.39,0.5,7429.5
2026-07-07T03:00:00+00:00,ZA,South Africa,-30.5595,22.9375,Subtropical / Semi-arid,40.1,Cumulus,0.1672,4.343,66.31,10.33,1014.09,0.5,8199.8
2026-07-07T04:00:00+00:00,ZA,South Africa,-30.5595,22.9375,Subtropical / Semi-arid,33.06,Cirrus,0.1761,4.208,60.68,11.95,1016.08,0.5,6236.3
2026-07-07T05:00:00+00:00,ZA,South Africa,-30.5595,22.9375,Subtropical / Semi-arid,41.1,Cumulus,0.2928,4.472,61.57,13.25,1011.97,0.5,8392.9
2026-07-07T06:00:00+00:00,ZA,South Africa,-30.5595,22.9375,Subtropical / Semi-arid,35.54,Cirrus,0.2861,4.319,60.76,16.19,1012.71,0.5,4599.1
2026-07-07T07:00:00+00:00,ZA,South Africa,-30.5595,22.9375,Subtropical / Semi-arid,48.63,Cumulus,0.1641,4.935,55.91,16.29,1012.68,0.5,4983.7
2026-07-07T08:00:00+00:00,ZA,South Africa,-30.5595,22.9375,Subtropical / Semi-arid,34.47,Cumulus,0.335,2.525,53.48,18.59,1015.78,0.5,4855.5
2026-07-07T09:00:00+00:00,ZA,South Africa,-30.5595,22.9375,Subtropical / Semi-arid,55.11,Stratocumulus,0.6264,11.065,51.89,18.24,1013.29,0.5,2907.0
2026-07-07T10:00:00+00:00,ZA,South Africa,-30.5595,22.9375,Subtropical / Semi-arid,46.71,Cumulus,0.225,1.601,53.74,17.65,1014.77,0.5,5745.5
2026-07-07T11:00:00+00:00,ZA,South Africa,-30.5595,22.9375,Subtropical / Semi-arid,37.6,Cumulus,0.195,2.651,54.92,19.41,1016.02,0.5,6426.0
2026-07-07T12:00:00+00:00,ZA,South Africa,-30.5595,22.9375,Subtropical / Semi-arid,45.3,Cirrus,0.3621,1.801,53.24,21.91,1015.4,0.5,4124.3
2026-07-07T13:00:00+00:00,ZA,South Africa,-30.5595,22.9375,Subtropical / Semi-arid,44.57,Cumulus,0.2234,5.393,51.1,19.63,1016.52,0.5,5949.2
2026-07-07T14:00:00+00:00,ZA,South Africa,-30.5595,22.9375,Subtropical / Semi-arid,54.12,Cumulus,0.4699,16.393,60.85,18.78,1013.77,0.5,2233.0
2026-07-07T15:00:00+00:00,ZA,South Africa,-30.5595,22.9375,Subtropical / Semi-arid,55.94,Altocumulus,0.4735,12.928,58.29,18.08,1012.13,0.5,1050.6
2026-07-07T16:00:00+00:00,ZA,South Africa,-30.5595,22.9375,Subtropical / Semi-arid,47.29,Cirrus,0.2178,1.368,51.24,18.71,1013.56,0.5,3653.7
2026-07-07T17:00:00+00:00,ZA,South Africa,-30.5595,22.9375,Subtropical / Semi-arid,54.79,Cumulus,0.5115,13.731,57.81,16.14,1014.25,0.5,2053.7
2026-07-07T18:00:00+00:00,ZA,South Africa,-30.5595,22.9375,Subtropical / Semi-arid,54.72,Cumulus,0.6053,14.758,56.8,13.19,1016.33,0.5,1287.3
2026-07-07T19:00:00+00:00,ZA,South Africa,-30.5595,22.9375,Subtropical / Semi-arid,62.66,Cumulus,0.5386,5.488,59.63,13.16,1011.43,0.5,2775.1
2026-07-07T20:00:00+00:00,ZA,South Africa,-30.5595,22.9375,Subtropical / Semi-arid,54.58,Altocumulus,0.4156,15.836,62.78,13.81,1013.05,0.5,1097.3
2026-07-07T21:00:00+00:00,ZA,South Africa,-30.5595,22.9375,Subtropical / Semi-arid,59.51,Cumulus,0.5867,17.131,60.96,10.31,1009.76,0.5,1050.9
2026-07-07T22:00:00+00:00,ZA,South Africa,-30.5595,22.9375,Subtropical / Semi-arid,55.84,Cumulus,0.5115,15.108,66.71,10.37,1016.0,0.5,2536.3
2026-07-07T23:00:00+00:00,ZA,South Africa,-30.5595,22.9375,Subtropical / Semi-arid,63.28,Stratocumulus,0.6414,16.502,69.84,11.55,1010.8,0.5,2221.7
2026-07-08T00:00:00+00:00,ZA,South Africa,-30.5595,22.9375,Subtropical / Semi-arid,61.89,Stratocumulus,0.6445,8.009,60.93,7.17,1009.44,0.5,1642.8
2026-07-08T01:00:00+00:00,ZA,South Africa,-30.5595,22.9375,Subtropical / Semi-arid,66.41,Stratocumulus,0.3688,11.2,66.94,8.99,1010.63,0.5,1846.9
2026-07-08T02:00:00+00:00,ZA,South Africa,-30.5595,22.9375,Subtropical / Semi-arid,57.05,Altocumulus,0.5654,13.061,60.21,10.01,1010.37,0.5,2443.2
2026-07-08T03:00:00+00:00,ZA,South Africa,-30.5595,22.9375,Subtropical / Semi-arid,61.44,Stratocumulus,0.4842,11.597,62.61,11.97,1010.93,0.5,1840.6
2026-07-08T04:00:00+00:00,ZA,South Africa,-30.5595,22.9375,Subtropical / Semi-arid,60.04,Cumulus,0.4229,5.843,62.99,11.78,1011.21,0.5,1609.0
2026-07-08T05:00:00+00:00,ZA,South Africa,-30.5595,22.9375,Subtropical / Semi-arid,66.91,Stratocumulus,0.5793,10.997,62.83,13.32,1009.49,0.5,1107.6
2026-07-08T06:00:00+00:00,ZA,South Africa,-30.5595,22.9375,Subtropical / Semi-arid,62.92,Cumulus,0.5519,5.082,59.53,14.29,1012.3,0.5,1578.1
2026-07-08T07:00:00+00:00,ZA,South Africa,-30.5595,22.9375,Subtropical / Semi-arid,60.35,Altocumulus,0.4063,13.14,60.03,17.59,1012.29,0.5,1282.1
2026-07-08T08:00:00+00:00,ZA,South Africa,-30.5595,22.9375,Subtropical / Semi-arid,58.57,Cumulus,0.5386,16.982,58.89,18.99,1014.42,0.5,1215.6
2026-07-08T09:00:00+00:00,ZA,South Africa,-30.5595,22.9375,Subtropical / Semi-arid,59.41,Altocumulus,0.4934,10.036,55.02,17.62,1012.31,0.5,1843.9
2026-07-08T10:00:00+00:00,ZA,South Africa,-30.5595,22.9375,Subtropical / Semi-arid,59.41,Altocumulus,0.5365,12.413,53.64,17.89,1011.33,0.5,2196.3
2026-07-08T11:00:00+00:00,ZA,South Africa,-30.5595,22.9375,Subtropical / Semi-arid,59.6,Cumulus,0.3787,5.74,52.68,19.17,1012.25,0.5,1804.8
2026-07-08T12:00:00+00:00,ZA,South Africa,-30.5595,22.9375,Subtropical / Semi-arid,57.08,Stratocumulus,0.4475,9.369,50.7,16.9,1012.43,0.5,2550.8
2026-07-08T13:00:00+00:00,ZA,South Africa,-30.5595,22.9375,Subtropical / Semi-arid,58.14,Altocumulus,0.4089,13.374,49.04,18.31,1011.59,0.5,1149.0
2026-07-08T14:00:00+00:00,ZA,South Africa,-30.5595,22.9375,Subtropical / Semi-arid,59.22,Cumulus,0.413,17.868,57.42,18.69,1010.91,0.5,2540.0
2026-07-08T15:00:00+00:00,ZA,South Africa,-30.5595,22.9375,Subtropical / Semi-arid,52.07,Stratocumulus,0.6463,6.824,58.1,17.49,1011.34,0.5,1278.3
2026-07-08T16:00:00+00:00,ZA,South Africa,-30.5595,22.9375,Subtropical / Semi-arid,61.64,Altocumulus,0.3994,16.605,56.34,16.44,1009.17,0.5,1075.0
2026-07-08T17:00:00+00:00,ZA,South Africa,-30.5595,22.9375,Subtropical / Semi-arid,49.91,Cumulus,0.2109,2.52,58.27,15.09,1016.31,0.5,8681.2
2026-07-08T18:00:00+00:00,ZA,South Africa,-30.5595,22.9375,Subtropical / Semi-arid,46.79,Cirrus,0.2653,4.314,57.74,14.73,1012.55,0.5,3910.4
2026-07-08T19:00:00+00:00,ZA,South Africa,-30.5595,22.9375,Subtropical / Semi-arid,54.55,Stratocumulus,0.5261,5.454,64.08,12.76,1016.11,0.5,2612.4
2026-07-08T20:00:00+00:00,ZA,South Africa,-30.5595,22.9375,Subtropical / Semi-arid,51.84,Altocumulus,0.4302,16.738,64.69,11.77,1014.53,0.5,2930.1
2026-07-08T21:00:00+00:00,ZA,South Africa,-30.5595,22.9375,Subtropical / Semi-arid,52.89,Stratocumulus,0.5884,9.678,67.7,13.47,1014.45,0.5,1581.2
2026-07-08T22:00:00+00:00,ZA,South Africa,-30.5595,22.9375,Subtropical / Semi-arid,52.87,Altocumulus,0.5255,13.996,67.81,11.5,1012.15,0.5,2426.2
2026-07-08T23:00:00+00:00,ZA,South Africa,-30.5595,22.9375,Subtropical / Semi-arid,40.85,Altocumulus,0.2285,3.489,67.0,9.4,1014.92,0.5,7197.4
2026-07-09T00:00:00+00:00,ZA,South Africa,-30.5595,22.9375,Subtropical / Semi-arid,49.0,Cumulus,0.1734,4.473,69.43,6.92,1013.75,0.5,6605.9
2026-07-09T01:00:00+00:00,ZA,South Africa,-30.5595,22.9375,Subtropical / Semi-arid,48.34,Cumulus,0.2651,3.458,68.96,8.87,1012.76,0.5,8828.7
2026-07-09T02:00:00+00:00,ZA,South Africa,-30.5595,22.9375,Subtropical / Semi-arid,46.88,Cumulus,0.2118,3.852,63.27,10.02,1017.07,0.5,6504.3
2026-07-09T03:00:00+00:00,ZA,South Africa,-30.5595,22.9375,Subtropical / Semi-arid,45.8,Altocumulus,0.3178,2.804,64.29,9.34,1010.02,0.5,8688.5
2026-07-09T04:00:00+00:00,ZA,South Africa,-30.5595,22.9375,Subtropical / Semi-arid,52.8,Altocumulus,0.4944,14.101,65.52,11.49,1014.01,0.5,1118.4
2026-07-09T05:00:00+00:00,ZA,South Africa,-30.5595,22.9375,Subtropical / Semi-arid,46.85,Altocumulus,0.1617,3.528,62.23,12.53,1013.72,0.5,5941.1
2026-07-09T06:00:00+00:00,ZA,South Africa,-30.5595,22.9375,Subtropical / Semi-arid,40.85,Cirrus,0.2727,5.545,59.8,15.94,1013.7,0.5,7760.5
2026-07-09T07:00:00+00:00,ZA,South Africa,-30.5595,22.9375,Subtropical / Semi-arid,34.19,Cumulus,0.203,4.535,54.7,17.66,1016.27,0.5,4587.0
2026-07-09T08:00:00+00:00,ZA,South Africa,-30.5595,22.9375,Subtropical / Semi-arid,43.32,Cirrus,0.3553,4.362,59.67,18.29,1012.79,0.5,7176.5
2026-07-09T09:00:00+00:00,ZA,South Africa,-30.5595,22.9375,Subtropical / Semi-arid,35.56,Cirrus,0.2534,2.149,58.88,18.34,1015.53,0.5,8594.4
2026-07-09T10:00:00+00:00,ZA,South Africa,-30.5595,22.9375,Subtropical / Semi-arid,42.83,Altocumulus,0.2981,2.974,58.46,19.89,1014.1,0.5,5828.6
2026-07-09T11:00:00+00:00,ZA,South Africa,-30.5595,22.9375,Subtropical / Semi-arid,38.75,Cirrus,0.1814,2.786,54.57,18.38,1016.22,0.5,6102.6
2026-07-09T12:00:00+00:00,ZA,South Africa,-30.5595,22.9375,Subtropical / Semi-arid,39.79,Cirrus,0.1834,2.069,56.28,19.1,1014.75,0.5,4650.7
2026-07-09T13:00:00+00:00,ZA,South Africa,-30.5595,22.9375,Subtropical / Semi-arid,39.66,Cirrus,0.2183,5.6,54.63,17.63,1016.77,0.5,6212.9
2026-07-09T14:00:00+00:00,ZA,South Africa,-30.5595,22.9375,Subtropical / Semi-arid,40.4,Cirrus,0.212,5.855,51.88,18.31,1013.99,0.5,8036.5
2026-07-09T15:00:00+00:00,ZA,South Africa,-30.5595,22.9375,Subtropical / Semi-arid,29.95,Altocumulus,0.2102,1.471,53.31,18.91,1014.55,0.5,4722.3
2026-07-09T16:00:00+00:00,ZA,South Africa,-30.5595,22.9375,Subtropical / Semi-arid,41.37,Cirrus,0.3437,5.24,52.96,16.9,1015.81,0.5,5174.8
2026-07-09T17:00:00+00:00,ZA,South Africa,-30.5595,22.9375,Subtropical / Semi-arid,44.27,Altocumulus,0.182,1.444,56.97,16.88,1010.61,0.5,8631.2
2026-07-09T18:00:00+00:00,ZA,South Africa,-30.5595,22.9375,Subtropical / Semi-arid,42.59,Cumulus,0.2596,4.703,61.65,12.92,1015.32,0.5,6040.4
2026-07-09T19:00:00+00:00,ZA,South Africa,-30.5595,22.9375,Subtropical / Semi-arid,41.16,Cumulus,0.32,2.034,63.2,12.16,1012.77,0.5,4264.4
2026-07-09T20:00:00+00:00,ZA,South Africa,-30.5595,22.9375,Subtropical / Semi-arid,42.2,Cirrus,0.2876,1.834,68.63,10.73,1015.0,0.5,5758.3
2026-07-09T21:00:00+00:00,ZA,South Africa,-30.5595,22.9375,Subtropical / Semi-arid,39.15,Altocumulus,0.1602,3.195,64.04,10.18,1018.96,0.5,3756.8
2026-07-09T22:00:00+00:00,ZA,South Africa,-30.5595,22.9375,Subtropical / Semi-arid,35.07,Cirrus,0.1865,2.574,63.23,9.92,1014.32,0.5,6231.5
2026-07-09T23:00:00+00:00,ZA,South Africa,-30.5595,22.9375,Subtropical / Semi-arid,39.24,Altocumulus,0.2959,1.11,70.85,8.95,1013.3,0.5,7088.9
2026-07-10T00:00:00+00:00,ZA,South Africa,-30.5595,22.9375,Subtropical / Semi-arid,40.21,Cirrus,0.3041,3.705,71.05,9.43,1017.34,0.5,5023.8
2026-07-10T01:00:00+00:00,ZA,South Africa,-30.5595,22.9375,Subtropical / Semi-arid,43.19,Cumulus,0.1814,1.55,68.1,8.61,1014.42,0.5,8457.9
2026-07-10T02:00:00+00:00,ZA,South Africa,-30.5595,22.9375,Subtropical / Semi-arid,50.11,Altocumulus,0.5729,7.64,75.95,9.72,1015.16,0.5,2351.8
2026-07-10T03:00:00+00:00,ZA,South Africa,-30.5595,22.9375,Subtropical / Semi-arid,50.96,Altocumulus,0.4159,6.971,63.04,11.48,1011.42,0.5,2413.4
2026-07-10T04:00:00+00:00,ZA,South Africa,-30.5595,22.9375,Subtropical / Semi-arid,44.09,Cumulus,0.268,3.756,66.92,12.55,1013.67,0.5,3544.0
2026-07-10T05:00:00+00:00,ZA,South Africa,-30.5595,22.9375,Subtropical / Semi-arid,43.28,Altocumulus,0.2231,2.336,61.05,12.82,1014.64,0.5,6807.4
2026-07-10T06:00:00+00:00,ZA,South Africa,-30.5595,22.9375,Subtropical / Semi-arid,52.76,Altocumulus,0.6488,7.948,63.06,14.21,1014.34,0.5,2816.4
2026-07-10T07:00:00+00:00,ZA,South Africa,-30.5595,22.9375,Subtropical / Semi-arid,59.47,Cumulus,0.4174,7.916,55.23,16.04,1013.08,0.5,1757.7
2026-07-10T08:00:00+00:00,ZA,South Africa,-30.5595,22.9375,Subtropical / Semi-arid,49.56,Altocumulus,0.2101,2.83,55.07,16.71,1012.72,0.5,6820.9
2026-07-10T09:00:00+00:00,ZA,South Africa,-30.5595,22.9375,Subtropical / Semi-arid,52.9,Altocumulus,0.3791,13.233,58.43,18.18,1013.54,0.5,2322.9
2026-07-10T10:00:00+00:00,ZA,South Africa,-30.5595,22.9375,Subtropical / Semi-arid,52.89,Stratocumulus,0.4495,7.04,49.9,18.62,1011.84,0.5,2059.4
2026-07-10T11:00:00+00:00,ZA,South Africa,-30.5595,22.9375,Subtropical / Semi-arid,56.85,Altocumulus,0.4072,14.759,56.0,18.0,1012.37,0.5,2092.5
2026-07-10T12:00:00+00:00,ZA,South Africa,-30.5595,22.9375,Subtropical / Semi-arid,48.81,Cirrus,0.1641,1.768,54.43,20.83,1014.81,0.5,6015.9
2026-07-10T13:00:00+00:00,ZA,South Africa,-30.5595,22.9375,Subtropical / Semi-arid,55.22,Cumulus,0.3698,16.465,52.92,18.42,1012.37,0.5,1333.3
2026-07-10T14:00:00+00:00,ZA,South Africa,-30.5595,22.9375,Subtropical / Semi-arid,61.87,Altocumulus,0.5601,12.965,54.48,19.31,1010.64,0.5,2030.2
2026-07-10T15:00:00+00:00,ZA,South Africa,-30.5595,22.9375,Subtropical / Semi-arid,66.31,Cumulus,0.4294,13.91,53.45,18.6,1013.1,0.5,1245.9
2026-07-10T16:00:00+00:00,ZA,South Africa,-30.5595,22.9375,Subtropical / Semi-arid,59.57,Stratocumulus,0.6105,8.396,58.28,16.57,1012.35,0.5,2576.4
2026-07-10T17:00:00+00:00,ZA,South Africa,-30.5595,22.9375,Subtropical / Semi-arid,58.83,Stratocumulus,0.3702,10.06,60.01,15.75,1010.06,0.5,1999.1
2026-07-10T18:00:00+00:00,ZA,South Africa,-30.5595,22.9375,Subtropical / Semi-arid,54.98,Cumulus,0.3813,9.591,56.18,13.2,1012.65,0.5,1835.2
2026-07-10T19:00:00+00:00,ZA,South Africa,-30.5595,22.9375,Subtropical / Semi-arid,60.86,Altocumulus,0.4374,11.467,58.42,12.95,1013.13,0.5,1724.0
2026-07-10T20:00:00+00:00,ZA,South Africa,-30.5595,22.9375,Subtropical / Semi-arid,64.92,Cumulus,0.4952,16.452,67.96,12.35,1011.74,0.5,2831.8
2026-07-10T21:00:00+00:00,ZA,South Africa,-30.5595,22.9375,Subtropical / Semi-arid,67.88,Stratocumulus,0.4473,8.722,64.32,9.94,1010.37,0.5,1760.1
2026-07-10T22:00:00+00:00,ZA,South Africa,-30.5595,22.9375,Subtropical / Semi-arid,60.8,Stratocumulus,0.4513,6.519,67.54,10.0,1012.35,0.5,2090.1
2026-07-10T23:00:00+00:00,ZA,South Africa,-30.5595,22.9375,Subtropical / Semi-arid,67.66,Stratocumulus,0.5444,6.392,73.08,10.24,1012.2,0.5,1418.6
2026-07-11T00:00:00+00:00,ZA,South Africa,-30.5595,22.9375,Subtropical / Semi-arid,64.04,Stratocumulus,0.3936,6.786,68.77,11.83,1010.1,0.5,2289.6
2026-07-11T01:00:00+00:00,ZA,South Africa,-30.5595,22.9375,Subtropical / Semi-arid,69.16,Altocumulus,0.5215,12.945,66.83,6.41,1009.12,0.5,2847.4
2026-07-11T02:00:00+00:00,ZA,South Africa,-30.5595,22.9375,Subtropical / Semi-arid,71.49,Stratocumulus,0.5375,16.382,72.64,10.06,1007.68,0.5,1550.5
2026-07-11T03:00:00+00:00,ZA,South Africa,-30.5595,22.9375,Subtropical / Semi-arid,59.49,Altocumulus,0.3743,12.382,65.52,12.07,1011.21,0.5,1544.4
2026-07-11T04:00:00+00:00,ZA,South Africa,-30.5595,22.9375,Subtropical / Semi-arid,70.7,Stratocumulus,0.6232,11.975,59.52,10.47,1010.16,0.5,2341.0
2026-07-11T05:00:00+00:00,ZA,South Africa,-30.5595,22.9375,Subtropical / Semi-arid,73.46,Cumulus,0.3939,7.37,63.25,14.26,1008.34,0.5,1772.4
2026-07-11T06:00:00+00:00,ZA,South Africa,-30.5595,22.9375,Subtropical / Semi-arid,67.79,Stratocumulus,0.6124,15.748,61.29,16.58,1011.82,0.5,2898.6
2026-07-11T07:00:00+00:00,ZA,South Africa,-30.5595,22.9375,Subtropical / Semi-arid,74.65,Cumulus,0.4235,10.716,62.52,16.72,1011.66,0.5,2278.7
2026-07-11T08:00:00+00:00,ZA,South Africa,-30.5595,22.9375,Subtropical / Semi-arid,69.85,Altocumulus,0.5664,11.376,54.46,19.03,1008.8,0.5,2798.7
2026-07-11T09:00:00+00:00,ZA,South Africa,-30.5595,22.9375,Subtropical / Semi-arid,68.17,Cumulus,0.3764,5.557,55.65,17.15,1010.97,0.5,2959.9
2026-07-11T10:00:00+00:00,ZA,South Africa,-30.5595,22.9375,Subtropical / Semi-arid,57.08,Altocumulus,0.4539,14.46,55.89,18.85,1011.95,0.5,1756.7
2026-07-11T11:00:00+00:00,ZA,South Africa,-30.5595,22.9375,Subtropical / Semi-arid,56.71,Stratocumulus,0.5031,12.586,53.16,18.11,1011.15,0.5,2604.1
2026-07-11T12:00:00+00:00,ZA,South Africa,-30.5595,22.9375,Subtropical / Semi-arid,60.95,Altocumulus,0.4771,7.186,44.94,20.13,1012.0,0.5,2773.5
2026-07-11T13:00:00+00:00,ZA,South Africa,-30.5595,22.9375,Subtropical / Semi-arid,61.88,Cumulus,0.5961,5.044,57.12,19.55,1009.72,0.5,2665.5
2026-07-11T14:00:00+00:00,ZA,South Africa,-30.5595,22.9375,Subtropical / Semi-arid,63.03,Stratocumulus,0.3801,17.94,55.94,18.17,1010.37,0.5,2548.1
2026-07-11T15:00:00+00:00,ZA,South Africa,-30.5595,22.9375,Subtropical / Semi-arid,59.11,Stratocumulus,0.4484,12.276,58.3,16.35,1013.56,0.5,2272.1
2026-07-11T16:00:00+00:00,ZA,South Africa,-30.5595,22.9375,Subtropical / Semi-arid,61.11,Cumulus,0.4897,6.972,48.33,19.06,1012.86,0.5,1196.6
2026-07-11T17:00:00+00:00,ZA,South Africa,-30.5595,22.9375,Subtropical / Semi-arid,67.94,Altocumulus,0.6359,12.871,56.82,16.25,1012.94,0.5,2037.2
2026-07-11T18:00:00+00:00,ZA,South Africa,-30.5595,22.9375,Subtropical / Semi-arid,56.32,Stratocumulus,0.4885,9.355,58.4,12.85,1009.28,0.5,1514.8
2026-07-11T19:00:00+00:00,ZA,South Africa,-30.5595,22.9375,Subtropical / Semi-arid,55.56,Stratocumulus,0.4055,17.035,56.18,14.24,1009.67,0.5,2116.2
2026-07-11T20:00:00+00:00,ZA,South Africa,-30.5595,22.9375,Subtropical / Semi-arid,54.23,Cumulus,0.455,10.728,63.48,11.15,1012.18,0.5,1262.4
2026-07-11T21:00:00+00:00,ZA,South Africa,-30.5595,22.9375,Subtropical / Semi-arid,55.19,Stratocumulus,0.5931,9.202,64.24,10.84,1011.43,0.5,2014.9
2026-07-11T22:00:00+00:00,ZA,South Africa,-30.5595,22.9375,Subtropical / Semi-arid,49.63,Altocumulus,0.3312,1.612,68.64,10.05,1011.64,0.5,7688.3
2026-07-11T23:00:00+00:00,ZA,South Africa,-30.5595,22.9375,Subtropical / Semi-arid,47.38,Cirrus,0.321,4.603,67.22,9.99,1012.45,0.5,8550.7
2026-07-12T00:00:00+00:00,ZA,South Africa,-30.5595,22.9375,Subtropical / Semi-arid,45.32,Cirrus,0.2311,1.676,68.75,9.67,1015.75,0.5,8327.4
2026-07-12T01:00:00+00:00,ZA,South Africa,-30.5595,22.9375,Subtropical / Semi-arid,54.01,Cumulus,0.5135,10.964,67.03,11.03,1015.19,0.5,1832.1
2026-07-12T02:00:00+00:00,ZA,South Africa,-30.5595,22.9375,Subtropical / Semi-arid,44.69,Cumulus,0.294,2.708,71.51,13.75,1016.34,0.5,8075.2
2026-07-12T03:00:00+00:00,ZA,South Africa,-30.5595,22.9375,Subtropical / Semi-arid,48.2,Altocumulus,0.1788,1.015,61.83,9.88,1015.24,0.5,7345.2
2026-07-12T04:00:00+00:00,ZA,South Africa,-30.5595,22.9375,Subtropical / Semi-arid,43.77,Altocumulus,0.188,1.024,67.8,13.36,1013.46,0.5,4475.4
2026-07-12T05:00:00+00:00,ZA,South Africa,-30.5595,22.9375,Subtropical / Semi-arid,48.36,Cirrus,0.2186,2.249,65.24,11.67,1012.98,0.5,7521.8
2026-07-12T06:00:00+00:00,ZA,South Africa,-30.5595,22.9375,Subtropical / Semi-arid,43.37,Cumulus,0.1893,2.242,59.04,13.79,1015.57,0.5,6999.3
2026-07-12T07:00:00+00:00,ZA,South Africa,-30.5595,22.9375,Subtropical / Semi-arid,43.12,Cirrus,0.3511,2.704,55.11,15.64,1014.38,0.5,6579.3
2026-07-12T08:00:00+00:00,ZA,South Africa,-30.5595,22.9375,Subtropical / Semi-arid,44.04,Cirrus,0.1873,2.081,52.13,16.14,1014.42,0.5,5027.8
2026-07-12T09:00:00+00:00,ZA,South Africa,-30.5595,22.9375,Subtropical / Semi-arid,33.62,Altocumulus,0.1527,4.684,54.19,19.21,1013.93,0.5,5359.6
2026-07-12T10:00:00+00:00,ZA,South Africa,-30.5595,22.9375,Subtropical / Semi-arid,36.34,Cirrus,0.2741,2.143,52.54,20.44,1015.81,0.5,8949.2
2026-07-12T11:00:00+00:00,ZA,South Africa,-30.5595,22.9375,Subtropical / Semi-arid,47.81,Cumulus,0.2099,1.943,56.58,18.82,1012.25,0.5,5967.6
2026-07-12T12:00:00+00:00,ZA,South Africa,-30.5595,22.9375,Subtropical / Semi-arid,34.6,Cumulus,0.2302,2.467,53.43,21.67,1013.85,0.5,3674.5
2026-07-12T13:00:00+00:00,ZA,South Africa,-30.5595,22.9375,Subtropical / Semi-arid,28.29,Cirrus,0.219,2.749,54.77,18.5,1017.42,0.5,7238.2
2026-07-12T14:00:00+00:00,ZA,South Africa,-30.5595,22.9375,Subtropical / Semi-arid,27.81,Cirrus,0.2182,4.528,60.33,19.1,1016.85,0.5,4262.1
2026-07-12T15:00:00+00:00,ZA,South Africa,-30.5595,22.9375,Subtropical / Semi-arid,34.21,Cumulus,0.1932,1.618,55.75,19.29,1013.05,0.5,3685.1
2026-07-12T16:00:00+00:00,ZA,South Africa,-30.5595,22.9375,Subtropical / Semi-arid,28.08,Cumulus,0.2126,2.077,55.32,17.72,1020.02,0.5,3885.9
2026-07-12T17:00:00+00:00,ZA,South Africa,-30.5595,22.9375,Subtropical / Semi-arid,35.47,Altocumulus,0.2625,5.97,60.75,15.87,1017.61,0.5,4777.0
2026-07-12T18:00:00+00:00,ZA,South Africa,-30.5595,22.9375,Subtropical / Semi-arid,39.93,Altocumulus,0.1972,2.555,60.61,14.71,1016.18,0.5,6043.9
2026-07-12T19:00:00+00:00,ZA,South Africa,-30.5595,22.9375,Subtropical / Semi-arid,41.47,Cirrus,0.2133,2.734,63.59,13.48,1013.92,0.5,5141.4
2026-07-12T20:00:00+00:00,ZA,South Africa,-30.5595,22.9375,Subtropical / Semi-arid,36.94,Altocumulus,0.2744,3.306,61.1,15.01,1013.44,0.5,7225.2
2026-07-12T21:00:00+00:00,ZA,South Africa,-30.5595,22.9375,Subtropical / Semi-arid,36.85,Cirrus,0.2314,3.658,67.49,9.86,1013.8,0.5,7340.5
2026-07-12T22:00:00+00:00,ZA,South Africa,-30.5595,22.9375,Subtropical / Semi-arid,37.14,Cirrus,0.1528,4.397,65.62,11.5,1015.39,0.5,3503.5
2026-07-12T23:00:00+00:00,ZA,South Africa,-30.5595,22.9375,Subtropical / Semi-arid,29.78,Cirrus,0.2082,5.41,65.36,8.39,1018.03,0.5,7471.6
2026-07-13T00:00:00+00:00,ZA,South Africa,-30.5595,22.9375,Subtropical / Semi-arid,25.34,Cirrus,0.2044,4.123,65.19,10.2,1017.44,0.5,6099.1
2026-07-13T01:00:00+00:00,ZA,South Africa,-30.5595,22.9375,Subtropical / Semi-arid,23.18,Altocumulus,0.3035,4.623,63.6,11.37,1017.32,0.5,3534.5
2026-07-13T02:00:00+00:00,ZA,South Africa,-30.5595,22.9375,Subtropical / Semi-arid,24.61,Altocumulus,0.2702,4.492,68.76,9.52,1016.33,0.5,5217.9
2026-07-13T03:00:00+00:00,ZA,South Africa,-30.5595,22.9375,Subtropical / Semi-arid,37.44,Cirrus,0.2067,2.207,69.11,11.12,1014.9,0.5,8947.5
2026-07-13T04:00:00+00:00,ZA,South Africa,-30.5595,22.9375,Subtropical / Semi-arid,27.5,Altocumulus,0.3053,2.908,62.03,10.89,1016.94,0.5,8959.5
2026-07-13T05:00:00+00:00,ZA,South Africa,-30.5595,22.9375,Subtropical / Semi-arid,32.54,Cirrus,0.16,4.195,63.31,15.35,1014.56,0.5,4767.9
2026-07-13T06:00:00+00:00,ZA,South Africa,-30.5595,22.9375,Subtropical / Semi-arid,33.09,Cirrus,0.2837,2.006,54.99,15.75,1016.9,0.5,3669.1
2026-07-13T07:00:00+00:00,ZA,South Africa,-30.5595,22.9375,Subtropical / Semi-arid,29.24,Cirrus,0.3601,3.417,53.52,15.78,1016.06,0.5,5733.0
2026-07-13T08:00:00+00:00,ZA,South Africa,-30.5595,22.9375,Subtropical / Semi-arid,37.0,Cumulus,0.2172,3.896,56.3,17.12,1013.46,0.5,6927.7
2026-07-13T09:00:00+00:00,ZA,South Africa,-30.5595,22.9375,Subtropical / Semi-arid,45.74,Cumulus,0.3503,3.8,55.6,18.25,1014.45,0.5,8519.5
2026-07-13T10:00:00+00:00,ZA,South Africa,-30.5595,22.9375,Subtropical / Semi-arid,38.83,Cirrus,0.2802,3.89,56.31,20.4,1014.27,0.5,8104.8
2026-07-13T11:00:00+00:00,ZA,South Africa,-30.5595,22.9375,Subtropical / Semi-arid,32.98,Cumulus,0.3339,1.824,55.27,19.84,1015.48,0.5,6843.6
2026-07-13T12:00:00+00:00,ZA,South Africa,-30.5595,22.9375,Subtropical / Semi-arid,36.0,Cumulus,0.1542,2.941,52.23,20.81,1016.69,0.5,6094.3
2026-07-13T13:00:00+00:00,ZA,South Africa,-30.5595,22.9375,Subtropical / Semi-arid,39.24,Cumulus,0.2482,5.487,52.18,20.7,1013.9,0.5,8886.1
2026-07-13T14:00:00+00:00,ZA,South Africa,-30.5595,22.9375,Subtropical / Semi-arid,37.79,Altocumulus,0.2747,2.213,56.5,21.24,1016.6,0.5,8692.2
2026-07-13T15:00:00+00:00,ZA,South Africa,-30.5595,22.9375,Subtropical / Semi-arid,41.5,Altocumulus,0.3204,4.297,58.01,21.71,1015.93,0.5,8126.2
2026-07-13T16:00:00+00:00,ZA,South Africa,-30.5595,22.9375,Subtropical / Semi-arid,46.85,Cirrus,0.3143,3.156,59.07,17.81,1012.77,0.5,3533.4
2026-07-13T17:00:00+00:00,ZA,South Africa,-30.5595,22.9375,Subtropical / Semi-arid,49.07,Altocumulus,0.3484,4.351,58.71,13.88,1014.49,0.5,5830.0
2026-07-13T18:00:00+00:00,ZA,South Africa,-30.5595,22.9375,Subtropical / Semi-arid,44.14,Altocumulus,0.3662,2.744,60.07,15.67,1011.8,0.5,3636.5
2026-07-13T19:00:00+00:00,ZA,South Africa,-30.5595,22.9375,Subtropical / Semi-arid,37.74,Altocumulus,0.3047,4.276,64.71,13.26,1013.7,0.5,4079.9
2026-07-13T20:00:00+00:00,ZA,South Africa,-30.5595,22.9375,Subtropical / Semi-arid,44.63,Altocumulus,0.3799,3.538,65.9,11.64,1016.62,0.5,8652.0
2026-07-13T21:00:00+00:00,ZA,South Africa,-30.5595,22.9375,Subtropical / Semi-arid,49.64,Altocumulus,0.2806,2.603,67.36,10.46,1012.82,0.5,4188.1
2026-07-13T22:00:00+00:00,ZA,South Africa,-30.5595,22.9375,Subtropical / Semi-arid,44.27,Cirrus,0.2028,2.517,67.04,10.02,1015.18,0.5,7613.9
2026-07-13T23:00:00+00:00,ZA,South Africa,-30.5595,22.9375,Subtropical / Semi-arid,53.52,Stratocumulus,0.5231,8.483,64.8,8.04,1013.02,0.5,2110.2
2026-07-14T00:00:00+00:00,ZA,South Africa,-30.5595,22.9375,Subtropical / Semi-arid,52.2,Cumulus,0.4343,7.747,70.06,10.55,1013.98,0.5,1026.9
2026-07-14T01:00:00+00:00,ZA,South Africa,-30.5595,22.9375,Subtropical / Semi-arid,49.82,Cirrus,0.2034,3.173,66.67,11.54,1015.1,0.5,8260.1
2026-07-14T02:00:00+00:00,ZA,South Africa,-30.5595,22.9375,Subtropical / Semi-arid,54.15,Altocumulus,0.4756,6.113,68.04,10.75,1011.0,0.5,2606.8
2026-07-14T03:00:00+00:00,ZA,South Africa,-30.5595,22.9375,Subtropical / Semi-arid,52.78,Cumulus,0.6311,12.416,67.09,11.71,1013.74,0.5,2296.0
2026-07-14T04:00:00+00:00,ZA,South Africa,-30.5595,22.9375,Subtropical / Semi-arid,50.4,Cumulus,0.4717,14.122,64.64,12.43,1012.37,0.5,1577.2
2026-07-14T05:00:00+00:00,ZA,South Africa,-30.5595,22.9375,Subtropical / Semi-arid,57.63,Stratocumulus,0.6282,8.463,62.78,13.11,1012.41,0.5,1864.4
2026-07-14T06:00:00+00:00,ZA,South Africa,-30.5595,22.9375,Subtropical / Semi-arid,58.27,Cumulus,0.3857,17.052,60.48,14.93,1011.46,0.5,2063.3
2026-07-14T07:00:00+00:00,ZA,South Africa,-30.5595,22.9375,Subtropical / Semi-arid,68.81,Altocumulus,0.4019,6.836,53.96,15.72,1011.17,0.5,2920.2
2026-07-14T08:00:00+00:00,ZA,South Africa,-30.5595,22.9375,Subtropical / Semi-arid,49.98,Cumulus,0.2935,5.552,56.58,17.78,1013.74,0.5,7986.3
2026-07-14T09:00:00+00:00,ZA,South Africa,-30.5595,22.9375,Subtropical / Semi-arid,48.61,Altocumulus,0.341,4.59,58.46,19.06,1012.57,0.5,5614.9
2026-07-14T10:00:00+00:00,ZA,South Africa,-30.5595,22.9375,Subtropical / Semi-arid,49.93,Altocumulus,0.3424,2.507,54.39,18.7,1013.21,0.5,6758.3
2026-07-14T11:00:00+00:00,ZA,South Africa,-30.5595,22.9375,Subtropical / Semi-arid,48.0,Cumulus,0.3303,3.083,54.39,21.81,1012.71,0.5,5857.5
2026-07-14T12:00:00+00:00,ZA,South Africa,-30.5595,22.9375,Subtropical / Semi-arid,54.89,Altocumulus,0.3611,12.645,53.12,20.14,1014.78,0.5,2732.8
2026-07-14T13:00:00+00:00,ZA,South Africa,-30.5595,22.9375,Subtropical / Semi-arid,51.5,Altocumulus,0.5642,13.787,52.41,21.17,1015.21,0.5,1732.0
2026-07-14T14:00:00+00:00,ZA,South Africa,-30.5595,22.9375,Subtropical / Semi-arid,39.07,Cirrus,0.3153,1.655,52.85,18.84,1013.99,0.5,4415.8
2026-07-14T15:00:00+00:00,ZA,South Africa,-30.5595,22.9375,Subtropical / Semi-arid,47.73,Cumulus,0.2326,5.622,50.87,19.43,1013.96,0.5,6277.6
2026-07-14T16:00:00+00:00,ZA,South Africa,-30.5595,22.9375,Subtropical / Semi-arid,49.29,Cumulus,0.2449,5.109,56.82,17.56,1015.09,0.5,7867.6
2026-07-14T17:00:00+00:00,ZA,South Africa,-30.5595,22.9375,Subtropical / Semi-arid,48.45,Cumulus,0.2137,2.819,58.1,14.2,1010.95,0.5,7689.8
2026-07-14T18:00:00+00:00,ZA,South Africa,-30.5595,22.9375,Subtropical / Semi-arid,39.4,Altocumulus,0.2278,5.08,57.92,12.31,1013.97,0.5,4287.6
2026-07-14T19:00:00+00:00,ZA,South Africa,-30.5595,22.9375,Subtropical / Semi-arid,50.86,Stratocumulus,0.6007,6.031,61.59,15.25,1014.2,0.5,2256.1
2026-07-14T20:00:00+00:00,ZA,South Africa,-30.5595,22.9375,Subtropical / Semi-arid,42.13,Cumulus,0.3263,4.979,61.68,13.2,1015.08,0.5,8254.7
2026-07-14T21:00:00+00:00,ZA,South Africa,-30.5595,22.9375,Subtropical / Semi-arid,41.99,Altocumulus,0.2779,2.886,63.08,9.34,1014.93,0.5,5061.2
2026-07-14T22:00:00+00:00,ZA,South Africa,-30.5595,22.9375,Subtropical / Semi-arid,45.47,Altocumulus,0.3172,5.808,67.77,11.46,1014.95,0.5,8008.0
2026-07-14T23:00:00+00:00,ZA,South Africa,-30.5595,22.9375,Subtropical / Semi-arid,31.87,Cumulus,0.3473,4.707,67.11,10.99,1017.54,0.5,7686.5
2026-07-15T00:00:00+00:00,ZA,South Africa,-30.5595,22.9375,Subtropical / Semi-arid,36.14,Altocumulus,0.2202,4.11,67.81,9.27,1013.04,0.5,3586.8
2026-07-15T01:00:00+00:00,ZA,South Africa,-30.5595,22.9375,Subtropical / Semi-arid,29.54,Cumulus,0.2507,1.213,68.63,8.12,1017.96,0.5,4287.6
2026-07-15T02:00:00+00:00,ZA,South Africa,-30.5595,22.9375,Subtropical / Semi-arid,38.35,Cirrus,0.1587,5.057,65.81,10.29,1012.37,0.5,6213.9
2026-07-15T03:00:00+00:00,ZA,South Africa,-30.5595,22.9375,Subtropical / Semi-arid,29.39,Cirrus,0.3448,4.502,64.99,12.27,1017.31,0.5,5214.1
2026-07-15T04:00:00+00:00,ZA,South Africa,-30.5595,22.9375,Subtropical / Semi-arid,40.78,Cumulus,0.3666,5.206,62.9,12.25,1015.68,0.5,4979.7
2026-07-15T05:00:00+00:00,ZA,South Africa,-30.5595,22.9375,Subtropical / Semi-arid,34.28,Cumulus,0.2392,5.034,60.68,13.18,1016.37,0.5,5138.0
2026-07-15T06:00:00+00:00,ZA,South Africa,-30.5595,22.9375,Subtropical / Semi-arid,27.63,Cirrus,0.1891,3.219,61.53,14.43,1014.79,0.5,6891.4
2026-07-15T07:00:00+00:00,ZA,South Africa,-30.5595,22.9375,Subtropical / Semi-arid,28.16,Cumulus,0.2708,4.976,56.8,17.29,1017.04,0.5,7004.3
2026-07-15T08:00:00+00:00,ZA,South Africa,-30.5595,22.9375,Subtropical / Semi-arid,28.02,Altocumulus,0.1953,2.414,55.01,16.11,1014.29,0.5,6472.8
2026-07-15T09:00:00+00:00,ZA,South Africa,-30.5595,22.9375,Subtropical / Semi-arid,21.98,Cirrus,0.3664,2.235,50.58,17.99,1019.03,0.5,8469.8
2026-07-15T10:00:00+00:00,ZA,South Africa,-30.5595,22.9375,Subtropical / Semi-arid,31.25,Altocumulus,0.1777,4.549,48.6,17.42,1016.97,0.5,8810.2
2026-07-15T11:00:00+00:00,ZA,South Africa,-30.5595,22.9375,Subtropical / Semi-arid,19.37,Cirrus,0.2364,2.219,51.55,18.01,1017.94,0.5,6169.9
2026-07-15T12:00:00+00:00,ZA,South Africa,-30.5595,22.9375,Subtropical / Semi-arid,27.07,Cumulus,0.2547,3.644,49.81,19.94,1018.07,0.5,7561.0
2026-07-15T13:00:00+00:00,ZA,South Africa,-30.5595,22.9375,Subtropical / Semi-arid,24.09,Altocumulus,0.2368,3.113,55.9,21.56,1020.7,0.5,6073.1
2026-07-15T14:00:00+00:00,ZA,South Africa,-30.5595,22.9375,Subtropical / Semi-arid,22.6,Cumulus,0.2574,1.201,57.16,17.6,1017.8,0.5,4407.7
2026-07-15T15:00:00+00:00,ZA,South Africa,-30.5595,22.9375,Subtropical / Semi-arid,30.05,Cumulus,0.247,2.251,58.1,16.41,1014.48,0.5,8521.8
2026-07-15T16:00:00+00:00,ZA,South Africa,-30.5595,22.9375,Subtropical / Semi-arid,26.55,Cumulus,0.241,5.449,59.83,18.86,1014.28,0.5,7872.5
2026-07-15T17:00:00+00:00,ZA,South Africa,-30.5595,22.9375,Subtropical / Semi-arid,17.27,Cirrus,0.2513,4.799,57.67,16.18,1016.22,0.5,6830.7
2026-07-15T18:00:00+00:00,ZA,South Africa,-30.5595,22.9375,Subtropical / Semi-arid,25.14,Altocumulus,0.264,2.969,59.02,14.9,1015.09,0.5,8454.0
2026-07-15T19:00:00+00:00,ZA,South Africa,-30.5595,22.9375,Subtropical / Semi-arid,26.97,Cirrus,0.3133,3.261,62.94,14.35,1018.06,0.5,5897.7
2026-07-15T20:00:00+00:00,ZA,South Africa,-30.5595,22.9375,Subtropical / Semi-arid,24.79,Cumulus,0.2537,5.755,58.25,11.97,1016.22,0.5,3623.3
2026-07-15T21:00:00+00:00,ZA,South Africa,-30.5595,22.9375,Subtropical / Semi-arid,17.41,Altocumulus,0.1916,4.191,65.18,11.02,1017.15,0.5,7853.7
2026-07-15T22:00:00+00:00,ZA,South Africa,-30.5595,22.9375,Subtropical / Semi-arid,22.07,Altocumulus,0.2287,5.708,64.49,12.7,1018.2,0.5,4606.5
2026-07-15T23:00:00+00:00,ZA,South Africa,-30.5595,22.9375,Subtropical / Semi-arid,17.59,Altocumulus,0.2774,2.608,67.91,10.71,1016.95,0.5,8776.6
2026-07-16T00:00:00+00:00,ZA,South Africa,-30.5595,22.9375,Subtropical / Semi-arid,24.56,Cumulus,0.2498,5.723,66.53,9.52,1017.8,0.5,7486.3
2026-07-16T01:00:00+00:00,ZA,South Africa,-30.5595,22.9375,Subtropical / Semi-arid,21.88,Altocumulus,0.2017,5.855,65.77,11.36,1019.8,0.5,3710.1
2026-07-16T02:00:00+00:00,ZA,South Africa,-30.5595,22.9375,Subtropical / Semi-arid,29.22,Cirrus,0.1874,3.573,66.88,12.59,1014.28,0.5,4134.8
2026-07-16T03:00:00+00:00,ZA,South Africa,-30.5595,22.9375,Subtropical / Semi-arid,17.09,Cumulus,0.3451,3.544,62.84,9.53,1019.58,0.5,4984.7
2026-07-16T04:00:00+00:00,ZA,South Africa,-30.5595,22.9375,Subtropical / Semi-arid,15.31,Cirrus,0.3352,1.068,65.49,11.33,1015.82,0.5,4848.0
2026-07-16T05:00:00+00:00,ZA,South Africa,-30.5595,22.9375,Subtropical / Semi-arid,22.57,Altocumulus,0.2814,5.931,62.62,11.29,1019.07,0.5,7174.9
2026-07-16T06:00:00+00:00,ZA,South Africa,-30.5595,22.9375,Subtropical / Semi-arid,31.49,Altocumulus,0.3479,1.892,59.06,12.41,1018.12,0.5,6724.7
2026-07-16T07:00:00+00:00,ZA,South Africa,-30.5595,22.9375,Subtropical / Semi-arid,26.34,Cirrus,0.3114,2.43,54.84,15.38,1016.28,0.5,4232.9
2026-07-16T08:00:00+00:00,ZA,South Africa,-30.5595,22.9375,Subtropical / Semi-arid,32.7,Cumulus,0.3489,1.583,56.49,14.6,1013.55,0.5,8041.9
2026-07-16T09:00:00+00:00,ZA,South Africa,-30.5595,22.9375,Subtropical / Semi-arid,30.35,Altocumulus,0.313,3.949,53.69,16.12,1015.3,0.5,8251.0
2026-07-16T10:00:00+00:00,ZA,South Africa,-30.5595,22.9375,Subtropical / Semi-arid,34.6,Cumulus,0.1539,3.347,47.77,19.06,1017.34,0.5,3599.6
2026-07-16T11:00:00+00:00,ZA,South Africa,-30.5595,22.9375,Subtropical / Semi-arid,30.08,Cirrus,0.1603,1.412,53.19,18.66,1015.7,0.5,8355.9
2026-07-16T12:00:00+00:00,ZA,South Africa,-30.5595,22.9375,Subtropical / Semi-arid,42.04,Altocumulus,0.2555,5.285,53.69,19.3,1015.83,0.5,6537.2
2026-07-16T13:00:00+00:00,ZA,South Africa,-30.5595,22.9375,Subtropical / Semi-arid,35.54,Cirrus,0.2584,2.809,55.64,20.17,1014.77,0.5,8075.0
2026-07-16T14:00:00+00:00,ZA,South Africa,-30.5595,22.9375,Subtropical / Semi-arid,34.06,Altocumulus,0.3074,1.96,52.47,18.09,1016.01,0.5,6301.6
2026-07-16T15:00:00+00:00,ZA,South Africa,-30.5595,22.9375,Subtropical / Semi-arid,36.47,Altocumulus,0.3593,5.959,57.45,18.43,1015.18,0.5,8938.8
2026-07-16T16:00:00+00:00,ZA,South Africa,-30.5595,22.9375,Subtropical / Semi-arid,38.93,Cirrus,0.3317,2.766,56.73,16.07,1015.38,0.5,6412.2
2026-07-16T17:00:00+00:00,ZA,South Africa,-30.5595,22.9375,Subtropical / Semi-arid,46.65,Altocumulus,0.1929,4.33,60.13,16.46,1012.68,0.5,6409.8
2026-07-16T18:00:00+00:00,ZA,South Africa,-30.5595,22.9375,Subtropical / Semi-arid,42.71,Cumulus,0.2607,2.59,53.4,16.33,1015.52,0.5,7537.9
2026-07-16T19:00:00+00:00,ZA,South Africa,-30.5595,22.9375,Subtropical / Semi-arid,37.61,Cirrus,0.3756,4.732,59.1,11.4,1014.06,0.5,7908.3
2026-07-16T20:00:00+00:00,ZA,South Africa,-30.5595,22.9375,Subtropical / Semi-arid,50.32,Cumulus,0.3606,8.937,70.66,13.48,1013.03,0.5,2430.2
2026-07-16T21:00:00+00:00,ZA,South Africa,-30.5595,22.9375,Subtropical / Semi-arid,39.62,Cirrus,0.2055,3.737,62.85,11.75,1016.9,0.5,8179.2
2026-07-16T22:00:00+00:00,ZA,South Africa,-30.5595,22.9375,Subtropical / Semi-arid,49.3,Cirrus,0.2518,2.402,66.4,9.7,1012.68,0.5,4109.7
2026-07-16T23:00:00+00:00,ZA,South Africa,-30.5595,22.9375,Subtropical / Semi-arid,44.64,Altocumulus,0.2658,1.993,63.7,10.06,1014.55,0.5,7928.5
2026-07-17T00:00:00+00:00,ZA,South Africa,-30.5595,22.9375,Subtropical / Semi-arid,51.26,Cumulus,0.4566,14.796,66.69,9.18,1013.07,0.5,1223.8
2026-07-17T01:00:00+00:00,ZA,South Africa,-30.5595,22.9375,Subtropical / Semi-arid,53.75,Altocumulus,0.4924,12.588,68.43,9.02,1013.11,0.5,1144.9
2026-07-17T02:00:00+00:00,ZA,South Africa,-30.5595,22.9375,Subtropical / Semi-arid,53.25,Cumulus,0.5396,9.516,68.38,10.07,1012.41,0.5,2760.6
2026-07-17T03:00:00+00:00,ZA,South Africa,-30.5595,22.9375,Subtropical / Semi-arid,51.14,Altocumulus,0.4601,7.976,66.44,11.56,1011.74,0.5,2500.2
2026-07-17T04:00:00+00:00,ZA,South Africa,-30.5595,22.9375,Subtropical / Semi-arid,54.11,Cumulus,0.475,10.782,67.12,12.37,1012.2,0.5,1569.8
2026-07-17T05:00:00+00:00,ZA,South Africa,-30.5595,22.9375,Subtropical / Semi-arid,57.56,Altocumulus,0.4135,14.082,62.12,14.39,1011.66,0.5,2465.4
2026-07-17T06:00:00+00:00,ZA,South Africa,-30.5595,22.9375,Subtropical / Semi-arid,53.46,Altocumulus,0.4594,5.587,57.84,14.09,1010.2,0.5,1316.5
2026-07-17T07:00:00+00:00,ZA,South Africa,-30.5595,22.9375,Subtropical / Semi-arid,61.32,Cumulus,0.6006,9.458,59.3,17.66,1011.81,0.5,2682.8
2026-07-17T08:00:00+00:00,ZA,South Africa,-30.5595,22.9375,Subtropical / Semi-arid,55.35,Stratocumulus,0.5062,5.147,49.06,16.45,1010.92,0.5,1185.0
2026-07-17T09:00:00+00:00,ZA,South Africa,-30.5595,22.9375,Subtropical / Semi-arid,66.43,Cumulus,0.602,16.751,49.67,18.86,1011.45,0.5,1942.7
2026-07-17T10:00:00+00:00,ZA,South Africa,-30.5595,22.9375,Subtropical / Semi-arid,64.69,Cumulus,0.3937,5.276,55.09,18.39,1010.66,0.5,1762.4
2026-07-17T11:00:00+00:00,ZA,South Africa,-30.5595,22.9375,Subtropical / Semi-arid,49.7,Cirrus,0.2731,5.763,57.7,18.2,1011.64,0.5,7899.8
2026-07-17T12:00:00+00:00,ZA,South Africa,-30.5595,22.9375,Subtropical / Semi-arid,66.37,Cumulus,0.3591,5.728,53.73,19.85,1007.52,0.5,2336.9
2026-07-17T13:00:00+00:00,ZA,South Africa,-30.5595,22.9375,Subtropical / Semi-arid,60.05,Cumulus,0.5704,10.166,55.09,18.87,1012.32,0.5,2203.9
2026-07-17T14:00:00+00:00,ZA,South Africa,-30.5595,22.9375,Subtropical / Semi-arid,59.94,Stratocumulus,0.6094,13.553,52.71,18.96,1011.99,0.5,2421.0
2026-07-17T15:00:00+00:00,ZA,South Africa,-30.5595,22.9375,Subtropical / Semi-arid,50.0,Cirrus,0.2467,5.825,52.73,18.41,1014.38,0.5,8673.5
2026-07-17T16:00:00+00:00,ZA,South Africa,-30.5595,22.9375,Subtropical / Semi-arid,58.34,Cumulus,0.4997,12.711,55.7,17.24,1010.89,0.5,1256.3
2026-07-17T17:00:00+00:00,ZA,South Africa,-30.5595,22.9375,Subtropical / Semi-arid,57.73,Cumulus,0.5492,16.607,57.07,16.08,1011.12,0.5,2037.3
2026-07-17T18:00:00+00:00,ZA,South Africa,-30.5595,22.9375,Subtropical / Semi-arid,56.23,Cumulus,0.3609,14.466,63.77,14.1,1012.63,0.5,1297.7
2026-07-17T19:00:00+00:00,ZA,South Africa,-30.5595,22.9375,Subtropical / Semi-arid,65.61,Cumulus,0.61,10.22,66.3,12.09,1012.62,0.5,1670.8
2026-07-17T20:00:00+00:00,ZA,South Africa,-30.5595,22.9375,Subtropical / Semi-arid,67.07,Cumulus,0.3847,11.515,64.8,11.94,1013.39,0.5,1987.9
2026-07-17T21:00:00+00:00,ZA,South Africa,-30.5595,22.9375,Subtropical / Semi-arid,48.19,Cirrus,0.18,4.171,67.06,10.96,1015.78,0.5,5053.7
2026-07-17T22:00:00+00:00,ZA,South Africa,-30.5595,22.9375,Subtropical / Semi-arid,60.13,Altocumulus,0.6258,13.593,69.22,10.21,1015.43,0.5,2039.1
2026-07-17T23:00:00+00:00,ZA,South Africa,-30.5595,22.9375,Subtropical / Semi-arid,52.99,Stratocumulus,0.4987,7.761,64.7,8.08,1016.49,0.5,1317.4
2026-07-18T00:00:00+00:00,ZA,South Africa,-30.5595,22.9375,Subtropical / Semi-arid,60.39,Stratocumulus,0.5262,17.756,70.59,9.89,1011.21,0.5,2678.8
2026-07-18T01:00:00+00:00,ZA,South Africa,-30.5595,22.9375,Subtropical / Semi-arid,53.57,Altocumulus,0.4202,11.171,67.79,9.47,1011.64,0.5,2158.3
2026-07-18T02:00:00+00:00,ZA,South Africa,-30.5595,22.9375,Subtropical / Semi-arid,55.28,Stratocumulus,0.3609,14.559,68.33,10.35,1011.11,0.5,1984.2
2026-07-18T03:00:00+00:00,ZA,South Africa,-30.5595,22.9375,Subtropical / Semi-arid,52.9,Altocumulus,0.6149,7.911,63.95,10.5,1012.94,0.5,1089.6
2026-07-18T04:00:00+00:00,ZA,South Africa,-30.5595,22.9375,Subtropical / Semi-arid,46.55,Cumulus,0.1888,2.815,69.62,13.35,1014.7,0.5,6390.0
2026-07-18T05:00:00+00:00,ZA,South Africa,-30.5595,22.9375,Subtropical / Semi-arid,52.08,Cumulus,0.5872,9.57,61.73,14.18,1015.03,0.5,2576.6
2026-07-18T06:00:00+00:00,ZA,South Africa,-30.5595,22.9375,Subtropical / Semi-arid,52.75,Altocumulus,0.5181,13.282,60.06,15.05,1011.96,0.5,2084.2
2026-07-18T07:00:00+00:00,ZA,South Africa,-30.5595,22.9375,Subtropical / Semi-arid,51.09,Altocumulus,0.4543,6.99,55.45,16.59,1012.48,0.5,2738.1
2026-07-18T08:00:00+00:00,ZA,South Africa,-30.5595,22.9375,Subtropical / Semi-arid,44.39,Cirrus,0.1782,5.294,55.48,16.92,1012.9,0.5,7175.3
2026-07-18T09:00:00+00:00,ZA,South Africa,-30.5595,22.9375,Subtropical / Semi-arid,54.53,Cumulus,0.5084,12.566,57.63,19.16,1012.86,0.5,2372.7
2026-07-18T10:00:00+00:00,ZA,South Africa,-30.5595,22.9375,Subtropical / Semi-arid,51.03,Cumulus,0.4581,10.182,54.2,18.11,1012.43,0.5,1815.6
2026-07-18T11:00:00+00:00,ZA,South Africa,-30.5595,22.9375,Subtropical / Semi-arid,42.6,Cumulus,0.2513,3.77,52.99,19.76,1016.23,0.5,4591.2
2026-07-18T12:00:00+00:00,ZA,South Africa,-30.5595,22.9375,Subtropical / Semi-arid,49.24,Cumulus,0.2212,2.658,52.01,21.44,1013.89,0.5,4590.7
2026-07-18T13:00:00+00:00,ZA,South Africa,-30.5595,22.9375,Subtropical / Semi-arid,46.46,Cirrus,0.286,4.649,51.64,19.41,1015.14,0.5,4882.0
2026-07-18T14:00:00+00:00,ZA,South Africa,-30.5595,22.9375,Subtropical / Semi-arid,47.47,Cumulus,0.1697,4.165,53.79,19.43,1014.72,0.5,5746.1
2026-07-18T15:00:00+00:00,ZA,South Africa,-30.5595,22.9375,Subtropical / Semi-arid,48.0,Altocumulus,0.2935,4.107,54.66,19.19,1015.04,0.5,6778.2
2026-07-18T16:00:00+00:00,ZA,South Africa,-30.5595,22.9375,Subtropical / Semi-arid,45.5,Cirrus,0.348,2.892,57.3,17.14,1015.11,0.5,4825.6
2026-07-18T17:00:00+00:00,ZA,South Africa,-30.5595,22.9375,Subtropical / Semi-arid,42.55,Cumulus,0.3675,4.592,61.75,16.67,1013.78,0.5,6591.1
2026-07-18T18:00:00+00:00,ZA,South Africa,-30.5595,22.9375,Subtropical / Semi-arid,29.2,Altocumulus,0.1527,2.668,59.08,14.17,1017.96,0.5,5069.6
2026-07-18T19:00:00+00:00,ZA,South Africa,-30.5595,22.9375,Subtropical / Semi-arid,38.58,Cirrus,0.3225,3.811,59.67,13.55,1014.34,0.5,4315.1
2026-07-18T20:00:00+00:00,ZA,South Africa,-30.5595,22.9375,Subtropical / Semi-arid,38.82,Cumulus,0.2665,5.722,63.23,11.25,1015.07,0.5,8666.9
2026-07-18T21:00:00+00:00,ZA,South Africa,-30.5595,22.9375,Subtropical / Semi-arid,38.19,Cumulus,0.2864,2.532,63.69,11.21,1016.65,0.5,6990.8
2026-07-18T22:00:00+00:00,ZA,South Africa,-30.5595,22.9375,Subtropical / Semi-arid,32.77,Altocumulus,0.2724,3.656,63.1,9.28,1017.83,0.5,4387.1
2026-07-18T23:00:00+00:00,ZA,South Africa,-30.5595,22.9375,Subtropical / Semi-arid,36.7,Cumulus,0.2376,5.193,70.33,10.81,1012.67,0.5,4660.7
2026-07-19T00:00:00+00:00,ZA,South Africa,-30.5595,22.9375,Subtropical / Semi-arid,39.16,Cirrus,0.1798,4.333,69.4,9.18,1014.64,0.5,8464.8
2026-07-19T01:00:00+00:00,ZA,South Africa,-30.5595,22.9375,Subtropical / Semi-arid,44.91,Altocumulus,0.1652,3.197,67.48,9.43,1014.03,0.5,8892.3
2026-07-19T02:00:00+00:00,ZA,South Africa,-30.5595,22.9375,Subtropical / Semi-arid,32.89,Cirrus,0.1578,5.808,67.01,8.22,1016.75,0.5,8915.3
2026-07-19T03:00:00+00:00,ZA,South Africa,-30.5595,22.9375,Subtropical / Semi-arid,43.83,Cumulus,0.2878,4.932,70.6,12.91,1013.91,0.5,6448.3
2026-07-19T04:00:00+00:00,ZA,South Africa,-30.5595,22.9375,Subtropical / Semi-arid,43.65,Cumulus,0.295,1.224,63.44,13.87,1013.75,0.5,4789.5
2026-07-19T05:00:00+00:00,ZA,South Africa,-30.5595,22.9375,Subtropical / Semi-arid,41.57,Altocumulus,0.2309,5.892,63.83,12.2,1011.94,0.5,4228.2
2026-07-19T06:00:00+00:00,ZA,South Africa,-30.5595,22.9375,Subtropical / Semi-arid,38.83,Cirrus,0.2955,1.473,59.28,13.23,1014.1,0.5,8803.4
2026-07-19T07:00:00+00:00,ZA,South Africa,-30.5595,22.9375,Subtropical / Semi-arid,30.08,Altocumulus,0.2045,3.589,60.34,14.3,1016.65,0.5,4790.8
2026-07-19T08:00:00+00:00,ZA,South Africa,-30.5595,22.9375,Subtropical / Semi-arid,37.81,Cumulus,0.2645,4.332,56.73,19.72,1014.42,0.5,8930.3
2026-07-19T09:00:00+00:00,ZA,South Africa,-30.5595,22.9375,Subtropical / Semi-arid,46.66,Cumulus,0.2397,1.332,51.73,16.97,1011.99,0.5,3628.8
2026-07-19T10:00:00+00:00,ZA,South Africa,-30.5595,22.9375,Subtropical / Semi-arid,50.03,Cumulus,0.648,11.104,56.53,16.25,1016.76,0.5,1780.0
2026-07-19T11:00:00+00:00,ZA,South Africa,-30.5595,22.9375,Subtropical / Semi-arid,38.57,Cumulus,0.3209,4.658,47.9,22.58,1013.63,0.5,6315.9
2026-07-19T12:00:00+00:00,ZA,South Africa,-30.5595,22.9375,Subtropical / Semi-arid,54.48,Stratocumulus,0.5444,14.274,48.3,19.26,1015.32,0.5,2980.4
2026-07-19T13:00:00+00:00,ZA,South Africa,-30.5595,22.9375,Subtropical / Semi-arid,43.36,Cumulus,0.1716,4.658,50.82,19.45,1013.45,0.5,8509.5
2026-07-19T14:00:00+00:00,ZA,South Africa,-30.5595,22.9375,Subtropical / Semi-arid,46.71,Cirrus,0.1982,4.44,55.98,18.47,1014.66,0.5,8482.0
2026-07-19T15:00:00+00:00,ZA,South Africa,-30.5595,22.9375,Subtropical / Semi-arid,43.98,Cumulus,0.253,2.813,49.85,18.18,1015.29,0.5,3753.3
2026-07-19T16:00:00+00:00,ZA,South Africa,-30.5595,22.9375,Subtropical / Semi-arid,55.48,Altocumulus,0.3576,15.001,59.42,16.4,1013.63,0.5,2153.7
2026-07-19T17:00:00+00:00,ZA,South Africa,-30.5595,22.9375,Subtropical / Semi-arid,55.32,Stratocumulus,0.4024,16.076,60.6,14.99,1011.73,0.5,1632.5
2026-07-19T18:00:00+00:00,ZA,South Africa,-30.5595,22.9375,Subtropical / Semi-arid,53.6,Altocumulus,0.524,15.65,65.12,13.21,1013.93,0.5,1033.6
2026-07-19T19:00:00+00:00,ZA,South Africa,-30.5595,22.9375,Subtropical / Semi-arid,58.23,Altocumulus,0.6085,15.471,68.9,12.69,1012.98,0.5,2745.3
2026-07-19T20:00:00+00:00,ZA,South Africa,-30.5595,22.9375,Subtropical / Semi-arid,56.89,Cumulus,0.6111,15.461,57.68,11.37,1012.29,0.5,1538.2
2026-07-19T21:00:00+00:00,ZA,South Africa,-30.5595,22.9375,Subtropical / Semi-arid,56.05,Stratocumulus,0.6217,11.52,67.85,10.4,1012.09,0.5,2849.5
2026-07-19T22:00:00+00:00,ZA,South Africa,-30.5595,22.9375,Subtropical / Semi-arid,57.44,Altocumulus,0.6379,6.156,67.26,9.26,1013.43,0.5,1112.2
2026-07-19T23:00:00+00:00,ZA,South Africa,-30.5595,22.9375,Subtropical / Semi-arid,58.97,Stratocumulus,0.3925,12.968,69.91,9.78,1010.6,0.5,1446.7
2026-07-20T00:00:00+00:00,ZA,South Africa,-30.5595,22.9375,Subtropical / Semi-arid,66.12,Stratocumulus,0.5741,8.228,66.43,10.86,1010.97,0.5,1547.2
2026-07-20T01:00:00+00:00,ZA,South Africa,-30.5595,22.9375,Subtropical / Semi-arid,60.32,Altocumulus,0.359,12.63,72.57,11.79,1012.4,0.5,2381.4
2026-07-20T02:00:00+00:00,ZA,South Africa,-30.5595,22.9375,Subtropical / Semi-arid,67.28,Altocumulus,0.5397,5.573,65.36,11.74,1008.43,0.5,2286.1
2026-07-20T03:00:00+00:00,ZA,South Africa,-30.5595,22.9375,Subtropical / Semi-arid,61.36,Cumulus,0.3698,8.703,65.83,10.89,1011.71,0.5,2805.2
2026-07-20T04:00:00+00:00,ZA,South Africa,-30.5595,22.9375,Subtropical / Semi-arid,66.98,Altocumulus,0.6289,11.649,69.0,11.69,1011.59,0.5,1119.1
2026-07-20T05:00:00+00:00,ZA,South Africa,-30.5595,22.9375,Subtropical / Semi-arid,56.18,Stratocumulus,0.3731,13.342,61.52,15.98,1009.85,0.5,2146.3
2026-07-20T06:00:00+00:00,ZA,South Africa,-30.5595,22.9375,Subtropical / Semi-arid,68.62,Cumulus,0.3954,10.451,61.6,14.56,1009.88,0.5,2329.2
2026-07-20T07:00:00+00:00,ZA,South Africa,-30.5595,22.9375,Subtropical / Semi-arid,67.4,Stratocumulus,0.3907,9.892,57.55,17.41,1010.36,0.5,1230.8
2026-07-20T08:00:00+00:00,ZA,South Africa,-30.5595,22.9375,Subtropical / Semi-arid,60.63,Altocumulus,0.4287,11.402,55.12,19.01,1011.48,0.5,2528.5
2026-07-20T09:00:00+00:00,ZA,South Africa,-30.5595,22.9375,Subtropical / Semi-arid,69.9,Cumulus,0.6246,17.41,49.96,20.54,1008.63,0.5,1585.8
2026-07-20T10:00:00+00:00,ZA,South Africa,-30.5595,22.9375,Subtropical / Semi-arid,69.11,Altocumulus,0.3907,17.327,52.49,19.97,1009.58,0.5,2431.5
2026-07-20T11:00:00+00:00,ZA,South Africa,-30.5595,22.9375,Subtropical / Semi-arid,65.8,Altocumulus,0.4682,11.131,49.75,19.76,1010.65,0.5,2404.1
2026-07-20T12:00:00+00:00,ZA,South Africa,-30.5595,22.9375,Subtropical / Semi-arid,65.95,Altocumulus,0.373,17.768,54.22,20.32,1010.48,0.5,1742.8
2026-07-20T13:00:00+00:00,ZA,South Africa,-30.5595,22.9375,Subtropical / Semi-arid,66.09,Altocumulus,0.3735,5.618,53.61,20.26,1010.46,0.5,1015.1
2026-07-20T14:00:00+00:00,ZA,South Africa,-30.5595,22.9375,Subtropical / Semi-arid,71.45,Cumulus,0.4528,15.603,53.7,18.33,1009.54,0.5,1774.3
2026-07-20T15:00:00+00:00,ZA,South Africa,-30.5595,22.9375,Subtropical / Semi-arid,69.15,Stratocumulus,0.3651,5.897,54.25,16.31,1013.32,0.5,1926.7
2026-07-20T16:00:00+00:00,ZA,South Africa,-30.5595,22.9375,Subtropical / Semi-arid,71.19,Altocumulus,0.557,6.185,55.38,17.8,1011.88,0.5,2014.8
2026-07-20T17:00:00+00:00,ZA,South Africa,-30.5595,22.9375,Subtropical / Semi-arid,76.69,Cumulus,0.5602,5.491,61.17,15.01,1009.72,0.5,2571.5
2026-07-20T18:00:00+00:00,ZA,South Africa,-30.5595,22.9375,Subtropical / Semi-arid,72.43,Altocumulus,0.5491,12.32,60.86,13.91,1009.55,0.5,2975.4
2026-07-20T19:00:00+00:00,ZA,South Africa,-30.5595,22.9375,Subtropical / Semi-arid,67.83,Altocumulus,0.5852,8.714,60.94,11.61,1008.82,0.5,2929.1
2026-07-20T20:00:00+00:00,ZA,South Africa,-30.5595,22.9375,Subtropical / Semi-arid,71.12,Cumulus,0.5614,9.251,66.02,12.87,1009.58,0.5,2732.8
2026-07-20T21:00:00+00:00,ZA,South Africa,-30.5595,22.9375,Subtropical / Semi-arid,71.31,Stratocumulus,0.436,8.179,66.86,11.3,1009.53,0.5,1778.8
2026-07-20T22:00:00+00:00,ZA,South Africa,-30.5595,22.9375,Subtropical / Semi-arid,69.64,Cumulus,0.5804,12.498,68.49,9.34,1010.96,0.5,2231.4
2026-07-20T23:00:00+00:00,ZA,South Africa,-30.5595,22.9375,Subtropical / Semi-arid,64.8,Altocumulus,0.5069,12.854,69.49,6.35,1012.66,0.5,2396.3
2026-07-21T00:00:00+00:00,ZA,South Africa,-30.5595,22.9375,Subtropical / Semi-arid,61.59,Cumulus,0.5711,10.202,67.65,8.58,1011.55,0.5,2911.9
2026-07-21T01:00:00+00:00,ZA,South Africa,-30.5595,22.9375,Subtropical / Semi-arid,66.93,Stratocumulus,0.3726,9.604,64.64,9.68,1009.82,0.5,1737.2
2026-07-21T02:00:00+00:00,ZA,South Africa,-30.5595,22.9375,Subtropical / Semi-arid,73.73,Altocumulus,0.5525,10.278,73.33,10.33,1009.49,0.5,1000.7
2026-07-21T03:00:00+00:00,ZA,South Africa,-30.5595,22.9375,Subtropical / Semi-arid,48.22,Cirrus,0.352,4.404,64.42,10.3,1015.18,0.5,7092.4
2026-07-21T04:00:00+00:00,ZA,South Africa,-30.5595,22.9375,Subtropical / Semi-arid,64.92,Altocumulus,0.4945,17.869,58.01,12.45,1011.7,0.5,2621.0
2026-07-21T05:00:00+00:00,ZA,South Africa,-30.5595,22.9375,Subtropical / Semi-arid,55.12,Cumulus,0.4604,13.558,61.58,15.63,1012.75,0.5,2452.8
2026-07-21T06:00:00+00:00,ZA,South Africa,-30.5595,22.9375,Subtropical / Semi-arid,49.6,Cirrus,0.2902,5.141,60.11,13.88,1014.64,0.5,5049.4
2026-07-21T07:00:00+00:00,ZA,South Africa,-30.5595,22.9375,Subtropical / Semi-arid,52.38,Altocumulus,0.5017,9.455,61.68,14.38,1014.28,0.5,2791.8
2026-07-21T08:00:00+00:00,ZA,South Africa,-30.5595,22.9375,Subtropical / Semi-arid,57.01,Cumulus,0.4335,16.68,53.33,17.35,1015.58,0.5,2199.7
2026-07-21T09:00:00+00:00,ZA,South Africa,-30.5595,22.9375,Subtropical / Semi-arid,57.77,Cumulus,0.5308,12.087,60.95,16.8,1011.68,0.5,1316.2
2026-07-21T10:00:00+00:00,ZA,South Africa,-30.5595,22.9375,Subtropical / Semi-arid,52.35,Altocumulus,0.4666,7.967,54.23,16.34,1012.24,0.5,2373.1
2026-07-21T11:00:00+00:00,ZA,South Africa,-30.5595,22.9375,Subtropical / Semi-arid,43.58,Altocumulus,0.2222,3.283,48.67,21.43,1013.88,0.5,3527.4
2026-07-21T12:00:00+00:00,ZA,South Africa,-30.5595,22.9375,Subtropical / Semi-arid,50.26,Altocumulus,0.4054,16.049,51.32,17.67,1015.71,0.5,2208.1
2026-07-21T13:00:00+00:00,ZA,South Africa,-30.5595,22.9375,Subtropical / Semi-arid,48.17,Cumulus,0.261,2.615,53.89,17.27,1015.01,0.5,6645.2
2026-07-21T14:00:00+00:00,ZA,South Africa,-30.5595,22.9375,Subtropical / Semi-arid,32.21,Cumulus,0.1869,3.075,52.86,18.68,1017.58,0.5,7951.0
2026-07-21T15:00:00+00:00,ZA,South Africa,-30.5595,22.9375,Subtropical / Semi-arid,40.06,Cumulus,0.3488,3.267,59.31,18.66,1015.33,0.5,7148.0
2026-07-21T16:00:00+00:00,ZA,South Africa,-30.5595,22.9375,Subtropical / Semi-arid,43.46,Cirrus,0.3554,1.0,54.86,17.58,1011.72,0.5,8208.2
2026-07-21T17:00:00+00:00,ZA,South Africa,-30.5595,22.9375,Subtropical / Semi-arid,47.39,Cumulus,0.2969,2.273,53.89,15.12,1013.33,0.5,4261.1
2026-07-21T18:00:00+00:00,ZA,South Africa,-30.5595,22.9375,Subtropical / Semi-arid,33.15,Cumulus,0.2437,5.663,60.55,15.71,1016.43,0.5,6350.9
2026-07-21T19:00:00+00:00,ZA,South Africa,-30.5595,22.9375,Subtropical / Semi-arid,40.88,Cumulus,0.3095,2.137,62.5,13.78,1015.21,0.5,7029.0
2026-07-21T20:00:00+00:00,ZA,South Africa,-30.5595,22.9375,Subtropical / Semi-arid,40.33,Cumulus,0.2289,1.509,64.27,11.92,1015.63,0.5,5528.6
2026-07-21T21:00:00+00:00,ZA,South Africa,-30.5595,22.9375,Subtropical / Semi-arid,36.88,Cumulus,0.2203,1.925,71.57,10.3,1012.77,0.5,8146.9
2026-07-21T22:00:00+00:00,ZA,South Africa,-30.5595,22.9375,Subtropical / Semi-arid,22.33,Cumulus,0.2672,4.093,67.35,11.48,1018.16,0.5,8962.7
2026-07-21T23:00:00+00:00,ZA,South Africa,-30.5595,22.9375,Subtropical / Semi-arid,45.29,Cumulus,0.3352,5.806,72.18,8.11,1015.73,0.5,8527.6
2026-07-22T00:00:00+00:00,ZA,South Africa,-30.5595,22.9375,Subtropical / Semi-arid,32.6,Altocumulus,0.1562,2.248,67.1,9.23,1017.84,0.5,7775.2
2026-07-22T01:00:00+00:00,ZA,South Africa,-30.5595,22.9375,Subtropical / Semi-arid,32.04,Cumulus,0.3279,1.692,65.63,10.08,1017.42,0.5,8603.0
2026-07-22T02:00:00+00:00,ZA,South Africa,-30.5595,22.9375,Subtropical / Semi-arid,30.15,Cumulus,0.2552,4.677,63.96,10.17,1016.33,0.5,7562.9
2026-07-22T03:00:00+00:00,ZA,South Africa,-30.5595,22.9375,Subtropical / Semi-arid,15.53,Cumulus,0.208,1.812,67.19,9.98,1016.67,0.5,5385.1
2026-07-22T04:00:00+00:00,ZA,South Africa,-30.5595,22.9375,Subtropical / Semi-arid,29.67,Cirrus,0.242,4.034,64.76,11.94,1017.88,0.5,3833.2
2026-07-22T05:00:00+00:00,ZA,South Africa,-30.5595,22.9375,Subtropical / Semi-arid,26.71,Cumulus,0.3297,1.181,62.23,12.53,1017.68,0.5,3696.4
2026-07-22T06:00:00+00:00,ZA,South Africa,-30.5595,22.9375,Subtropical / Semi-arid,29.73,Altocumulus,0.2556,5.486,60.77,17.01,1016.31,0.5,6976.7
2026-07-22T07:00:00+00:00,ZA,South Africa,-30.5595,22.9375,Subtropical / Semi-arid,36.07,Altocumulus,0.3032,4.33,61.53,13.55,1013.89,0.5,7441.6
2026-07-22T08:00:00+00:00,ZA,South Africa,-30.5595,22.9375,Subtropical / Semi-arid,41.53,Cumulus,0.2166,2.403,59.69,17.5,1012.91,0.5,8932.1
2026-07-22T09:00:00+00:00,ZA,South Africa,-30.5595,22.9375,Subtropical / Semi-arid,20.88,Altocumulus,0.2736,1.665,54.4,18.03,1018.06,0.5,7153.9
2026-07-22T10:00:00+00:00,ZA,South Africa,-30.5595,22.9375,Subtropical / Semi-arid,24.67,Cirrus,0.2544,1.874,56.05,19.48,1017.98,0.5,5121.5
2026-07-22T11:00:00+00:00,ZA,South Africa,-30.5595,22.9375,Subtropical / Semi-arid,25.3,Cirrus,0.2669,3.023,54.71,17.83,1014.63,0.5,5299.3
2026-07-22T12:00:00+00:00,ZA,South Africa,-30.5595,22.9375,Subtropical / Semi-arid,21.53,Cirrus,0.1757,1.914,50.9,19.26,1018.68,0.5,5106.5
2026-07-22T13:00:00+00:00,ZA,South Africa,-30.5595,22.9375,Subtropical / Semi-arid,32.88,Cumulus,0.1663,3.313,51.85,20.88,1016.32,0.5,6090.1
2026-07-22T14:00:00+00:00,ZA,South Africa,-30.5595,22.9375,Subtropical / Semi-arid,29.9,Cumulus,0.3586,2.689,55.96,17.91,1016.68,0.5,4665.4
2026-07-22T15:00:00+00:00,ZA,South Africa,-30.5595,22.9375,Subtropical / Semi-arid,27.36,Cirrus,0.2373,5.451,56.25,17.63,1014.9,0.5,8622.4
2026-07-22T16:00:00+00:00,ZA,South Africa,-30.5595,22.9375,Subtropical / Semi-arid,33.43,Cirrus,0.2336,5.911,54.81,15.65,1019.79,0.5,5673.6
2026-07-22T17:00:00+00:00,ZA,South Africa,-30.5595,22.9375,Subtropical / Semi-arid,30.35,Cumulus,0.2422,3.843,60.5,15.38,1014.66,0.5,8568.2
2026-07-22T18:00:00+00:00,ZA,South Africa,-30.5595,22.9375,Subtropical / Semi-arid,35.86,Altocumulus,0.2638,3.367,56.07,16.19,1017.47,0.5,8348.6
2026-07-22T19:00:00+00:00,ZA,South Africa,-30.5595,22.9375,Subtropical / Semi-arid,35.76,Cirrus,0.3,5.178,62.95,15.12,1014.67,0.5,5683.4
2026-07-22T20:00:00+00:00,ZA,South Africa,-30.5595,22.9375,Subtropical / Semi-arid,38.66,Cumulus,0.2156,5.388,62.22,14.13,1014.33,0.5,7834.1
2026-07-22T21:00:00+00:00,ZA,South Africa,-30.5595,22.9375,Subtropical / Semi-arid,32.56,Cumulus,0.3373,4.548,71.5,13.27,1017.74,0.5,8649.8
2026-07-22T22:00:00+00:00,ZA,South Africa,-30.5595,22.9375,Subtropical / Semi-arid,39.3,Cumulus,0.1946,2.974,63.4,8.82,1013.97,0.5,7125.2
2026-07-22T23:00:00+00:00,ZA,South Africa,-30.5595,22.9375,Subtropical / Semi-arid,39.42,Cirrus,0.3041,2.097,66.02,8.67,1015.85,0.5,7343.0
2026-07-23T00:00:00+00:00,ZA,South Africa,-30.5595,22.9375,Subtropical / Semi-arid,39.47,Cumulus,0.1755,5.124,67.37,9.45,1015.7,0.5,7126.9
2026-07-23T01:00:00+00:00,ZA,South Africa,-30.5595,22.9375,Subtropical / Semi-arid,43.75,Altocumulus,0.1974,3.473,67.54,8.65,1015.44,0.5,4309.9
2026-07-23T02:00:00+00:00,ZA,South Africa,-30.5595,22.9375,Subtropical / Semi-arid,39.49,Altocumulus,0.3087,1.31,64.67,9.52,1014.88,0.5,7319.1
2026-07-23T03:00:00+00:00,ZA,South Africa,-30.5595,22.9375,Subtropical / Semi-arid,43.41,Cumulus,0.2858,4.022,63.85,11.59,1013.35,0.5,6915.2
2026-07-23T04:00:00+00:00,ZA,South Africa,-30.5595,22.9375,Subtropical / Semi-arid,38.29,Altocumulus,0.1928,1.47,61.41,10.32,1017.64,0.5,5112.0
2026-07-23T05:00:00+00:00,ZA,South Africa,-30.5595,22.9375,Subtropical / Semi-arid,51.77,Altocumulus,0.5839,8.828,63.28,15.74,1012.06,0.5,1430.0
2026-07-23T06:00:00+00:00,ZA,South Africa,-30.5595,22.9375,Subtropical / Semi-arid,41.67,Cirrus,0.2805,1.865,64.74,14.59,1015.56,0.5,6992.8
2026-07-23T07:00:00+00:00,ZA,South Africa,-30.5595,22.9375,Subtropical / Semi-arid,38.12,Altocumulus,0.3383,3.612,55.63,16.7,1015.13,0.5,8547.9
2026-07-23T08:00:00+00:00,ZA,South Africa,-30.5595,22.9375,Subtropical / Semi-arid,45.27,Cirrus,0.309,4.746,53.02,17.46,1014.51,0.5,3967.4
2026-07-23T09:00:00+00:00,ZA,South Africa,-30.5595,22.9375,Subtropical / Semi-arid,47.16,Cumulus,0.2825,4.404,51.79,18.66,1011.96,0.5,5634.7
2026-07-23T10:00:00+00:00,ZA,South Africa,-30.5595,22.9375,Subtropical / Semi-arid,54.6,Altocumulus,0.4957,11.859,54.0,18.95,1011.72,0.5,1371.1
2026-07-23T11:00:00+00:00,ZA,South Africa,-30.5595,22.9375,Subtropical / Semi-arid,49.59,Cirrus,0.2048,1.758,55.78,19.04,1014.2,0.5,4132.4
2026-07-23T12:00:00+00:00,ZA,South Africa,-30.5595,22.9375,Subtropical / Semi-arid,38.66,Cumulus,0.2256,3.808,56.68,17.83,1013.22,0.5,6462.8
2026-07-23T13:00:00+00:00,ZA,South Africa,-30.5595,22.9375,Subtropical / Semi-arid,43.6,Altocumulus,0.2332,1.895,50.66,19.4,1016.23,0.5,6279.3
2026-07-23T14:00:00+00:00,ZA,South Africa,-30.5595,22.9375,Subtropical / Semi-arid,55.45,Altocumulus,0.4272,15.391,52.97,19.23,1012.39,0.5,2952.8
2026-07-23T15:00:00+00:00,ZA,South Africa,-30.5595,22.9375,Subtropical / Semi-arid,49.15,Altocumulus,0.3399,2.718,54.01,20.28,1013.49,0.5,4077.5
2026-07-23T16:00:00+00:00,ZA,South Africa,-30.5595,22.9375,Subtropical / Semi-arid,49.55,Cirrus,0.334,1.478,53.19,14.36,1013.43,0.5,3918.0
2026-07-23T17:00:00+00:00,ZA,South Africa,-30.5595,22.9375,Subtropical / Semi-arid,55.34,Cumulus,0.4831,10.582,66.29,16.97,1011.57,0.5,2346.7
2026-07-23T18:00:00+00:00,ZA,South Africa,-30.5595,22.9375,Subtropical / Semi-arid,57.72,Cumulus,0.5394,13.171,55.15,14.62,1011.97,0.5,1110.8
2026-07-23T19:00:00+00:00,ZA,South Africa,-30.5595,22.9375,Subtropical / Semi-arid,49.09,Cumulus,0.2778,3.274,61.41,13.22,1013.91,0.5,3747.0
2026-07-23T20:00:00+00:00,ZA,South Africa,-30.5595,22.9375,Subtropical / Semi-arid,58.84,Altocumulus,0.3627,8.711,59.89,11.85,1010.18,0.5,1013.7
2026-07-23T21:00:00+00:00,ZA,South Africa,-30.5595,22.9375,Subtropical / Semi-arid,48.79,Altocumulus,0.2735,3.127,66.14,12.94,1012.24,0.5,8631.1
2026-07-23T22:00:00+00:00,ZA,South Africa,-30.5595,22.9375,Subtropical / Semi-arid,48.19,Cumulus,0.3755,1.043,65.53,10.39,1014.16,0.5,3697.0
2026-07-23T23:00:00+00:00,ZA,South Africa,-30.5595,22.9375,Subtropical / Semi-arid,48.24,Cirrus,0.3085,5.646,65.86,10.09,1010.57,0.5,6124.4
2026-07-24T00:00:00+00:00,ZA,South Africa,-30.5595,22.9375,Subtropical / Semi-arid,49.59,Altocumulus,0.1788,5.812,67.26,9.76,1014.82,0.5,5381.3
2026-07-24T01:00:00+00:00,ZA,South Africa,-30.5595,22.9375,Subtropical / Semi-arid,54.83,Altocumulus,0.5191,16.29,71.11,11.02,1010.1,0.5,2773.9
2026-07-24T02:00:00+00:00,ZA,South Africa,-30.5595,22.9375,Subtropical / Semi-arid,54.9,Altocumulus,0.4453,14.558,65.66,9.94,1011.31,0.5,2087.8
2026-07-24T03:00:00+00:00,ZA,South Africa,-30.5595,22.9375,Subtropical / Semi-arid,48.82,Altocumulus,0.3527,2.14,65.01,10.25,1013.93,0.5,8630.4
2026-07-24T04:00:00+00:00,ZA,South Africa,-30.5595,22.9375,Subtropical / Semi-arid,46.36,Altocumulus,0.2822,3.037,66.52,12.81,1013.78,0.5,8842.4
2026-07-24T05:00:00+00:00,ZA,South Africa,-30.5595,22.9375,Subtropical / Semi-arid,37.4,Altocumulus,0.2086,5.236,65.22,14.8,1015.4,0.5,7783.9
2026-07-24T06:00:00+00:00,ZA,South Africa,-30.5595,22.9375,Subtropical / Semi-arid,42.19,Altocumulus,0.2333,3.385,62.48,13.93,1011.91,0.5,8230.0
2026-07-24T07:00:00+00:00,ZA,South Africa,-30.5595,22.9375,Subtropical / Semi-arid,40.9,Cirrus,0.3298,4.764,56.15,15.28,1016.88,0.5,3521.8
2026-07-24T08:00:00+00:00,ZA,South Africa,-30.5595,22.9375,Subtropical / Semi-arid,31.63,Altocumulus,0.231,2.332,51.86,17.06,1015.99,0.5,8600.9
2026-07-24T09:00:00+00:00,ZA,South Africa,-30.5595,22.9375,Subtropical / Semi-arid,38.5,Altocumulus,0.3355,1.408,55.9,18.52,1013.65,0.5,3682.6
2026-07-24T10:00:00+00:00,ZA,South Africa,-30.5595,22.9375,Subtropical / Semi-arid,41.1,Altocumulus,0.1758,1.251,48.59,19.87,1012.23,0.5,6741.0
2026-07-24T11:00:00+00:00,ZA,South Africa,-30.5595,22.9375,Subtropical / Semi-arid,42.99,Cumulus,0.18,5.261,49.22,19.11,1016.5,0.5,7757.4
2026-07-24T12:00:00+00:00,ZA,South Africa,-30.5595,22.9375,Subtropical / Semi-arid,39.74,Cumulus,0.3785,5.467,54.1,18.73,1014.63,0.5,5176.3
2026-07-24T13:00:00+00:00,ZA,South Africa,-30.5595,22.9375,Subtropical / Semi-arid,32.63,Altocumulus,0.26,3.974,51.43,20.05,1015.01,0.5,4295.4
2026-07-24T14:00:00+00:00,ZA,South Africa,-30.5595,22.9375,Subtropical / Semi-arid,42.7,Cumulus,0.1944,1.518,60.7,19.84,1012.3,0.5,5166.1
2026-07-24T15:00:00+00:00,ZA,South Africa,-30.5595,22.9375,Subtropical / Semi-arid,32.95,Altocumulus,0.2877,4.372,57.48,16.73,1017.36,0.5,7457.0
2026-07-24T16:00:00+00:00,ZA,South Africa,-30.5595,22.9375,Subtropical / Semi-arid,32.31,Cirrus,0.1788,5.581,56.09,17.44,1015.19,0.5,4463.6
2026-07-24T17:00:00+00:00,ZA,South Africa,-30.5595,22.9375,Subtropical / Semi-arid,32.74,Cumulus,0.2076,3.959,54.88,15.68,1015.19,0.5,8940.0
2026-07-24T18:00:00+00:00,ZA,South Africa,-30.5595,22.9375,Subtropical / Semi-arid,24.57,Cirrus,0.261,5.269,60.09,15.04,1017.15,0.5,6566.9
2026-07-24T19:00:00+00:00,ZA,South Africa,-30.5595,22.9375,Subtropical / Semi-arid,25.36,Cumulus,0.2125,3.383,59.3,12.31,1018.41,0.5,8123.9
2026-07-24T20:00:00+00:00,ZA,South Africa,-30.5595,22.9375,Subtropical / Semi-arid,33.23,Cirrus,0.2649,3.341,69.13,14.54,1017.22,0.5,5613.7
2026-07-24T21:00:00+00:00,ZA,South Africa,-30.5595,22.9375,Subtropical / Semi-arid,26.03,Altocumulus,0.2981,3.551,61.73,11.75,1017.28,0.5,8706.5
2026-07-24T22:00:00+00:00,ZA,South Africa,-30.5595,22.9375,Subtropical / Semi-arid,34.73,Cirrus,0.1502,5.901,61.38,10.9,1015.26,0.5,8619.3
2026-07-24T23:00:00+00:00,ZA,South Africa,-30.5595,22.9375,Subtropical / Semi-arid,21.37,Cirrus,0.231,2.18,65.37,9.2,1016.72,0.5,7237.2
2026-07-25T00:00:00+00:00,ZA,South Africa,-30.5595,22.9375,Subtropical / Semi-arid,31.28,Cirrus,0.1794,1.545,70.39,10.82,1014.59,0.5,4799.7
2026-07-25T01:00:00+00:00,ZA,South Africa,-30.5595,22.9375,Subtropical / Semi-arid,25.27,Cirrus,0.2597,2.927,65.86,9.7,1019.41,0.5,5010.8
2026-07-25T02:00:00+00:00,ZA,South Africa,-30.5595,22.9375,Subtropical / Semi-arid,18.31,Cirrus,0.2396,3.623,65.49,9.62,1018.55,0.5,4884.8
2026-07-25T03:00:00+00:00,ZA,South Africa,-30.5595,22.9375,Subtropical / Semi-arid,20.92,Altocumulus,0.2609,2.144,69.33,11.71,1018.12,0.5,4764.4
2026-07-25T04:00:00+00:00,ZA,South Africa,-30.5595,22.9375,Subtropical / Semi-arid,14.4,Clear,0.1196,0.159,65.04,13.06,1019.14,0.5,0
2026-07-25T05:00:00+00:00,ZA,South Africa,-30.5595,22.9375,Subtropical / Semi-arid,20.66,Cumulus,0.2769,5.315,61.02,14.41,1016.75,0.5,5525.2
2026-07-25T06:00:00+00:00,ZA,South Africa,-30.5595,22.9375,Subtropical / Semi-arid,22.02,Altocumulus,0.3782,2.569,61.76,16.64,1017.39,0.5,3811.0
2026-07-25T07:00:00+00:00,ZA,South Africa,-30.5595,22.9375,Subtropical / Semi-arid,18.92,Cirrus,0.2718,2.342,52.45,15.82,1017.61,0.5,5372.6
2026-07-25T08:00:00+00:00,ZA,South Africa,-30.5595,22.9375,Subtropical / Semi-arid,17.93,Cirrus,0.3072,4.773,63.27,17.13,1017.06,0.5,6777.7
2026-07-25T09:00:00+00:00,ZA,South Africa,-30.5595,22.9375,Subtropical / Semi-arid,25.76,Altocumulus,0.2864,3.668,56.28,16.44,1016.68,0.5,4773.6
2026-07-25T10:00:00+00:00,ZA,South Africa,-30.5595,22.9375,Subtropical / Semi-arid,22.9,Altocumulus,0.3381,5.736,55.47,19.86,1013.11,0.5,8125.8
2026-07-25T11:00:00+00:00,ZA,South Africa,-30.5595,22.9375,Subtropical / Semi-arid,27.41,Altocumulus,0.1854,5.15,50.58,18.43,1016.22,0.5,8655.7
2026-07-25T12:00:00+00:00,ZA,South Africa,-30.5595,22.9375,Subtropical / Semi-arid,22.14,Altocumulus,0.2805,4.444,51.75,18.86,1018.75,0.5,5199.3
2026-07-25T13:00:00+00:00,ZA,South Africa,-30.5595,22.9375,Subtropical / Semi-arid,17.13,Altocumulus,0.2081,5.763,55.22,18.96,1016.13,0.5,5018.1
2026-07-25T14:00:00+00:00,ZA,South Africa,-30.5595,22.9375,Subtropical / Semi-arid,28.11,Altocumulus,0.3786,1.046,57.12,20.46,1016.55,0.5,5310.3
2026-07-25T15:00:00+00:00,ZA,South Africa,-30.5595,22.9375,Subtropical / Semi-arid,19.0,Cumulus,0.2601,4.679,54.85,16.89,1014.81,0.5,3697.3
2026-07-25T16:00:00+00:00,ZA,South Africa,-30.5595,22.9375,Subtropical / Semi-arid,29.42,Altocumulus,0.3798,5.709,60.92,18.13,1014.77,0.5,8669.0
2026-07-25T17:00:00+00:00,ZA,South Africa,-30.5595,22.9375,Subtropical / Semi-arid,21.52,Cirrus,0.2961,1.251,53.3,15.58,1018.37,0.5,5611.2
2026-07-25T18:00:00+00:00,ZA,South Africa,-30.5595,22.9375,Subtropical / Semi-arid,31.35,Altocumulus,0.2261,3.971,60.48,16.01,1013.19,0.5,4012.1
2026-07-25T19:00:00+00:00,ZA,South Africa,-30.5595,22.9375,Subtropical / Semi-arid,29.28,Altocumulus,0.2488,4.928,64.01,11.41,1016.5,0.5,5017.3
2026-07-25T20:00:00+00:00,ZA,South Africa,-30.5595,22.9375,Subtropical / Semi-arid,33.46,Altocumulus,0.2471,5.11,63.41,13.66,1014.08,0.5,5945.2
2026-07-25T21:00:00+00:00,ZA,South Africa,-30.5595,22.9375,Subtropical / Semi-arid,29.56,Cirrus,0.3706,3.151,65.11,11.64,1014.6,0.5,4259.5
2026-07-25T22:00:00+00:00,ZA,South Africa,-30.5595,22.9375,Subtropical / Semi-arid,27.94,Altocumulus,0.2861,1.538,62.41,9.76,1017.42,0.5,8497.4
2026-07-25T23:00:00+00:00,ZA,South Africa,-30.5595,22.9375,Subtropical / Semi-arid,32.57,Cirrus,0.2652,1.214,56.68,10.33,1015.29,0.5,6922.9
2026-07-26T00:00:00+00:00,ZA,South Africa,-30.5595,22.9375,Subtropical / Semi-arid,30.1,Cirrus,0.3139,3.188,72.53,9.04,1014.91,0.5,7756.6
2026-07-26T01:00:00+00:00,ZA,South Africa,-30.5595,22.9375,Subtropical / Semi-arid,43.36,Altocumulus,0.2513,4.766,68.95,12.2,1013.33,0.5,8802.5
2026-07-26T02:00:00+00:00,ZA,South Africa,-30.5595,22.9375,Subtropical / Semi-arid,30.27,Altocumulus,0.3427,2.445,65.89,10.04,1012.89,0.5,7706.2
2026-07-26T03:00:00+00:00,ZA,South Africa,-30.5595,22.9375,Subtropical / Semi-arid,46.22,Cirrus,0.2972,1.05,66.29,10.95,1014.6,0.5,6306.4
2026-07-26T04:00:00+00:00,ZA,South Africa,-30.5595,22.9375,Subtropical / Semi-arid,44.3,Cumulus,0.1559,3.728,63.44,11.77,1016.12,0.5,4325.1
2026-07-26T05:00:00+00:00,ZA,South Africa,-30.5595,22.9375,Subtropical / Semi-arid,45.31,Altocumulus,0.2381,2.034,62.5,10.92,1011.81,0.5,6760.0
2026-07-26T06:00:00+00:00,ZA,South Africa,-30.5595,22.9375,Subtropical / Semi-arid,40.2,Cumulus,0.1876,1.244,59.85,16.12,1013.24,0.5,8604.8
2026-07-26T07:00:00+00:00,ZA,South Africa,-30.5595,22.9375,Subtropical / Semi-arid,39.85,Altocumulus,0.1981,4.858,54.97,14.85,1013.95,0.5,8391.2
2026-07-26T08:00:00+00:00,ZA,South Africa,-30.5595,22.9375,Subtropical / Semi-arid,41.81,Cumulus,0.2849,3.1,56.45,20.12,1012.21,0.5,5357.2
2026-07-26T09:00:00+00:00,ZA,South Africa,-30.5595,22.9375,Subtropical / Semi-arid,36.99,Altocumulus,0.326,3.895,54.07,17.85,1017.38,0.5,7403.6
2026-07-26T10:00:00+00:00,ZA,South Africa,-30.5595,22.9375,Subtropical / Semi-arid,59.03,Stratocumulus,0.5401,12.525,57.53,17.87,1012.75,0.5,1727.6
2026-07-26T11:00:00+00:00,ZA,South Africa,-30.5595,22.9375,Subtropical / Semi-arid,48.26,Altocumulus,0.1524,3.593,53.6,18.13,1013.15,0.5,8371.5
2026-07-26T12:00:00+00:00,ZA,South Africa,-30.5595,22.9375,Subtropical / Semi-arid,56.11,Cumulus,0.5372,14.599,53.79,22.16,1014.37,0.5,2016.8
2026-07-26T13:00:00+00:00,ZA,South Africa,-30.5595,22.9375,Subtropical / Semi-arid,55.05,Stratocumulus,0.5455,10.391,48.62,17.17,1012.95,0.5,2012.6
2026-07-26T14:00:00+00:00,ZA,South Africa,-30.5595,22.9375,Subtropical / Semi-arid,47.05,Cirrus,0.2522,1.1,53.48,17.43,1011.49,0.5,8781.3
2026-07-26T15:00:00+00:00,ZA,South Africa,-30.5595,22.9375,Subtropical / Semi-arid,59.78,Stratocumulus,0.3917,17.576,53.35,18.76,1012.17,0.5,2855.5
2026-07-26T16:00:00+00:00,ZA,South Africa,-30.5595,22.9375,Subtropical / Semi-arid,57.08,Altocumulus,0.3981,12.281,59.8,16.04,1011.26,0.5,2611.1
2026-07-26T17:00:00+00:00,ZA,South Africa,-30.5595,22.9375,Subtropical / Semi-arid,53.41,Cumulus,0.6389,5.36,58.56,17.71,1014.4,0.5,2983.6
2026-07-26T18:00:00+00:00,ZA,South Africa,-30.5595,22.9375,Subtropical / Semi-arid,59.44,Altocumulus,0.5658,6.723,59.8,14.71,1011.68,0.5,2737.7
2026-07-26T19:00:00+00:00,ZA,South Africa,-30.5595,22.9375,Subtropical / Semi-arid,63.7,Stratocumulus,0.4584,7.056,65.73,12.17,1008.37,0.5,1943.0
2026-07-26T20:00:00+00:00,ZA,South Africa,-30.5595,22.9375,Subtropical / Semi-arid,59.31,Altocumulus,0.5491,13.606,61.97,12.29,1012.27,0.5,2136.2
2026-07-26T21:00:00+00:00,ZA,South Africa,-30.5595,22.9375,Subtropical / Semi-arid,66.19,Altocumulus,0.6018,14.647,61.48,9.51,1010.42,0.5,2972.1
2026-07-26T22:00:00+00:00,ZA,South Africa,-30.5595,22.9375,Subtropical / Semi-arid,69.58,Cumulus,0.5756,11.181,61.21,7.93,1009.99,0.5,2769.1
2026-07-26T23:00:00+00:00,ZA,South Africa,-30.5595,22.9375,Subtropical / Semi-arid,55.94,Stratocumulus,0.3727,14.777,65.43,9.86,1009.88,0.5,2644.0
2026-07-27T00:00:00+00:00,ZA,South Africa,-30.5595,22.9375,Subtropical / Semi-arid,61.22,Altocumulus,0.5153,12.576,68.54,9.22,1008.51,0.5,1235.2
2026-07-27T01:00:00+00:00,ZA,South Africa,-30.5595,22.9375,Subtropical / Semi-arid,61.5,Stratocumulus,0.3594,17.165,67.74,9.69,1012.48,0.5,2603.3
2026-07-27T02:00:00+00:00,ZA,South Africa,-30.5595,22.9375,Subtropical / Semi-arid,50.33,Altocumulus,0.6195,17.632,69.22,9.06,1010.98,0.5,1478.7
2026-07-27T03:00:00+00:00,ZA,South Africa,-30.5595,22.9375,Subtropical / Semi-arid,65.3,Cumulus,0.5827,10.24,65.47,9.78,1008.63,0.5,1878.1
2026-07-27T04:00:00+00:00,ZA,South Africa,-30.5595,22.9375,Subtropical / Semi-arid,58.68,Cumulus,0.3692,8.97,60.16,11.32,1012.25,0.5,1084.1
2026-07-27T05:00:00+00:00,ZA,South Africa,-30.5595,22.9375,Subtropical / Semi-arid,58.35,Cumulus,0.4241,15.55,63.98,13.3,1011.51,0.5,2523.3
2026-07-27T06:00:00+00:00,ZA,South Africa,-30.5595,22.9375,Subtropical / Semi-arid,55.5,Altocumulus,0.6385,5.545,61.09,14.43,1011.63,0.5,1716.5
2026-07-27T07:00:00+00:00,ZA,South Africa,-30.5595,22.9375,Subtropical / Semi-arid,58.66,Cumulus,0.5835,16.019,58.74,16.5,1010.65,0.5,1853.2
2026-07-27T08:00:00+00:00,ZA,South Africa,-30.5595,22.9375,Subtropical / Semi-arid,58.42,Cumulus,0.6409,10.982,57.11,16.76,1012.52,0.5,1853.8
2026-07-27T09:00:00+00:00,ZA,South Africa,-30.5595,22.9375,Subtropical / Semi-arid,57.87,Altocumulus,0.4847,11.401,51.11,16.61,1009.98,0.5,1933.1
2026-07-27T10:00:00+00:00,ZA,South Africa,-30.5595,22.9375,Subtropical / Semi-arid,65.52,Stratocumulus,0.3558,10.355,54.97,17.12,1011.84,0.5,2421.1
2026-07-27T11:00:00+00:00,ZA,South Africa,-30.5595,22.9375,Subtropical / Semi-arid,55.69,Altocumulus,0.4822,12.64,56.62,18.93,1011.61,0.5,2129.8
2026-07-27T12:00:00+00:00,ZA,South Africa,-30.5595,22.9375,Subtropical / Semi-arid,56.46,Stratocumulus,0.3971,6.89,51.68,18.26,1012.82,0.5,2932.6
2026-07-27T13:00:00+00:00,ZA,South Africa,-30.5595,22.9375,Subtropical / Semi-arid,49.18,Cumulus,0.1706,2.97,55.6,20.16,1012.01,0.5,3812.6
2026-07-27T14:00:00+00:00,ZA,South Africa,-30.5595,22.9375,Subtropical / Semi-arid,38.86,Cirrus,0.2204,5.047,55.34,18.59,1016.66,0.5,5377.8
2026-07-27T15:00:00+00:00,ZA,South Africa,-30.5595,22.9375,Subtropical / Semi-arid,45.99,Cirrus,0.3364,1.806,52.8,19.15,1013.03,0.5,6387.9
2026-07-27T16:00:00+00:00,ZA,South Africa,-30.5595,22.9375,Subtropical / Semi-arid,58.59,Altocumulus,0.5845,10.034,56.53,18.02,1013.96,0.5,1080.5
2026-07-27T17:00:00+00:00,ZA,South Africa,-30.5595,22.9375,Subtropical / Semi-arid,48.51,Cumulus,0.3359,1.663,64.54,15.52,1012.04,0.5,7420.6
2026-07-27T18:00:00+00:00,ZA,South Africa,-30.5595,22.9375,Subtropical / Semi-arid,45.51,Cirrus,0.2737,2.525,61.5,15.24,1015.5,0.5,8264.7
2026-07-27T19:00:00+00:00,ZA,South Africa,-30.5595,22.9375,Subtropical / Semi-arid,40.52,Cirrus,0.2054,4.939,60.72,12.78,1015.26,0.5,5798.0
2026-07-27T20:00:00+00:00,ZA,South Africa,-30.5595,22.9375,Subtropical / Semi-arid,37.66,Cirrus,0.2957,4.774,61.55,13.15,1013.81,0.5,5832.2
2026-07-27T21:00:00+00:00,ZA,South Africa,-30.5595,22.9375,Subtropical / Semi-arid,52.19,Stratocumulus,0.6412,12.106,67.54,10.09,1011.68,0.5,1745.5
2026-07-27T22:00:00+00:00,ZA,South Africa,-30.5595,22.9375,Subtropical / Semi-arid,39.21,Altocumulus,0.1994,3.815,65.33,10.67,1014.05,0.5,3986.1
2026-07-27T23:00:00+00:00,ZA,South Africa,-30.5595,22.9375,Subtropical / Semi-arid,44.09,Cumulus,0.3428,1.273,65.96,9.36,1013.32,0.5,8885.2
2026-07-28T00:00:00+00:00,ZA,South Africa,-30.5595,22.9375,Subtropical / Semi-arid,43.69,Altocumulus,0.1841,1.454,72.06,10.05,1013.84,0.5,6853.0
2026-07-28T01:00:00+00:00,ZA,South Africa,-30.5595,22.9375,Subtropical / Semi-arid,48.49,Cirrus,0.3187,1.708,69.12,8.74,1013.15,0.5,5402.3
2026-07-28T02:00:00+00:00,ZA,South Africa,-30.5595,22.9375,Subtropical / Semi-arid,48.91,Cumulus,0.204,2.236,73.04,12.02,1011.72,0.5,8322.9
2026-07-28T03:00:00+00:00,ZA,South Africa,-30.5595,22.9375,Subtropical / Semi-arid,33.7,Cirrus,0.3347,5.123,67.51,10.74,1016.26,0.5,5635.1
2026-07-28T04:00:00+00:00,ZA,South Africa,-30.5595,22.9375,Subtropical / Semi-arid,52.65,Altocumulus,0.4695,12.397,59.97,9.89,1010.83,0.5,1670.8
2026-07-28T05:00:00+00:00,ZA,South Africa,-30.5595,22.9375,Subtropical / Semi-arid,39.84,Cumulus,0.3525,2.478,64.59,12.11,1013.54,0.5,7188.7
2026-07-28T06:00:00+00:00,ZA,South Africa,-30.5595,22.9375,Subtropical / Semi-arid,37.09,Cumulus,0.3564,3.906,59.97,14.17,1014.89,0.5,6461.6
2026-07-28T07:00:00+00:00,ZA,South Africa,-30.5595,22.9375,Subtropical / Semi-arid,44.41,Cirrus,0.3303,3.586,59.24,14.95,1014.28,0.5,7496.3
2026-07-28T08:00:00+00:00,ZA,South Africa,-30.5595,22.9375,Subtropical / Semi-arid,39.42,Cirrus,0.2524,4.305,53.3,19.06,1016.35,0.5,6651.1
2026-07-28T09:00:00+00:00,ZA,South Africa,-30.5595,22.9375,Subtropical / Semi-arid,30.54,Cumulus,0.2326,2.931,56.51,17.29,1015.3,0.5,8317.6
2026-07-28T10:00:00+00:00,ZA,South Africa,-30.5595,22.9375,Subtropical / Semi-arid,39.65,Cirrus,0.3234,2.063,51.11,18.49,1016.5,0.5,4717.4
2026-07-28T11:00:00+00:00,ZA,South Africa,-30.5595,22.9375,Subtropical / Semi-arid,33.04,Altocumulus,0.184,5.18,49.77,18.86,1015.44,0.5,3612.7
2026-07-28T12:00:00+00:00,ZA,South Africa,-30.5595,22.9375,Subtropical / Semi-arid,44.35,Cumulus,0.3588,2.115,50.53,20.44,1015.67,0.5,8379.0
2026-07-28T13:00:00+00:00,ZA,South Africa,-30.5595,22.9375,Subtropical / Semi-arid,36.65,Cumulus,0.3793,4.247,52.12,20.36,1017.37,0.5,4061.0
2026-07-28T14:00:00+00:00,ZA,South Africa,-30.5595,22.9375,Subtropical / Semi-arid,30.38,Altocumulus,0.2102,4.525,51.3,18.16,1014.44,0.5,7381.7
2026-07-28T15:00:00+00:00,ZA,South Africa,-30.5595,22.9375,Subtropical / Semi-arid,40.21,Cumulus,0.2548,4.346,50.33,19.33,1015.04,0.5,3795.9
2026-07-28T16:00:00+00:00,ZA,South Africa,-30.5595,22.9375,Subtropical / Semi-arid,37.69,Altocumulus,0.2163,3.295,54.13,16.92,1017.58,0.5,7838.4
2026-07-28T17:00:00+00:00,ZA,South Africa,-30.5595,22.9375,Subtropical / Semi-arid,46.63,Cumulus,0.1508,2.796,58.15,16.38,1012.94,0.5,7243.5
2026-07-28T18:00:00+00:00,ZA,South Africa,-30.5595,22.9375,Subtropical / Semi-arid,48.39,Cumulus,0.2892,4.088,57.47,14.63,1012.46,0.5,8430.9
2026-07-28T19:00:00+00:00,ZA,South Africa,-30.5595,22.9375,Subtropical / Semi-arid,50.77,Cumulus,0.5565,10.666,60.09,13.34,1011.94,0.5,2627.3
2026-07-28T20:00:00+00:00,ZA,South Africa,-30.5595,22.9375,Subtropical / Semi-arid,42.0,Cumulus,0.347,3.555,62.47,12.15,1012.68,0.5,8962.2
2026-07-28T21:00:00+00:00,ZA,South Africa,-30.5595,22.9375,Subtropical / Semi-arid,47.0,Cirrus,0.2744,5.903,63.26,10.98,1013.29,0.5,8579.2
2026-07-28T22:00:00+00:00,ZA,South Africa,-30.5595,22.9375,Subtropical / Semi-arid,42.86,Altocumulus,0.1603,3.528,65.44,11.23,1015.02,0.5,4215.4
2026-07-28T23:00:00+00:00,ZA,South Africa,-30.5595,22.9375,Subtropical / Semi-arid,40.12,Altocumulus,0.315,5.816,64.14,9.82,1016.95,0.5,8961.5
2026-07-29T00:00:00+00:00,ZA,South Africa,-30.5595,22.9375,Subtropical / Semi-arid,47.1,Cumulus,0.2699,2.827,69.02,8.47,1015.08,0.5,7110.4
2026-07-29T01:00:00+00:00,ZA,South Africa,-30.5595,22.9375,Subtropical / Semi-arid,49.0,Altocumulus,0.2832,4.705,66.88,9.2,1013.53,0.5,8839.0
2026-07-29T02:00:00+00:00,ZA,South Africa,-30.5595,22.9375,Subtropical / Semi-arid,43.78,Cirrus,0.3702,4.756,67.45,10.63,1011.01,0.5,5008.1
2026-07-29T03:00:00+00:00,ZA,South Africa,-30.5595,22.9375,Subtropical / Semi-arid,53.67,Altocumulus,0.5354,15.602,61.84,10.25,1010.95,0.5,2808.5
2026-07-29T04:00:00+00:00,ZA,South Africa,-30.5595,22.9375,Subtropical / Semi-arid,53.58,Cumulus,0.3875,16.971,61.92,12.43,1011.19,0.5,2816.5
2026-07-29T05:00:00+00:00,ZA,South Africa,-30.5595,22.9375,Subtropical / Semi-arid,54.13,Cumulus,0.6384,7.371,62.89,14.34,1012.06,0.5,1327.7
2026-07-29T06:00:00+00:00,ZA,South Africa,-30.5595,22.9375,Subtropical / Semi-arid,57.65,Cumulus,0.5915,12.87,60.21,12.89,1012.39,0.5,1082.1
2026-07-29T07:00:00+00:00,ZA,South Africa,-30.5595,22.9375,Subtropical / Semi-arid,48.16,Altocumulus,0.2615,2.014,53.78,16.79,1011.8,0.5,6151.8
2026-07-29T08:00:00+00:00,ZA,South Africa,-30.5595,22.9375,Subtropical / Semi-arid,55.04,Altocumulus,0.38,13.593,60.22,15.7,1012.89,0.5,1454.7
2026-07-29T09:00:00+00:00,ZA,South Africa,-30.5595,22.9375,Subtropical / Semi-arid,62.66,Altocumulus,0.356,15.395,55.9,16.81,1008.8,0.5,1011.9
2026-07-29T10:00:00+00:00,ZA,South Africa,-30.5595,22.9375,Subtropical / Semi-arid,61.03,Altocumulus,0.6435,13.066,53.52,19.6,1010.29,0.5,2555.7
2026-07-29T11:00:00+00:00,ZA,South Africa,-30.5595,22.9375,Subtropical / Semi-arid,61.93,Cumulus,0.632,6.106,50.58,21.2,1010.43,0.5,1994.2
2026-07-29T12:00:00+00:00,ZA,South Africa,-30.5595,22.9375,Subtropical / Semi-arid,65.45,Cumulus,0.4421,12.676,51.02,21.04,1008.91,0.5,1787.7
2026-07-29T13:00:00+00:00,ZA,South Africa,-30.5595,22.9375,Subtropical / Semi-arid,61.37,Altocumulus,0.4327,16.545,50.5,20.76,1011.44,0.5,1855.1
2026-07-29T14:00:00+00:00,ZA,South Africa,-30.5595,22.9375,Subtropical / Semi-arid,61.95,Altocumulus,0.5911,15.36,49.05,18.55,1011.39,0.5,2112.2
2026-07-29T15:00:00+00:00,ZA,South Africa,-30.5595,22.9375,Subtropical / Semi-arid,58.52,Cumulus,0.4472,16.916,58.56,19.69,1011.6,0.5,2858.0
2026-07-29T16:00:00+00:00,ZA,South Africa,-30.5595,22.9375,Subtropical / Semi-arid,60.59,Stratocumulus,0.6256,16.708,61.19,18.32,1009.77,0.5,2302.2
2026-07-29T17:00:00+00:00,ZA,South Africa,-30.5595,22.9375,Subtropical / Semi-arid,61.78,Altocumulus,0.4335,8.664,56.4,16.8,1013.17,0.5,2728.1
2026-07-29T18:00:00+00:00,ZA,South Africa,-30.5595,22.9375,Subtropical / Semi-arid,71.21,Altocumulus,0.4497,14.461,60.79,14.3,1011.65,0.5,1886.5
2026-07-29T19:00:00+00:00,ZA,South Africa,-30.5595,22.9375,Subtropical / Semi-arid,70.55,Altocumulus,0.6098,8.143,61.88,13.04,1010.02,0.5,2975.8
2026-07-29T20:00:00+00:00,ZA,South Africa,-30.5595,22.9375,Subtropical / Semi-arid,63.36,Cumulus,0.4508,9.257,68.04,11.8,1011.39,0.5,1989.2
2026-07-29T21:00:00+00:00,ZA,South Africa,-30.5595,22.9375,Subtropical / Semi-arid,78.4,Cumulus,0.6178,12.948,70.45,12.84,1008.99,0.5,1719.3
2026-07-29T22:00:00+00:00,ZA,South Africa,-30.5595,22.9375,Subtropical / Semi-arid,74.66,Altocumulus,0.5541,7.977,68.52,9.22,1009.62,0.5,2970.5
2026-07-29T23:00:00+00:00,ZA,South Africa,-30.5595,22.9375,Subtropical / Semi-arid,73.85,Stratocumulus,0.635,9.576,64.49,10.15,1010.73,0.5,1435.0
2026-07-30T00:00:00+00:00,ZA,South Africa,-30.5595,22.9375,Subtropical / Semi-arid,71.26,Altocumulus,0.5659,5.293,68.58,11.34,1012.47,0.5,2180.6
2026-07-30T01:00:00+00:00,ZA,South Africa,-30.5595,22.9375,Subtropical / Semi-arid,68.19,Stratocumulus,0.4338,12.509,67.96,10.78,1008.78,0.5,2513.7
2026-07-30T02:00:00+00:00,ZA,South Africa,-30.5595,22.9375,Subtropical / Semi-arid,67.34,Stratocumulus,0.376,14.341,65.63,10.8,1011.44,0.5,1629.9
2026-07-30T03:00:00+00:00,ZA,South Africa,-30.5595,22.9375,Subtropical / Semi-arid,64.02,Altocumulus,0.5145,14.849,62.14,10.29,1008.04,0.5,1809.7
2026-07-30T04:00:00+00:00,ZA,South Africa,-30.5595,22.9375,Subtropical / Semi-arid,70.73,Stratocumulus,0.4412,11.251,57.52,13.4,1010.01,0.5,1093.6
2026-07-30T05:00:00+00:00,ZA,South Africa,-30.5595,22.9375,Subtropical / Semi-arid,70.85,Altocumulus,0.4327,5.494,60.85,11.51,1008.5,0.5,1069.8
2026-07-30T06:00:00+00:00,ZA,South Africa,-30.5595,22.9375,Subtropical / Semi-arid,68.5,Stratocumulus,0.4974,17.265,60.78,14.68,1011.77,0.5,2758.3
2026-07-30T07:00:00+00:00,ZA,South Africa,-30.5595,22.9375,Subtropical / Semi-arid,71.36,Stratocumulus,0.5337,8.057,60.12,15.83,1009.65,0.5,1476.7
2026-07-30T08:00:00+00:00,ZA,South Africa,-30.5595,22.9375,Subtropical / Semi-arid,67.03,Cumulus,0.351,15.12,56.84,16.09,1009.15,0.5,1873.4
2026-07-30T09:00:00+00:00,ZA,South Africa,-30.5595,22.9375,Subtropical / Semi-arid,66.64,Cumulus,0.5944,15.004,55.29,18.8,1010.53,0.5,1785.8
2026-07-30T10:00:00+00:00,ZA,South Africa,-30.5595,22.9375,Subtropical / Semi-arid,58.52,Altocumulus,0.569,17.973,51.58,18.42,1011.91,0.5,2263.8
2026-07-30T11:00:00+00:00,ZA,South Africa,-30.5595,22.9375,Subtropical / Semi-arid,72.43,Cumulus,0.4696,13.912,54.19,18.77,1008.34,0.5,2963.8
2026-07-30T12:00:00+00:00,ZA,South Africa,-30.5595,22.9375,Subtropical / Semi-arid,61.05,Cumulus,0.6048,8.335,53.8,20.32,1011.38,0.5,1633.6
2026-07-30T13:00:00+00:00,ZA,South Africa,-30.5595,22.9375,Subtropical / Semi-arid,59.15,Altocumulus,0.4244,11.225,51.18,18.99,1012.04,0.5,1520.0
2026-07-30T14:00:00+00:00,ZA,South Africa,-30.5595,22.9375,Subtropical / Semi-arid,61.1,Altocumulus,0.4934,5.49,55.84,20.36,1012.18,0.5,2343.7
2026-07-30T15:00:00+00:00,ZA,South Africa,-30.5595,22.9375,Subtropical / Semi-arid,63.79,Altocumulus,0.4278,5.155,54.43,17.08,1009.77,0.5,1911.8
2026-07-30T16:00:00+00:00,ZA,South Africa,-30.5595,22.9375,Subtropical / Semi-arid,62.67,Altocumulus,0.3839,16.271,56.66,16.19,1014.03,0.5,1781.1
2026-07-30T17:00:00+00:00,ZA,South Africa,-30.5595,22.9375,Subtropical / Semi-arid,55.08,Cumulus,0.617,11.115,58.26,14.01,1014.96,0.5,1178.2
2026-07-30T18:00:00+00:00,ZA,South Africa,-30.5595,22.9375,Subtropical / Semi-arid,51.21,Altocumulus,0.4988,6.4,62.6,15.1,1010.76,0.5,2865.2
2026-07-30T19:00:00+00:00,ZA,South Africa,-30.5595,22.9375,Subtropical / Semi-arid,55.93,Altocumulus,0.4191,14.062,62.53,12.3,1010.23,0.5,1814.4
2026-07-30T20:00:00+00:00,ZA,South Africa,-30.5595,22.9375,Subtropical / Semi-arid,45.72,Altocumulus,0.2673,2.725,63.53,12.96,1012.69,0.5,5836.4
2026-07-30T21:00:00+00:00,ZA,South Africa,-30.5595,22.9375,Subtropical / Semi-arid,44.16,Cirrus,0.2193,5.92,65.61,10.81,1011.08,0.5,4521.6
2026-07-30T22:00:00+00:00,ZA,South Africa,-30.5595,22.9375,Subtropical / Semi-arid,50.34,Stratocumulus,0.3957,14.032,69.18,11.12,1012.65,0.5,1396.7
2026-07-30T23:00:00+00:00,ZA,South Africa,-30.5595,22.9375,Subtropical / Semi-arid,40.14,Altocumulus,0.2848,2.179,65.17,10.84,1016.94,0.5,7983.8
