timestamp,country_code,country_name,latitude,longitude,climate_zone,cloud_cover_pct,cloud_type,satellite_reflectance,optical_depth,humidity_pct,temperature_c,pressure_hpa,wind_speed_ms,cloud_base_altitude_m
2026-07-01T00:00:00+00:00,AE,United Arab Emirates,23.4241,53.8478,Subtropical Desert,38.63,Cirrus,0.3255,1.134,41.71,12.83,1013.64,0.5,4107.4
2026-07-01T01:00:00+00:00,AE,United Arab Emirates,23.4241,53.8478,Subtropical Desert,26.28,Altocumulus,0.1736,5.768,41.01,12.81,1019.31,0.5,7513.5
2026-07-01T02:00:00+00:00,AE,United Arab Emirates,23.4241,53.8478,Subtropical Desert,23.45,Cumulus,0.3508,2.313,40.11,12.74,1018.04,0.5,8562.6
2026-07-01T03:00:00+00:00,AE,United Arab Emirates,23.4241,53.8478,Subtropical Desert,38.51,Cumulus,0.2325,2.299,32.02,14.48,1018.22,0.5,8919.4
2026-07-01T04:00:00+00:00,AE,United Arab Emirates,23.4241,53.8478,Subtropical Desert,34.85,Altocumulus,0.282,3.515,31.94,12.77,1014.68,0.5,3762.2
2026-07-01T05:00:00+00:00,AE,United Arab Emirates,23.4241,53.8478,Subtropical Desert,32.45,Cirrus,0.2318,1.484,32.98,16.01,1014.98,0.5,6942.5
2026-07-01T06:00:00+00:00,AE,United Arab Emirates,23.4241,53.8478,Subtropical Desert,39.75,Altocumulus,0.1935,5.164,27.53,16.71,1012.37,0.5,6913.5
2026-07-01T07:00:00+00:00,AE,United Arab Emirates,23.4241,53.8478,Subtropical Desert,27.2,Cirrus,0.3129,1.825,27.43,16.81,1016.85,0.5,4091.8
2026-07-01T08:00:00+00:00,AE,United Arab Emirates,23.4241,53.8478,Subtropical Desert,30.33,Cumulus,0.2239,1.983,22.7,21.12,1015.94,0.5,6282.2
2026-07-01T09:00:00+00:00,AE,United Arab Emirates,23.4241,53.8478,Subtropical Desert,34.08,Cirrus,0.3087,3.156,25.81,19.45,1015.79,0.5,3983.1
2026-07-01T10:00:00+00:00,AE,United Arab Emirates,23.4241,53.8478,Subtropical Desert,37.44,Altocumulus,0.3053,5.059,27.92,22.24,1015.14,0.5,4925.6
2026-07-01T11:00:00+00:00,AE,United Arab Emirates,23.4241,53.8478,Subtropical Desert,51.5,Stratocumulus,0.5703,12.222,22.18,21.15,1012.97,0.5,1097.7
2026-07-01T12:00:00+00:00,AE,United Arab Emirates,23.4241,53.8478,Subtropical Desert,36.97,Altocumulus,0.3236,5.22,22.07,20.64,1016.65,0.5,5158.8
2026-07-01T13:00:00+00:00,AE,United Arab Emirates,23.4241,53.8478,Subtropical Desert,42.14,Cirrus,0.2568,4.925,21.0,20.84,1014.95,0.5,6175.7
2026-07-01T14:00:00+00:00,AE,United Arab Emirates,23.4241,53.8478,Subtropical Desert,39.91,Cumulus,0.3498,5.844,23.88,22.19,1012.71,0.5,6330.3
2026-07-01T15:00:00+00:00,AE,United Arab Emirates,23.4241,53.8478,Subtropical Desert,33.35,Altocumulus,0.2913,5.041,24.42,18.6,1016.0,0.5,6251.6
2026-07-01T16:00:00+00:00,AE,United Arab Emirates,23.4241,53.8478,Subtropical Desert,40.15,Cirrus,0.3398,4.143,24.52,19.93,1012.92,0.5,8935.9
2026-07-01T17:00:00+00:00,AE,United Arab Emirates,23.4241,53.8478,Subtropical Desert,39.1,Cumulus,0.2653,5.322,24.11,19.96,1016.67,0.5,7777.4
2026-07-01T18:00:00+00:00,AE,United Arab Emirates,23.4241,53.8478,Subtropical Desert,36.98,Altocumulus,0.3286,3.974,30.13,15.03,1015.76,0.5,5722.0
2026-07-01T19:00:00+00:00,AE,United Arab Emirates,23.4241,53.8478,Subtropical Desert,39.12,Altocumulus,0.3336,2.001,34.19,14.53,1014.5,0.5,5431.4
2026-07-01T20:00:00+00:00,AE,United Arab Emirates,23.4241,53.8478,Subtropical Desert,33.34,Cumulus,0.2068,3.434,37.04,13.41,1016.51,0.5,5762.5
2026-07-01T21:00:00+00:00,AE,United Arab Emirates,23.4241,53.8478,Subtropical Desert,30.51,Cirrus,0.2583,3.544,34.66,13.52,1017.73,0.5,7132.3
2026-07-01T22:00:00+00:00,AE,United Arab Emirates,23.4241,53.8478,Subtropical Desert,37.23,Altocumulus,0.3058,5.443,38.82,13.0,1013.56,0.5,7073.2
2026-07-01T23:00:00+00:00,AE,United Arab Emirates,23.4241,53.8478,Subtropical Desert,34.92,Cumulus,0.3655,3.37,40.94,12.18,1014.91,0.5,6847.5
2026-07-02T00:00:00+00:00,AE,United Arab Emirates,23.4241,53.8478,Subtropical Desert,26.88,Altocumulus,0.3272,4.023,33.98,13.77,1016.12,0.5,3760.2
2026-07-02T01:00:00+00:00,AE,United Arab Emirates,23.4241,53.8478,Subtropical Desert,40.22,Cirrus,0.2171,4.092,36.19,11.22,1015.33,0.5,3625.7
2026-07-02T02:00:00+00:00,AE,United Arab Emirates,23.4241,53.8478,Subtropical Desert,35.03,Cirrus,0.2284,2.441,36.82,11.17,1018.09,0.5,6014.1
2026-07-02T03:00:00+00:00,AE,United Arab Emirates,23.4241,53.8478,Subtropical Desert,36.2,Cirrus,0.2506,4.55,34.16,12.19,1016.25,0.5,3510.7
2026-07-02T04:00:00+00:00,AE,United Arab Emirates,23.4241,53.8478,Subtropical Desert,28.91,Altocumulus,0.2029,1.938,34.48,13.14,1015.27,0.5,7545.9
2026-07-02T05:00:00+00:00,AE,United Arab Emirates,23.4241,53.8478,Subtropical Desert,31.63,Altocumulus,0.3695,1.7,37.9,16.67,1015.1,0.5,6099.2
2026-07-02T06:00:00+00:00,AE,United Arab Emirates,23.4241,53.8478,Subtropical Desert,36.26,Cumulus,0.1726,3.941,30.95,16.5,1015.18,0.5,3726.4
2026-07-02T07:00:00+00:00,AE,United Arab Emirates,23.4241,53.8478,Subtropical Desert,27.57,Altocumulus,0.3658,1.757,28.37,17.55,1017.11,0.5,7327.6
2026-07-02T08:00:00+00:00,AE,United Arab Emirates,23.4241,53.8478,Subtropical Desert,21.97,Cumulus,0.3298,3.689,22.76,19.97,1017.74,0.5,8750.7
2026-07-02T09:00:00+00:00,AE,United Arab Emirates,23.4241,53.8478,Subtropical Desert,36.7,Altocumulus,0.2747,2.028,24.4,20.05,1015.7,0.5,4747.5
2026-07-02T10:00:00+00:00,AE,United Arab Emirates,23.4241,53.8478,Subtropical Desert,27.88,Cumulus,0.2968,3.381,24.06,22.04,1017.59,0.5,8815.9
2026-07-02T11:00:00+00:00,AE,United Arab Emirates,23.4241,53.8478,Subtropical Desert,28.28,Cirrus,0.2689,5.929,22.9,20.79,1018.98,0.5,7302.4
2026-07-02T12:00:00+00:00,AE,United Arab Emirates,23.4241,53.8478,Subtropical Desert,36.13,Cumulus,0.2261,5.891,23.22,19.61,1013.84,0.5,3711.5
2026-07-02T13:00:00+00:00,AE,United Arab Emirates,23.4241,53.8478,Subtropical Desert,30.44,Cirrus,0.3247,4.256,22.09,24.32,1015.63,0.5,7146.5
2026-07-02T14:00:00+00:00,AE,United Arab Emirates,23.4241,53.8478,Subtropical Desert,26.14,Altocumulus,0.3242,2.742,23.2,20.97,1015.21,0.5,8317.8
2026-07-02T15:00:00+00:00,AE,United Arab Emirates,23.4241,53.8478,Subtropical Desert,9.4,Clear,0.0733,0.413,23.05,19.06,1017.78,0.5,0
2026-07-02T16:00:00+00:00,AE,United Arab Emirates,23.4241,53.8478,Subtropical Desert,17.12,Cirrus,0.1894,1.394,23.59,19.4,1019.12,0.5,6784.0
2026-07-02T17:00:00+00:00,AE,United Arab Emirates,23.4241,53.8478,Subtropical Desert,8.57,Clear,0.1048,0.113,32.6,17.33,1018.91,0.5,0
2026-07-02T18:00:00+00:00,AE,United Arab Emirates,23.4241,53.8478,Subtropical Desert,5.76,Clear,0.074,0.179,31.61,17.14,1019.8,0.5,0
2026-07-02T19:00:00+00:00,AE,United Arab Emirates,23.4241,53.8478,Subtropical Desert,13.07,Clear,0.0224,0.776,28.82,16.1,1018.45,0.5,0
2026-07-02T20:00:00+00:00,AE,United Arab Emirates,23.4241,53.8478,Subtropical Desert,15.96,Cumulus,0.2152,2.616,31.18,12.73,1023.66,0.5,6834.0
2026-07-02T21:00:00+00:00,AE,United Arab Emirates,23.4241,53.8478,Subtropical Desert,12.75,Clear,0.0251,0.474,34.51,13.83,1018.39,0.5,0
2026-07-02T22:00:00+00:00,AE,United Arab Emirates,23.4241,53.8478,Subtropical Desert,7.99,Clear,0.0309,0.664,40.0,13.45,1015.61,0.5,0
2026-07-02T23:00:00+00:00,AE,United Arab Emirates,23.4241,53.8478,Subtropical Desert,13.32,Clear,0.0616,0.312,36.09,11.36,1018.5,0.5,0
2026-07-03T00:00:00+00:00,AE,United Arab Emirates,23.4241,53.8478,Subtropical Desert,2.96,Clear,0.0894,0.685,37.63,11.87,1021.83,0.5,0
2026-07-03T01:00:00+00:00,AE,United Arab Emirates,23.4241,53.8478,Subtropical Desert,5.78,Clear,0.111,0.735,40.05,13.32,1018.51,0.5,0
2026-07-03T02:00:00+00:00,AE,United Arab Emirates,23.4241,53.8478,Subtropical Desert,4.11,Clear,0.1087,0.747,32.7,13.35,1018.12,0.5,0
2026-07-03T03:00:00+00:00,AE,United Arab Emirates,23.4241,53.8478,Subtropical Desert,10.04,Clear,0.0657,0.648,33.2,12.52,1018.28,0.5,0
2026-07-03T04:00:00+00:00,AE,United Arab Emirates,23.4241,53.8478,Subtropical Desert,0.0,Clear,0.032,0.111,34.35,14.52,1022.86,0.5,0
2026-07-03T05:00:00+00:00,AE,United Arab Emirates,23.4241,53.8478,Subtropical Desert,8.6,Clear,0.0518,0.468,30.82,15.52,1019.64,0.5,0
2026-07-03T06:00:00+00:00,AE,United Arab Emirates,23.4241,53.8478,Subtropical Desert,2.92,Clear,0.0499,0.449,24.95,14.8,1019.46,0.5,0
2026-07-03T07:00:00+00:00,AE,United Arab Emirates,23.4241,53.8478,Subtropical Desert,0.0,Clear,0.1189,0.298,26.78,17.22,1022.28,0.5,0
2026-07-03T08:00:00+00:00,AE,United Arab Emirates,23.4241,53.8478,Subtropical Desert,0.0,Clear,0.1124,0.379,23.94,20.91,1021.45,0.5,0
2026-07-03T09:00:00+00:00,AE,United Arab Emirates,23.4241,53.8478,Subtropical Desert,0.0,Clear,0.1063,0.497,21.18,18.56,1022.59,0.5,0
2026-07-03T10:00:00+00:00,AE,United Arab Emirates,23.4241,53.8478,Subtropical Desert,0.0,Clear,0.1062,0.693,20.55,20.54,1022.36,0.5,0
2026-07-03T11:00:00+00:00,AE,United Arab Emirates,23.4241,53.8478,Subtropical Desert,0.0,Clear,0.0315,0.159,17.55,21.72,1017.45,0.5,0
2026-07-03T12:00:00+00:00,AE,United Arab Emirates,23.4241,53.8478,Subtropical Desert,0.0,Clear,0.0653,0.641,22.92,20.5,1020.63,0.5,0
2026-07-03T13:00:00+00:00,AE,United Arab Emirates,23.4241,53.8478,Subtropical Desert,0.0,Clear,0.0507,0.767,21.95,20.69,1020.26,0.5,0
2026-07-03T14:00:00+00:00,AE,United Arab Emirates,23.4241,53.8478,Subtropical Desert,8.04,Clear,0.0813,0.738,29.69,20.01,1019.26,0.5,0
2026-07-03T15:00:00+00:00,AE,United Arab Emirates,23.4241,53.8478,Subtropical Desert,0.0,Clear,0.1022,0.512,21.57,17.74,1020.17,0.5,0
2026-07-03T16:00:00+00:00,AE,United Arab Emirates,23.4241,53.8478,Subtropical Desert,7.95,Clear,0.1037,0.088,26.34,17.98,1019.07,0.5,0
2026-07-03T17:00:00+00:00,AE,United Arab Emirates,23.4241,53.8478,Subtropical Desert,5.03,Clear,0.0422,0.406,27.34,17.97,1020.07,0.5,0
2026-07-03T18:00:00+00:00,AE,United Arab Emirates,23.4241,53.8478,Subtropical Desert,2.33,Clear,0.1112,0.399,37.05,19.06,1022.42,0.5,0
2026-07-03T19:00:00+00:00,AE,United Arab Emirates,23.4241,53.8478,Subtropical Desert,0.0,Clear,0.1062,0.228,24.5,14.51,1020.73,0.5,0
2026-07-03T20:00:00+00:00,AE,United Arab Emirates,23.4241,53.8478,Subtropical Desert,0.0,Clear,0.0353,0.736,36.32,15.03,1022.04,0.5,0
2026-07-03T21:00:00+00:00,AE,United Arab Emirates,23.4241,53.8478,Subtropical Desert,3.31,Clear,0.033,0.141,35.91,13.67,1019.74,0.5,0
2026-07-03T22:00:00+00:00,AE,United Arab Emirates,23.4241,53.8478,Subtropical Desert,7.25,Clear,0.0303,0.375,40.47,13.65,1018.95,0.5,0
2026-07-03T23:00:00+00:00,AE,United Arab Emirates,23.4241,53.8478,Subtropical Desert,0.49,Clear,0.1006,0.214,35.8,12.32,1018.71,0.5,0
2026-07-04T00:00:00+00:00,AE,United Arab Emirates,23.4241,53.8478,Subtropical Desert,5.12,Clear,0.0364,0.728,40.52,10.8,1021.32,0.5,0
2026-07-04T01:00:00+00:00,AE,United Arab Emirates,23.4241,53.8478,Subtropical Desert,5.89,Clear,0.0961,0.134,35.31,12.23,1018.71,0.5,0
2026-07-04T02:00:00+00:00,AE,United Arab Emirates,23.4241,53.8478,Subtropical Desert,7.17,Clear,0.0692,0.225,38.52,11.61,1020.56,0.5,0
2026-07-04T03:00:00+00:00,AE,United Arab Emirates,23.4241,53.8478,Subtropical Desert,13.37,Clear,0.0449,0.246,34.79,11.98,1016.29,0.5,0
2026-07-04T04:00:00+00:00,AE,United Arab Emirates,23.4241,53.8478,Subtropical Desert,11.87,Clear,0.1157,0.401,35.1,13.38,1020.71,0.5,0
2026-07-04T05:00:00+00:00,AE,United Arab Emirates,23.4241,53.8478,Subtropical Desert,12.23,Clear,0.0954,0.379,37.55,15.15,1018.52,0.5,0
2026-07-04T06:00:00+00:00,AE,United Arab Emirates,23.4241,53.8478,Subtropical Desert,16.32,Altocumulus,0.2821,3.446,29.22,17.58,1017.76,0.5,6396.1
2026-07-04T07:00:00+00:00,AE,United Arab Emirates,23.4241,53.8478,Subtropical Desert,6.07,Clear,0.0762,0.283,27.57,18.69,1022.89,0.5,0
2026-07-04T08:00:00+00:00,AE,United Arab Emirates,23.4241,53.8478,Subtropical Desert,24.2,Cirrus,0.2408,5.986,25.66,19.12,1017.75,0.5,5395.7
2026-07-04T09:00:00+00:00,AE,United Arab Emirates,23.4241,53.8478,Subtropical Desert,10.79,Clear,0.1196,0.195,22.9,20.29,1017.33,0.5,0
2026-07-04T10:00:00+00:00,AE,United Arab Emirates,23.4241,53.8478,Subtropical Desert,16.78,Cirrus,0.3508,5.646,26.34,20.29,1018.83,0.5,3957.1
2026-07-04T11:00:00+00:00,AE,United Arab Emirates,23.4241,53.8478,Subtropical Desert,13.67,Clear,0.063,0.568,22.36,22.73,1018.98,0.5,0
2026-07-04T12:00:00+00:00,AE,United Arab Emirates,23.4241,53.8478,Subtropical Desert,19.47,Altocumulus,0.2785,3.659,22.96,20.15,1017.14,0.5,5262.8
2026-07-04T13:00:00+00:00,AE,United Arab Emirates,23.4241,53.8478,Subtropical Desert,18.75,Cumulus,0.3541,5.971,25.1,21.89,1015.66,0.5,8596.1
2026-07-04T14:00:00+00:00,AE,United Arab Emirates,23.4241,53.8478,Subtropical Desert,21.15,Cirrus,0.2964,2.556,18.73,22.16,1016.04,0.5,5603.8
2026-07-04T15:00:00+00:00,AE,United Arab Emirates,23.4241,53.8478,Subtropical Desert,21.74,Cirrus,0.2128,1.11,25.24,19.37,1018.64,0.5,8221.3
2026-07-04T16:00:00+00:00,AE,United Arab Emirates,23.4241,53.8478,Subtropical Desert,18.98,Altocumulus,0.2124,4.226,29.37,19.35,1018.29,0.5,8894.5
2026-07-04T17:00:00+00:00,AE,United Arab Emirates,23.4241,53.8478,Subtropical Desert,12.94,Clear,0.0404,0.665,30.33,19.05,1018.49,0.5,0
2026-07-04T18:00:00+00:00,AE,United Arab Emirates,23.4241,53.8478,Subtropical Desert,18.69,Altocumulus,0.2452,5.081,25.83,16.39,1018.8,0.5,4653.4
2026-07-04T19:00:00+00:00,AE,United Arab Emirates,23.4241,53.8478,Subtropical Desert,18.83,Cumulus,0.1591,1.166,29.58,16.01,1019.75,0.5,5109.7
2026-07-04T20:00:00+00:00,AE,United Arab Emirates,23.4241,53.8478,Subtropical Desert,17.35,Cirrus,0.3644,3.353,35.73,13.81,1016.25,0.5,8723.2
2026-07-04T21:00:00+00:00,AE,United Arab Emirates,23.4241,53.8478,Subtropical Desert,22.09,Altocumulus,0.2441,3.322,35.72,14.76,1016.7,0.5,4937.9
2026-07-04T22:00:00+00:00,AE,United Arab Emirates,23.4241,53.8478,Subtropical Desert,20.08,Cirrus,0.3507,2.427,36.03,13.85,1018.61,0.5,4636.3
2026-07-04T23:00:00+00:00,AE,United Arab Emirates,23.4241,53.8478,Subtropical Desert,27.15,Altocumulus,0.2614,3.565,38.53,11.61,1017.7,0.5,4609.7
2026-07-05T00:00:00+00:00,AE,United Arab Emirates,23.4241,53.8478,Subtropical Desert,21.08,Altocumulus,0.2069,2.609,41.66,13.93,1020.8,0.5,3766.1
2026-07-05T01:00:00+00:00,AE,United Arab Emirates,23.4241,53.8478,Subtropical Desert,13.07,Clear,0.0561,0.465,37.0,10.19,1017.85,0.5,0
2026-07-05T02:00:00+00:00,AE,United Arab Emirates,23.4241,53.8478,Subtropical Desert,23.87,Cumulus,0.2428,1.766,37.83,11.47,1015.67,0.5,8728.4
2026-07-05T03:00:00+00:00,AE,United Arab Emirates,23.4241,53.8478,Subtropical Desert,21.68,Cumulus,0.3742,2.34,39.16,12.15,1020.36,0.5,4725.2
2026-07-05T04:00:00+00:00,AE,United Arab Emirates,23.4241,53.8478,Subtropical Desert,12.84,Clear,0.0898,0.169,32.62,15.24,1018.42,0.5,0
2026-07-05T05:00:00+00:00,AE,United Arab Emirates,23.4241,53.8478,Subtropical Desert,27.54,Cumulus,0.3434,5.51,29.47,16.14,1019.01,0.5,8655.1
2026-07-05T06:00:00+00:00,AE,United Arab Emirates,23.4241,53.8478,Subtropical Desert,27.01,Cirrus,0.1806,1.86,29.8,14.5,1016.57,0.5,6889.2
2026-07-05T07:00:00+00:00,AE,United Arab Emirates,23.4241,53.8478,Subtropical Desert,20.04,Altocumulus,0.2173,5.672,27.93,19.35,1017.63,0.5,5361.1
2026-07-05T08:00:00+00:00,AE,United Arab Emirates,23.4241,53.8478,Subtropical Desert,9.35,Clear,0.0896,0.687,27.55,21.23,1022.66,0.5,0
2026-07-05T09:00:00+00:00,AE,United Arab Emirates,23.4241,53.8478,Subtropical Desert,13.36,Clear,0.1004,0.309,23.85,19.11,1018.37,0.5,0
2026-07-05T10:00:00+00:00,AE,United Arab Emirates,23.4241,53.8478,Subtropical Desert,15.34,Cirrus,0.33,2.62,20.37,21.75,1016.84,0.5,4713.3
2026-07-05T11:00:00+00:00,AE,United Arab Emirates,23.4241,53.8478,Subtropical Desert,9.95,Clear,0.0356,0.224,24.3,20.5,1021.06,0.5,0
2026-07-05T12:00:00+00:00,AE,United Arab Emirates,23.4241,53.8478,Subtropical Desert,8.44,Clear,0.0372,0.61,25.02,20.75,1020.25,0.5,0
2026-07-05T13:00:00+00:00,AE,United Arab Emirates,23.4241,53.8478,Subtropical Desert,13.88,Clear,0.0231,0.525,23.4,22.65,1019.98,0.5,0
2026-07-05T14:00:00+00:00,AE,United Arab Emirates,23.4241,53.8478,Subtropical Desert,13.24,Clear,0.0526,0.32,24.08,22.97,1019.24,0.5,0
2026-07-05T15:00:00+00:00,AE,United Arab Emirates,23.4241,53.8478,Subtropical Desert,0.0,Clear,0.083,0.536,26.3,20.12,1021.76,0.5,0
2026-07-05T16:00:00+00:00,AE,United Arab Emirates,23.4241,53.8478,Subtropical Desert,0.21,Clear,0.0669,0.642,24.53,19.19,1020.64,0.5,0
2026-07-05T17:00:00+00:00,AE,United Arab Emirates,23.4241,53.8478,Subtropical Desert,2.41,Clear,0.1153,0.584,29.54,19.01,1021.56,0.5,0
2026-07-05T18:00:00+00:00,AE,United Arab Emirates,23.4241,53.8478,Subtropical Desert,2.31,Clear,0.1025,0.117,32.57,18.26,1019.57,0.5,0
2026-07-05T19:00:00+00:00,AE,United Arab Emirates,23.4241,53.8478,Subtropical Desert,0.0,Clear,0.0402,0.534,28.33,15.26,1020.45,0.5,0
2026-07-05T20:00:00+00:00,AE,United Arab Emirates,23.4241,53.8478,Subtropical Desert,6.23,Clear,0.0626,0.754,34.34,15.26,1018.97,0.5,0
2026-07-05T21:00:00+00:00,AE,United Arab Emirates,23.4241,53.8478,Subtropical Desert,0.0,Clear,0.0964,0.609,33.91,12.55,1020.88,0.5,0
2026-07-05T22:00:00+00:00,AE,United Arab Emirates,23.4241,53.8478,Subtropical Desert,6.89,Clear,0.0752,0.748,38.23,10.17,1019.48,0.5,0
2026-07-05T23:00:00+00:00,AE,United Arab Emirates,23.4241,53.8478,Subtropical Desert,0.0,Clear,0.0592,0.683,33.62,12.77,1021.2,0.5,0
2026-07-06T00:00:00+00:00,AE,United Arab Emirates,23.4241,53.8478,Subtropical Desert,0.0,Clear,0.1031,0.182,38.03,9.95,1022.01,0.5,0
2026-07-06T01:00:00+00:00,AE,United Arab Emirates,23.4241,53.8478,Subtropical Desert,0.0,Clear,0.0783,0.559,31.65,11.4,1017.51,0.5,0
2026-07-06T02:00:00+00:00,AE,United Arab Emirates,23.4241,53.8478,Subtropical Desert,0.0,Clear,0.0345,0.55,38.29,14.13,1022.5,0.5,0
2026-07-06T03:00:00+00:00,AE,United Arab Emirates,23.4241,53.8478,Subtropical Desert,0.0,Clear,0.0981,0.132,37.8,14.24,1021.09,0.5,0
2026-07-06T04:00:00+00:00,AE,United Arab Emirates,23.4241,53.8478,Subtropical Desert,0.68,Clear,0.1002,0.181,34.38,14.62,1022.46,0.5,0
2026-07-06T05:00:00+00:00,AE,United Arab Emirates,23.4241,53.8478,Subtropical Desert,0.0,Clear,0.0459,0.086,32.41,14.9,1019.41,0.5,0
2026-07-06T06:00:00+00:00,AE,United Arab Emirates,23.4241,53.8478,Subtropical Desert,0.0,Clear,0.0852,0.225,25.55,16.99,1019.61,0.5,0
2026-07-06T07:00:00+00:00,AE,United Arab Emirates,23.4241,53.8478,Subtropical Desert,0.0,Clear,0.0333,0.334,28.18,19.23,1022.33,0.5,0
2026-07-06T08:00:00+00:00,AE,United Arab Emirates,23.4241,53.8478,Subtropical Desert,0.0,Clear,0.0252,0.209,26.01,20.42,1021.99,0.5,0
2026-07-06T09:00:00+00:00,AE,United Arab Emirates,23.4241,53.8478,Subtropical Desert,0.0,Clear,0.0948,0.344,26.49,19.73,1017.65,0.5,0
2026-07-06T10:00:00+00:00,AE,United Arab Emirates,23.4241,53.8478,Subtropical Desert,0.0,Clear,0.1036,0.075,25.59,20.22,1021.74,0.5,0
2026-07-06T11:00:00+00:00,AE,United Arab Emirates,23.4241,53.8478,Subtropical Desert,0.0,Clear,0.0466,0.703,21.18,20.15,1020.7,0.5,0
2026-07-06T12:00:00+00:00,AE,United Arab Emirates,23.4241,53.8478,Subtropical Desert,0.0,Clear,0.0242,0.42,23.98,20.76,1021.75,0.5,0
2026-07-06T13:00:00+00:00,AE,United Arab Emirates,23.4241,53.8478,Subtropical Desert,0.0,Clear,0.0417,0.251,22.69,23.17,1017.79,0.5,0
2026-07-06T14:00:00+00:00,AE,United Arab Emirates,23.4241,53.8478,Subtropical Desert,1.92,Clear,0.1139,0.135,27.89,21.23,1022.39,0.5,0
2026-07-06T15:00:00+00:00,AE,United Arab Emirates,23.4241,53.8478,Subtropical Desert,0.0,Clear,0.1047,0.227,24.66,20.65,1020.7,0.5,0
2026-07-06T16:00:00+00:00,AE,United Arab Emirates,23.4241,53.8478,Subtropical Desert,0.0,Clear,0.0896,0.273,24.03,18.18,1020.41,0.5,0
2026-07-06T17:00:00+00:00,AE,United Arab Emirates,23.4241,53.8478,Subtropical Desert,4.21,Clear,0.0772,0.228,25.16,17.5,1022.54,0.5,0
2026-07-06T18:00:00+00:00,AE,United Arab Emirates,23.4241,53.8478,Subtropical Desert,0.0,Clear,0.1107,0.297,30.84,16.81,1019.85,0.5,0
2026-07-06T19:00:00+00:00,AE,United Arab Emirates,23.4241,53.8478,Subtropical Desert,1.72,Clear,0.1039,0.552,31.45,14.04,1020.73,0.5,0
2026-07-06T20:00:00+00:00,AE,United Arab Emirates,23.4241,53.8478,Subtropical Desert,5.13,Clear,0.0997,0.171,32.17,13.6,1021.18,0.5,0
2026-07-06T21:00:00+00:00,AE,United Arab Emirates,23.4241,53.8478,Subtropical Desert,0.0,Clear,0.1122,0.437,38.5,12.03,1023.24,0.5,0
2026-07-06T22:00:00+00:00,AE,United Arab Emirates,23.4241,53.8478,Subtropical Desert,0.0,Clear,0.0395,0.263,34.21,13.2,1019.62,0.5,0
2026-07-06T23:00:00+00:00,AE,United Arab Emirates,23.4241,53.8478,Subtropical Desert,0.51,Clear,0.0769,0.091,41.22,11.39,1022.22,0.5,0
2026-07-07T00:00:00+00:00,AE,United Arab Emirates,23.4241,53.8478,Subtropical Desert,3.5,Clear,0.1039,0.782,37.36,11.52,1023.51,0.5,0
2026-07-07T01:00:00+00:00,AE,United Arab Emirates,23.4241,53.8478,Subtropical Desert,0.0,Clear,0.0548,0.647,37.46,10.66,1020.39,0.5,0
2026-07-07T02:00:00+00:00,AE,United Arab Emirates,23.4241,53.8478,Subtropical Desert,2.33,Clear,0.0921,0.165,42.78,12.65,1020.23,0.5,0
2026-07-07T03:00:00+00:00,AE,United Arab Emirates,23.4241,53.8478,Subtropical Desert,2.19,Clear,0.0411,0.09,40.13,15.05,1026.38,0.5,0
2026-07-07T04:00:00+00:00,AE,United Arab Emirates,23.4241,53.8478,Subtropical Desert,8.12,Clear,0.0954,0.398,39.69,12.53,1018.04,0.5,0
2026-07-07T05:00:00+00:00,AE,United Arab Emirates,23.4241,53.8478,Subtropical Desert,14.56,Clear,0.1099,0.737,29.13,17.55,1019.12,0.5,0
2026-07-07T06:00:00+00:00,AE,United Arab Emirates,23.4241,53.8478,Subtropical Desert,6.23,Clear,0.0692,0.321,28.41,15.75,1022.88,0.5,0
2026-07-07T07:00:00+00:00,AE,United Arab Emirates,23.4241,53.8478,Subtropical Desert,16.09,Altocumulus,0.1813,5.067,29.77,17.35,1018.55,0.5,4171.2
2026-07-07T08:00:00+00:00,AE,United Arab Emirates,23.4241,53.8478,Subtropical Desert,5.7,Clear,0.1094,0.627,27.7,22.01,1019.72,0.5,0
2026-07-07T09:00:00+00:00,AE,United Arab Emirates,23.4241,53.8478,Subtropical Desert,16.93,Cumulus,0.2211,2.744,21.86,19.75,1018.35,0.5,8267.1
2026-07-07T10:00:00+00:00,AE,United Arab Emirates,23.4241,53.8478,Subtropical Desert,7.02,Clear,0.0618,0.357,24.54,20.71,1019.52,0.5,0
2026-07-07T11:00:00+00:00,AE,United Arab Emirates,23.4241,53.8478,Subtropical Desert,19.02,Altocumulus,0.1558,1.004,21.73,21.31,1018.79,0.5,7114.2
2026-07-07T12:00:00+00:00,AE,United Arab Emirates,23.4241,53.8478,Subtropical Desert,12.4,Clear,0.1186,0.202,20.25,20.91,1020.24,0.5,0
2026-07-07T13:00:00+00:00,AE,United Arab Emirates,23.4241,53.8478,Subtropical Desert,27.19,Cirrus,0.184,4.085,25.31,21.22,1016.59,0.5,5099.0
2026-07-07T14:00:00+00:00,AE,United Arab Emirates,23.4241,53.8478,Subtropical Desert,17.05,Cirrus,0.1728,2.895,25.15,18.83,1018.03,0.5,7085.9
2026-07-07T15:00:00+00:00,AE,United Arab Emirates,23.4241,53.8478,Subtropical Desert,23.37,Altocumulus,0.3716,3.137,24.73,19.21,1015.4,0.5,7099.7
2026-07-07T16:00:00+00:00,AE,United Arab Emirates,23.4241,53.8478,Subtropical Desert,32.85,Altocumulus,0.1997,5.976,22.13,19.25,1016.69,0.5,4387.2
2026-07-07T17:00:00+00:00,AE,United Arab Emirates,23.4241,53.8478,Subtropical Desert,25.84,Cirrus,0.3201,4.724,35.41,15.52,1016.94,0.5,7875.3
2026-07-07T18:00:00+00:00,AE,United Arab Emirates,23.4241,53.8478,Subtropical Desert,33.91,Cumulus,0.3548,2.73,31.51,15.3,1015.56,0.5,7659.7
2026-07-07T19:00:00+00:00,AE,United Arab Emirates,23.4241,53.8478,Subtropical Desert,36.26,Altocumulus,0.2272,4.831,37.34,16.14,1013.74,0.5,5970.5
2026-07-07T20:00:00+00:00,AE,United Arab Emirates,23.4241,53.8478,Subtropical Desert,18.88,Cumulus,0.2812,2.088,35.04,14.03,1015.55,0.5,6584.1
2026-07-07T21:00:00+00:00,AE,United Arab Emirates,23.4241,53.8478,Subtropical Desert,31.12,Altocumulus,0.3478,3.489,38.82,15.14,1018.33,0.5,7072.8
2026-07-07T22:00:00+00:00,AE,United Arab Emirates,23.4241,53.8478,Subtropical Desert,26.99,Altocumulus,0.2416,1.959,38.3,13.85,1014.28,0.5,4780.0
2026-07-07T23:00:00+00:00,AE,United Arab Emirates,23.4241,53.8478,Subtropical Desert,25.68,Cirrus,0.1604,2.548,42.04,12.92,1018.28,0.5,7959.9
2026-07-08T00:00:00+00:00,AE,United Arab Emirates,23.4241,53.8478,Subtropical Desert,36.35,Altocumulus,0.2835,1.687,34.63,13.08,1015.24,0.5,4055.0
2026-07-08T01:00:00+00:00,AE,United Arab Emirates,23.4241,53.8478,Subtropical Desert,30.02,Altocumulus,0.3093,5.318,32.67,12.41,1014.01,0.5,3562.3
2026-07-08T02:00:00+00:00,AE,United Arab Emirates,23.4241,53.8478,Subtropical Desert,28.48,Cirrus,0.3769,3.308,34.88,12.9,1017.24,0.5,4021.2
2026-07-08T03:00:00+00:00,AE,United Arab Emirates,23.4241,53.8478,Subtropical Desert,31.03,Cirrus,0.2459,4.779,33.28,13.51,1015.19,0.5,5876.2
2026-07-08T04:00:00+00:00,AE,United Arab Emirates,23.4241,53.8478,Subtropical Desert,34.21,Altocumulus,0.1661,4.879,30.69,15.33,1016.78,0.5,6173.5
2026-07-08T05:00:00+00:00,AE,United Arab Emirates,23.4241,53.8478,Subtropical Desert,21.99,Cirrus,0.1782,4.68,31.16,15.43,1016.52,0.5,5954.1
2026-07-08T06:00:00+00:00,AE,United Arab Emirates,23.4241,53.8478,Subtropical Desert,37.47,Altocumulus,0.3559,5.393,28.71,15.4,1013.65,0.5,5284.1
2026-07-08T07:00:00+00:00,AE,United Arab Emirates,23.4241,53.8478,Subtropical Desert,29.15,Cumulus,0.236,2.342,25.27,19.96,1015.42,0.5,6581.4
2026-07-08T08:00:00+00:00,AE,United Arab Emirates,23.4241,53.8478,Subtropical Desert,23.77,Altocumulus,0.2794,2.44,30.52,21.06,1017.03,0.5,5846.0
2026-07-08T09:00:00+00:00,AE,United Arab Emirates,23.4241,53.8478,Subtropical Desert,30.02,Cumulus,0.1672,4.561,23.2,21.1,1017.16,0.5,5926.4
2026-07-08T10:00:00+00:00,AE,United Arab Emirates,23.4241,53.8478,Subtropical Desert,38.31,Altocumulus,0.2017,5.664,24.41,23.66,1017.43,0.5,6577.2
2026-07-08T11:00:00+00:00,AE,United Arab Emirates,23.4241,53.8478,Subtropical Desert,29.13,Altocumulus,0.3582,4.515,18.18,21.94,1017.17,0.5,3688.3
2026-07-08T12:00:00+00:00,AE,United Arab Emirates,23.4241,53.8478,Subtropical Desert,31.94,Altocumulus,0.3132,2.744,25.64,22.52,1018.42,0.5,7008.6
2026-07-08T13:00:00+00:00,AE,United Arab Emirates,23.4241,53.8478,Subtropical Desert,34.85,Cumulus,0.2289,1.385,25.73,19.91,1014.45,0.5,6649.7
2026-07-08T14:00:00+00:00,AE,United Arab Emirates,23.4241,53.8478,Subtropical Desert,22.66,Cirrus,0.1826,4.356,21.24,21.51,1017.53,0.5,8462.1
2026-07-08T15:00:00+00:00,AE,United Arab Emirates,23.4241,53.8478,Subtropical Desert,20.49,Altocumulus,0.3794,5.81,28.61,21.88,1014.94,0.5,4084.4
2026-07-08T16:00:00+00:00,AE,United Arab Emirates,23.4241,53.8478,Subtropical Desert,19.8,Cumulus,0.3493,5.785,26.39,20.41,1017.99,0.5,5928.1
2026-07-08T17:00:00+00:00,AE,United Arab Emirates,23.4241,53.8478,Subtropical Desert,27.03,Cumulus,0.3014,3.737,33.09,16.52,1016.94,0.5,7690.0
2026-07-08T18:00:00+00:00,AE,United Arab Emirates,23.4241,53.8478,Subtropical Desert,20.91,Cirrus,0.308,3.487,26.07,18.01,1018.77,0.5,7406.8
2026-07-08T19:00:00+00:00,AE,United Arab Emirates,23.4241,53.8478,Subtropical Desert,22.78,Cumulus,0.2337,2.19,29.36,14.54,1017.79,0.5,4372.9
2026-07-08T20:00:00+00:00,AE,United Arab Emirates,23.4241,53.8478,Subtropical Desert,11.32,Clear,0.0282,0.785,33.3,13.92,1018.72,0.5,0
2026-07-08T21:00:00+00:00,AE,United Arab Emirates,23.4241,53.8478,Subtropical Desert,16.0,Cumulus,0.3697,4.373,33.42,14.24,1017.13,0.5,4618.3
2026-07-08T22:00:00+00:00,AE,United Arab Emirates,23.4241,53.8478,Subtropical Desert,21.53,Cirrus,0.3185,2.23,32.36,13.03,1017.33,0.5,8951.2
2026-07-08T23:00:00+00:00,AE,United Arab Emirates,23.4241,53.8478,Subtropical Desert,20.78,Cumulus,0.261,5.82,36.48,12.16,1018.79,0.5,6344.3
2026-07-09T00:00:00+00:00,AE,United Arab Emirates,23.4241,53.8478,Subtropical Desert,28.59,Cirrus,0.2357,5.697,39.13,12.03,1016.45,0.5,8493.2
2026-07-09T01:00:00+00:00,AE,United Arab Emirates,23.4241,53.8478,Subtropical Desert,17.04,Altocumulus,0.2396,4.502,37.0,11.83,1017.73,0.5,6744.1
2026-07-09T02:00:00+00:00,AE,United Arab Emirates,23.4241,53.8478,Subtropical Desert,19.99,Altocumulus,0.3642,1.983,39.1,10.23,1014.83,0.5,5374.6
2026-07-09T03:00:00+00:00,AE,United Arab Emirates,23.4241,53.8478,Subtropical Desert,12.57,Clear,0.1115,0.402,30.96,11.46,1021.06,0.5,0
2026-07-09T04:00:00+00:00,AE,United Arab Emirates,23.4241,53.8478,Subtropical Desert,10.48,Clear,0.1124,0.587,33.64,11.96,1020.16,0.5,0
2026-07-09T05:00:00+00:00,AE,United Arab Emirates,23.4241,53.8478,Subtropical Desert,6.82,Clear,0.028,0.767,32.31,14.47,1019.58,0.5,0
2026-07-09T06:00:00+00:00,AE,United Arab Emirates,23.4241,53.8478,Subtropical Desert,18.48,Altocumulus,0.1913,5.345,35.02,15.66,1019.86,0.5,4233.5
2026-07-09T07:00:00+00:00,AE,United Arab Emirates,23.4241,53.8478,Subtropical Desert,9.53,Clear,0.1117,0.323,32.22,17.43,1018.35,0.5,0
2026-07-09T08:00:00+00:00,AE,United Arab Emirates,23.4241,53.8478,Subtropical Desert,9.9,Clear,0.0981,0.691,29.74,20.45,1020.86,0.5,0
2026-07-09T09:00:00+00:00,AE,United Arab Emirates,23.4241,53.8478,Subtropical Desert,5.47,Clear,0.0311,0.421,22.01,20.87,1017.28,0.5,0
2026-07-09T10:00:00+00:00,AE,United Arab Emirates,23.4241,53.8478,Subtropical Desert,8.29,Clear,0.0911,0.162,23.91,19.96,1017.59,0.5,0
2026-07-09T11:00:00+00:00,AE,United Arab Emirates,23.4241,53.8478,Subtropical Desert,1.7,Clear,0.0261,0.186,21.88,21.96,1019.91,0.5,0
2026-07-09T12:00:00+00:00,AE,United Arab Emirates,23.4241,53.8478,Subtropical Desert,3.48,Clear,0.0306,0.308,19.78,20.34,1019.69,0.5,0
2026-07-09T13:00:00+00:00,AE,United Arab Emirates,23.4241,53.8478,Subtropical Desert,3.34,Clear,0.0975,0.465,23.58,20.41,1021.2,0.5,0
2026-07-09T14:00:00+00:00,AE,United Arab Emirates,23.4241,53.8478,Subtropical Desert,0.51,Clear,0.0911,0.245,21.79,18.07,1020.03,0.5,0
2026-07-09T15:00:00+00:00,AE,United Arab Emirates,23.4241,53.8478,Subtropical Desert,9.44,Clear,0.0712,0.084,25.55,21.65,1019.46,0.5,0
2026-07-09T16:00:00+00:00,AE,United Arab Emirates,23.4241,53.8478,Subtropical Desert,13.4,Clear,0.0813,0.562,25.9,18.5,1019.91,0.5,0
2026-07-09T17:00:00+00:00,AE,United Arab Emirates,23.4241,53.8478,Subtropical Desert,9.19,Clear,0.0505,0.499,29.12,17.68,1019.38,0.5,0
2026-07-09T18:00:00+00:00,AE,United Arab Emirates,23.4241,53.8478,Subtropical Desert,18.75,Cumulus,0.2626,2.286,33.22,15.39,1017.32,0.5,7043.6
2026-07-09T19:00:00+00:00,AE,United Arab Emirates,23.4241,53.8478,Subtropical Desert,0.0,Clear,0.06,0.631,32.88,15.12,1021.83,0.5,0
2026-07-09T20:00:00+00:00,AE,United Arab Emirates,23.4241,53.8478,Subtropical Desert,14.38,Clear,0.1085,0.123,36.23,14.01,1019.87,0.5,0
2026-07-09T21:00:00+00:00,AE,United Arab Emirates,23.4241,53.8478,Subtropical Desert,10.4,Clear,0.1168,0.219,35.25,12.98,1019.32,0.5,0
2026-07-09T22:00:00+00:00,AE,United Arab Emirates,23.4241,53.8478,Subtropical Desert,17.36,Cumulus,0.2401,5.705,38.31,10.32,1021.2,0.5,6705.9
2026-07-09T23:00:00+00:00,AE,United Arab Emirates,23.4241,53.8478,Subtropical Desert,16.4,Altocumulus,0.1668,2.597,43.7,9.94,1017.44,0.5,5285.1
2026-07-10T00:00:00+00:00,AE,United Arab Emirates,23.4241,53.8478,Subtropical Desert,12.54,Clear,0.0871,0.606,40.06,11.14,1015.16,0.5,0
2026-07-10T01:00:00+00:00,AE,United Arab Emirates,23.4241,53.8478,Subtropical Desert,11.81,Clear,0.066,0.61,36.06,10.2,1018.42,0.5,0
2026-07-10T02:00:00+00:00,AE,United Arab Emirates,23.4241,53.8478,Subtropical Desert,15.17,Cumulus,0.2554,3.786,38.14,10.25,1018.74,0.5,4496.3
2026-07-10T03:00:00+00:00,AE,United Arab Emirates,23.4241,53.8478,Subtropical Desert,4.19,Clear,0.0462,0.682,33.56,12.16,1020.78,0.5,0
2026-07-10T04:00:00+00:00,AE,United Arab Emirates,23.4241,53.8478,Subtropical Desert,15.13,Cirrus,0.2294,4.615,30.95,14.47,1019.04,0.5,6986.4
2026-07-10T05:00:00+00:00,AE,United Arab Emirates,23.4241,53.8478,Subtropical Desert,16.56,Altocumulus,0.3429,5.338,29.96,15.1,1015.74,0.5,4211.3
2026-07-10T06:00:00+00:00,AE,United Arab Emirates,23.4241,53.8478,Subtropical Desert,22.88,Cumulus,0.3002,2.877,31.5,15.8,1018.85,0.5,6242.9
2026-07-10T07:00:00+00:00,AE,United Arab Emirates,23.4241,53.8478,Subtropical Desert,19.82,Altocumulus,0.1809,5.008,27.38,17.76,1016.96,0.5,8014.9
2026-07-10T08:00:00+00:00,AE,United Arab Emirates,23.4241,53.8478,Subtropical Desert,20.9,Cumulus,0.3729,2.048,28.43,19.63,1017.29,0.5,7294.0
2026-07-10T09:00:00+00:00,AE,United Arab Emirates,23.4241,53.8478,Subtropical Desert,19.88,Cirrus,0.2435,4.553,24.58,20.73,1017.8,0.5,4486.6
2026-07-10T10:00:00+00:00,AE,United Arab Emirates,23.4241,53.8478,Subtropical Desert,20.14,Cumulus,0.3021,3.057,32.49,20.43,1017.71,0.5,6208.6
2026-07-10T11:00:00+00:00,AE,United Arab Emirates,23.4241,53.8478,Subtropical Desert,22.22,Cirrus,0.2415,3.634,22.54,21.95,1018.49,0.5,4904.4
2026-07-10T12:00:00+00:00,AE,United Arab Emirates,23.4241,53.8478,Subtropical Desert,31.67,Cirrus,0.3708,4.26,25.95,24.3,1017.34,0.5,7011.7
2026-07-10T13:00:00+00:00,AE,United Arab Emirates,23.4241,53.8478,Subtropical Desert,24.29,Cumulus,0.1997,4.183,19.73,22.12,1015.28,0.5,5435.3
2026-07-10T14:00:00+00:00,AE,United Arab Emirates,23.4241,53.8478,Subtropical Desert,17.11,Cumulus,0.242,3.292,25.42,20.31,1018.2,0.5,8790.6
2026-07-10T15:00:00+00:00,AE,United Arab Emirates,23.4241,53.8478,Subtropical Desert,33.66,Altocumulus,0.1859,4.698,24.87,21.22,1015.83,0.5,7514.1
2026-07-10T16:00:00+00:00,AE,United Arab Emirates,23.4241,53.8478,Subtropical Desert,26.03,Altocumulus,0.2708,3.043,26.17,19.8,1017.16,0.5,6034.2
2026-07-10T17:00:00+00:00,AE,United Arab Emirates,23.4241,53.8478,Subtropical Desert,36.68,Cirrus,0.3253,5.409,29.31,18.35,1017.27,0.5,4817.2
2026-07-10T18:00:00+00:00,AE,United Arab Emirates,23.4241,53.8478,Subtropical Desert,35.1,Cirrus,0.2086,1.607,28.13,17.79,1014.62,0.5,8980.0
2026-07-10T19:00:00+00:00,AE,United Arab Emirates,23.4241,53.8478,Subtropical Desert,35.44,Altocumulus,0.2697,4.606,28.06,15.63,1018.0,0.5,5230.1
2026-07-10T20:00:00+00:00,AE,United Arab Emirates,23.4241,53.8478,Subtropical Desert,37.32,Cumulus,0.2259,3.153,34.41,16.92,1014.02,0.5,5463.9
2026-07-10T21:00:00+00:00,AE,United Arab Emirates,23.4241,53.8478,Subtropical Desert,40.98,Cumulus,0.2005,2.743,37.94,12.53,1017.25,0.5,3951.5
2026-07-10T22:00:00+00:00,AE,United Arab Emirates,23.4241,53.8478,Subtropical Desert,35.15,Cumulus,0.2493,2.483,35.04,11.09,1017.32,0.5,5637.8
2026-07-10T23:00:00+00:00,AE,United Arab Emirates,23.4241,53.8478,Subtropical Desert,42.28,Altocumulus,0.3368,3.945,39.01,11.09,1014.06,0.5,8801.9
2026-07-11T00:00:00+00:00,AE,United Arab Emirates,23.4241,53.8478,Subtropical Desert,32.67,Altocumulus,0.3076,3.141,31.73,11.37,1013.86,0.5,3853.4
2026-07-11T01:00:00+00:00,AE,United Arab Emirates,23.4241,53.8478,Subtropical Desert,25.76,Cirrus,0.3151,2.507,40.5,12.07,1016.8,0.5,7357.9
2026-07-11T02:00:00+00:00,AE,United Arab Emirates,23.4241,53.8478,Subtropical Desert,32.66,Altocumulus,0.1928,3.256,32.34,11.06,1015.85,0.5,3553.9
2026-07-11T03:00:00+00:00,AE,United Arab Emirates,23.4241,53.8478,Subtropical Desert,39.07,Altocumulus,0.2353,2.507,34.63,12.3,1013.47,0.5,6444.8
2026-07-11T04:00:00+00:00,AE,United Arab Emirates,23.4241,53.8478,Subtropical Desert,35.74,Cumulus,0.2088,2.958,34.06,15.19,1015.06,0.5,5119.3
2026-07-11T05:00:00+00:00,AE,United Arab Emirates,23.4241,53.8478,Subtropical Desert,41.59,Altocumulus,0.3258,2.399,26.33,14.01,1015.17,0.5,8168.3
2026-07-11T06:00:00+00:00,AE,United Arab Emirates,23.4241,53.8478,Subtropical Desert,34.84,Cumulus,0.3091,4.65,27.99,17.84,1013.57,0.5,5888.1
2026-07-11T07:00:00+00:00,AE,United Arab Emirates,23.4241,53.8478,Subtropical Desert,46.54,Cumulus,0.2549,5.43,26.5,16.49,1018.79,0.5,4911.1
2026-07-11T08:00:00+00:00,AE,United Arab Emirates,23.4241,53.8478,Subtropical Desert,35.25,Altocumulus,0.2653,4.283,34.76,18.1,1016.05,0.5,4894.1
2026-07-11T09:00:00+00:00,AE,United Arab Emirates,23.4241,53.8478,Subtropical Desert,31.81,Altocumulus,0.3363,2.446,27.61,18.04,1015.24,0.5,8008.1
2026-07-11T10:00:00+00:00,AE,United Arab Emirates,23.4241,53.8478,Subtropical Desert,40.04,Altocumulus,0.3002,5.56,21.25,19.72,1017.45,0.5,6620.3
2026-07-11T11:00:00+00:00,AE,United Arab Emirates,23.4241,53.8478,Subtropical Desert,42.21,Altocumulus,0.2051,2.524,23.1,22.59,1014.92,0.5,8604.7
2026-07-11T12:00:00+00:00,AE,United Arab Emirates,23.4241,53.8478,Subtropical Desert,33.52,Cumulus,0.2638,2.087,22.17,22.28,1013.55,0.5,5577.2
2026-07-11T13:00:00+00:00,AE,United Arab Emirates,23.4241,53.8478,Subtropical Desert,42.22,Cumulus,0.2248,1.023,23.45,23.28,1012.87,0.5,8951.9
2026-07-11T14:00:00+00:00,AE,United Arab Emirates,23.4241,53.8478,Subtropical Desert,37.66,Altocumulus,0.2587,3.707,27.0,18.78,1014.44,0.5,6952.3
2026-07-11T15:00:00+00:00,AE,United Arab Emirates,23.4241,53.8478,Subtropical Desert,38.25,Altocumulus,0.3769,4.438,24.7,19.49,1016.43,0.5,7258.0
2026-07-11T16:00:00+00:00,AE,United Arab Emirates,23.4241,53.8478,Subtropical Desert,30.66,Cumulus,0.1775,5.093,22.49,19.27,1016.9,0.5,5474.2
2026-07-11T17:00:00+00:00,AE,United Arab Emirates,23.4241,53.8478,Subtropical Desert,28.82,Cumulus,0.1721,2.598,28.16,17.69,1017.85,0.5,5430.9
2026-07-11T18:00:00+00:00,AE,United Arab Emirates,23.4241,53.8478,Subtropical Desert,26.1,Cirrus,0.1984,5.993,34.88,19.17,1015.89,0.5,8630.5
2026-07-11T19:00:00+00:00,AE,United Arab Emirates,23.4241,53.8478,Subtropical Desert,30.32,Altocumulus,0.2074,4.078,29.02,14.69,1014.69,0.5,5569.0
2026-07-11T20:00:00+00:00,AE,United Arab Emirates,23.4241,53.8478,Subtropical Desert,26.47,Cirrus,0.2749,3.849,33.97,13.77,1018.59,0.5,4971.3
2026-07-11T21:00:00+00:00,AE,United Arab Emirates,23.4241,53.8478,Subtropical Desert,24.2,Altocumulus,0.2188,3.836,41.17,13.04,1016.16,0.5,7725.9
2026-07-11T22:00:00+00:00,AE,United Arab Emirates,23.4241,53.8478,Subtropical Desert,15.43,Cumulus,0.2443,4.653,37.59,13.16,1017.0,0.5,8407.5
2026-07-11T23:00:00+00:00,AE,United Arab Emirates,23.4241,53.8478,Subtropical Desert,18.64,Cirrus,0.2324,1.689,38.27,11.62,1018.93,0.5,5514.9
2026-07-12T00:00:00+00:00,AE,United Arab Emirates,23.4241,53.8478,Subtropical Desert,12.58,Clear,0.1175,0.104,34.18,12.38,1020.41,0.5,0
2026-07-12T01:00:00+00:00,AE,United Arab Emirates,23.4241,53.8478,Subtropical Desert,22.05,Cirrus,0.3226,3.656,39.24,10.25,1017.81,0.5,6722.6
2026-07-12T02:00:00+00:00,AE,United Arab Emirates,23.4241,53.8478,Subtropical Desert,23.17,Cumulus,0.2171,4.749,35.43,13.9,1017.04,0.5,5718.4
2026-07-12T03:00:00+00:00,AE,United Arab Emirates,23.4241,53.8478,Subtropical Desert,24.78,Cirrus,0.3633,3.329,35.38,14.27,1018.89,0.5,6381.3
2026-07-12T04:00:00+00:00,AE,United Arab Emirates,23.4241,53.8478,Subtropical Desert,10.49,Clear,0.1079,0.095,33.36,16.56,1019.5,0.5,0
2026-07-12T05:00:00+00:00,AE,United Arab Emirates,23.4241,53.8478,Subtropical Desert,17.84,Cumulus,0.2367,2.821,34.77,16.26,1017.64,0.5,6293.8
2026-07-12T06:00:00+00:00,AE,United Arab Emirates,23.4241,53.8478,Subtropical Desert,17.67,Cumulus,0.3728,2.855,29.22,14.85,1020.41,0.5,3548.6
2026-07-12T07:00:00+00:00,AE,United Arab Emirates,23.4241,53.8478,Subtropical Desert,8.74,Clear,0.031,0.062,29.94,17.47,1016.65,0.5,0
2026-07-12T08:00:00+00:00,AE,United Arab Emirates,23.4241,53.8478,Subtropical Desert,4.74,Clear,0.0305,0.672,28.97,19.25,1018.25,0.5,0
2026-07-12T09:00:00+00:00,AE,United Arab Emirates,23.4241,53.8478,Subtropical Desert,0.0,Clear,0.0628,0.436,22.18,19.69,1022.81,0.5,0
2026-07-12T10:00:00+00:00,AE,United Arab Emirates,23.4241,53.8478,Subtropical Desert,8.59,Clear,0.0564,0.268,20.74,20.42,1020.01,0.5,0
2026-07-12T11:00:00+00:00,AE,United Arab Emirates,23.4241,53.8478,Subtropical Desert,20.23,Altocumulus,0.2519,3.089,19.55,20.46,1017.15,0.5,8823.1
2026-07-12T12:00:00+00:00,AE,United Arab Emirates,23.4241,53.8478,Subtropical Desert,6.3,Clear,0.0417,0.579,28.99,20.92,1020.65,0.5,0
2026-07-12T13:00:00+00:00,AE,United Arab Emirates,23.4241,53.8478,Subtropical Desert,4.07,Clear,0.0875,0.783,21.32,19.5,1019.19,0.5,0
2026-07-12T14:00:00+00:00,AE,United Arab Emirates,23.4241,53.8478,Subtropical Desert,0.13,Clear,0.0622,0.703,22.55,19.58,1019.17,0.5,0
2026-07-12T15:00:00+00:00,AE,United Arab Emirates,23.4241,53.8478,Subtropical Desert,0.0,Clear,0.0817,0.363,23.81,19.97,1020.87,0.5,0
2026-07-12T16:00:00+00:00,AE,United Arab Emirates,23.4241,53.8478,Subtropical Desert,0.0,Clear,0.0325,0.119,26.56,16.88,1022.95,0.5,0
2026-07-12T17:00:00+00:00,AE,United Arab Emirates,23.4241,53.8478,Subtropical Desert,1.95,Clear,0.0894,0.554,24.55,19.22,1022.87,0.5,0
2026-07-12T18:00:00+00:00,AE,United Arab Emirates,23.4241,53.8478,Subtropical Desert,0.0,Clear,0.0428,0.656,31.04,17.16,1019.04,0.5,0
2026-07-12T19:00:00+00:00,AE,United Arab Emirates,23.4241,53.8478,Subtropical Desert,8.63,Clear,0.0448,0.669,29.49,14.18,1020.04,0.5,0
2026-07-12T20:00:00+00:00,AE,United Arab Emirates,23.4241,53.8478,Subtropical Desert,0.0,Clear,0.103,0.768,30.77,13.79,1019.29,0.5,0
2026-07-12T21:00:00+00:00,AE,United Arab Emirates,23.4241,53.8478,Subtropical Desert,0.0,Clear,0.0255,0.574,33.87,13.61,1019.09,0.5,0
2026-07-12T22:00:00+00:00,AE,United Arab Emirates,23.4241,53.8478,Subtropical Desert,0.0,Clear,0.0546,0.62,34.45,13.26,1022.61,0.5,0
2026-07-12T23:00:00+00:00,AE,United Arab Emirates,23.4241,53.8478,Subtropical Desert,0.0,Clear,0.1064,0.399,40.36,11.17,1019.14,0.5,0
2026-07-13T00:00:00+00:00,AE,United Arab Emirates,23.4241,53.8478,Subtropical Desert,0.0,Clear,0.068,0.21,36.4,12.6,1021.39,0.5,0
2026-07-13T01:00:00+00:00,AE,United Arab Emirates,23.4241,53.8478,Subtropical Desert,3.82,Clear,0.087,0.42,36.68,10.89,1019.13,0.5,0
2026-07-13T02:00:00+00:00,AE,United Arab Emirates,23.4241,53.8478,Subtropical Desert,4.68,Clear,0.0272,0.413,43.46,12.31,1020.43,0.5,0
2026-07-13T03:00:00+00:00,AE,United Arab Emirates,23.4241,53.8478,Subtropical Desert,1.13,Clear,0.1123,0.478,31.82,13.14,1017.53,0.5,0
2026-07-13T04:00:00+00:00,AE,United Arab Emirates,23.4241,53.8478,Subtropical Desert,2.39,Clear,0.1014,0.172,28.79,15.19,1021.92,0.5,0
2026-07-13T05:00:00+00:00,AE,United Arab Emirates,23.4241,53.8478,Subtropical Desert,0.0,Clear,0.098,0.371,33.56,14.01,1022.07,0.5,0
2026-07-13T06:00:00+00:00,AE,United Arab Emirates,23.4241,53.8478,Subtropical Desert,1.18,Clear,0.085,0.784,24.87,16.06,1021.54,0.5,0
2026-07-13T07:00:00+00:00,AE,United Arab Emirates,23.4241,53.8478,Subtropical Desert,0.0,Clear,0.0326,0.266,30.69,16.5,1020.41,0.5,0
2026-07-13T08:00:00+00:00,AE,United Arab Emirates,23.4241,53.8478,Subtropical Desert,4.25,Clear,0.0394,0.439,25.48,18.97,1023.1,0.5,0
2026-07-13T09:00:00+00:00,AE,United Arab Emirates,23.4241,53.8478,Subtropical Desert,5.21,Clear,0.0528,0.729,23.59,18.96,1023.72,0.5,0
2026-07-13T10:00:00+00:00,AE,United Arab Emirates,23.4241,53.8478,Subtropical Desert,17.86,Altocumulus,0.2591,4.397,19.18,20.73,1016.56,0.5,8752.0
2026-07-13T11:00:00+00:00,AE,United Arab Emirates,23.4241,53.8478,Subtropical Desert,11.13,Clear,0.0962,0.512,21.82,21.57,1018.79,0.5,0
2026-07-13T12:00:00+00:00,AE,United Arab Emirates,23.4241,53.8478,Subtropical Desert,6.1,Clear,0.0425,0.47,25.87,23.46,1022.25,0.5,0
2026-07-13T13:00:00+00:00,AE,United Arab Emirates,23.4241,53.8478,Subtropical Desert,12.82,Clear,0.0875,0.112,26.61,22.1,1018.45,0.5,0
2026-07-13T14:00:00+00:00,AE,United Arab Emirates,23.4241,53.8478,Subtropical Desert,18.79,Altocumulus,0.286,3.726,26.26,20.96,1019.24,0.5,3970.3
2026-07-13T15:00:00+00:00,AE,United Arab Emirates,23.4241,53.8478,Subtropical Desert,19.01,Altocumulus,0.3109,5.857,25.46,19.13,1018.07,0.5,8538.2
2026-07-13T16:00:00+00:00,AE,United Arab Emirates,23.4241,53.8478,Subtropical Desert,13.41,Clear,0.0557,0.226,24.98,20.37,1019.12,0.5,0
2026-07-13T17:00:00+00:00,AE,United Arab Emirates,23.4241,53.8478,Subtropical Desert,14.76,Clear,0.0705,0.059,23.03,16.74,1019.99,0.5,0
2026-07-13T18:00:00+00:00,AE,United Arab Emirates,23.4241,53.8478,Subtropical Desert,17.54,Altocumulus,0.3536,2.611,28.68,14.84,1018.7,0.5,4381.2
2026-07-13T19:00:00+00:00,AE,United Arab Emirates,23.4241,53.8478,Subtropical Desert,19.9,Cirrus,0.2432,4.556,36.37,14.97,1016.8,0.5,8144.7
2026-07-13T20:00:00+00:00,AE,United Arab Emirates,23.4241,53.8478,Subtropical Desert,8.77,Clear,0.0594,0.423,34.07,13.08,1019.02,0.5,0
2026-07-13T21:00:00+00:00,AE,United Arab Emirates,23.4241,53.8478,Subtropical Desert,14.6,Clear,0.0423,0.075,38.65,11.98,1019.26,0.5,0
2026-07-13T22:00:00+00:00,AE,United Arab Emirates,23.4241,53.8478,Subtropical Desert,15.36,Cumulus,0.2031,4.275,40.52,11.64,1018.98,0.5,8973.1
2026-07-13T23:00:00+00:00,AE,United Arab Emirates,23.4241,53.8478,Subtropical Desert,24.29,Altocumulus,0.2572,1.451,38.02,11.33,1018.36,0.5,7603.8
2026-07-14T00:00:00+00:00,AE,United Arab Emirates,23.4241,53.8478,Subtropical Desert,12.13,Clear,0.0935,0.778,36.03,13.65,1018.7,0.5,0
2026-07-14T01:00:00+00:00,AE,United Arab Emirates,23.4241,53.8478,Subtropical Desert,29.03,Altocumulus,0.2446,1.618,39.41,11.75,1018.48,0.5,8961.3
2026-07-14T02:00:00+00:00,AE,United Arab Emirates,23.4241,53.8478,Subtropical Desert,21.89,Cirrus,0.1786,2.031,33.51,11.75,1018.74,0.5,4534.8
2026-07-14T03:00:00+00:00,AE,United Arab Emirates,23.4241,53.8478,Subtropical Desert,17.96,Altocumulus,0.3318,4.42,33.82,13.06,1016.9,0.5,7191.8
2026-07-14T04:00:00+00:00,AE,United Arab Emirates,23.4241,53.8478,Subtropical Desert,15.13,Cumulus,0.2838,2.414,33.7,13.83,1021.9,0.5,4328.1
2026-07-14T05:00:00+00:00,AE,United Arab Emirates,23.4241,53.8478,Subtropical Desert,21.54,Cumulus,0.1636,4.882,32.23,15.8,1017.17,0.5,8687.0
2026-07-14T06:00:00+00:00,AE,United Arab Emirates,23.4241,53.8478,Subtropical Desert,27.79,Cirrus,0.3065,5.228,33.5,15.42,1015.01,0.5,5464.4
2026-07-14T07:00:00+00:00,AE,United Arab Emirates,23.4241,53.8478,Subtropical Desert,18.49,Altocumulus,0.3121,5.072,31.45,18.23,1017.86,0.5,7607.0
2026-07-14T08:00:00+00:00,AE,United Arab Emirates,23.4241,53.8478,Subtropical Desert,22.37,Altocumulus,0.3788,4.019,24.03,21.65,1015.98,0.5,8218.0
2026-07-14T09:00:00+00:00,AE,United Arab Emirates,23.4241,53.8478,Subtropical Desert,23.9,Cirrus,0.228,4.908,22.75,19.85,1016.32,0.5,8481.2
2026-07-14T10:00:00+00:00,AE,United Arab Emirates,23.4241,53.8478,Subtropical Desert,17.58,Altocumulus,0.3085,3.979,23.17,21.01,1018.88,0.5,7832.6
2026-07-14T11:00:00+00:00,AE,United Arab Emirates,23.4241,53.8478,Subtropical Desert,21.55,Altocumulus,0.2094,3.582,21.4,22.2,1018.77,0.5,4651.7
2026-07-14T12:00:00+00:00,AE,United Arab Emirates,23.4241,53.8478,Subtropical Desert,22.72,Cumulus,0.1866,4.179,20.91,23.99,1021.04,0.5,6035.7
2026-07-14T13:00:00+00:00,AE,United Arab Emirates,23.4241,53.8478,Subtropical Desert,25.32,Cirrus,0.2983,1.195,20.01,19.28,1018.11,0.5,6491.8
2026-07-14T14:00:00+00:00,AE,United Arab Emirates,23.4241,53.8478,Subtropical Desert,17.53,Cumulus,0.159,1.148,19.89,21.99,1016.05,0.5,4548.5
2026-07-14T15:00:00+00:00,AE,United Arab Emirates,23.4241,53.8478,Subtropical Desert,18.01,Cirrus,0.2914,2.654,25.59,20.83,1016.21,0.5,4501.5
2026-07-14T16:00:00+00:00,AE,United Arab Emirates,23.4241,53.8478,Subtropical Desert,18.23,Cumulus,0.2768,2.476,24.46,19.16,1018.78,0.5,4715.9
2026-07-14T17:00:00+00:00,AE,United Arab Emirates,23.4241,53.8478,Subtropical Desert,21.45,Altocumulus,0.2619,2.93,28.74,16.69,1017.33,0.5,5842.7
2026-07-14T18:00:00+00:00,AE,United Arab Emirates,23.4241,53.8478,Subtropical Desert,16.88,Altocumulus,0.2678,2.976,25.24,14.76,1018.56,0.5,5088.5
2026-07-14T19:00:00+00:00,AE,United Arab Emirates,23.4241,53.8478,Subtropical Desert,0.0,Clear,0.1002,0.299,33.85,15.43,1019.82,0.5,0
2026-07-14T20:00:00+00:00,AE,United Arab Emirates,23.4241,53.8478,Subtropical Desert,10.15,Clear,0.0717,0.272,32.26,13.87,1019.39,0.5,0
2026-07-14T21:00:00+00:00,AE,United Arab Emirates,23.4241,53.8478,Subtropical Desert,19.26,Altocumulus,0.2478,4.809,42.88,14.47,1018.08,0.5,5025.6
2026-07-14T22:00:00+00:00,AE,United Arab Emirates,23.4241,53.8478,Subtropical Desert,13.5,Clear,0.0901,0.545,39.82,13.62,1017.56,0.5,0
2026-07-14T23:00:00+00:00,AE,United Arab Emirates,23.4241,53.8478,Subtropical Desert,0.0,Clear,0.0559,0.642,35.74,12.04,1022.52,0.5,0
2026-07-15T00:00:00+00:00,AE,United Arab Emirates,23.4241,53.8478,Subtropical Desert,9.13,Clear,0.0537,0.523,40.07,12.19,1016.31,0.5,0
2026-07-15T01:00:00+00:00,AE,United Arab Emirates,23.4241,53.8478,Subtropical Desert,2.39,Clear,0.0821,0.261,39.17,11.13,1021.74,0.5,0
2026-07-15T02:00:00+00:00,AE,United Arab Emirates,23.4241,53.8478,Subtropical Desert,5.65,Clear,0.0889,0.621,33.71,13.41,1018.87,0.5,0
2026-07-15T03:00:00+00:00,AE,United Arab Emirates,23.4241,53.8478,Subtropical Desert,9.24,Clear,0.1136,0.572,36.94,15.66,1018.2,0.5,0
2026-07-15T04:00:00+00:00,AE,United Arab Emirates,23.4241,53.8478,Subtropical Desert,0.0,Clear,0.119,0.213,34.55,14.43,1018.35,0.5,0
2026-07-15T05:00:00+00:00,AE,United Arab Emirates,23.4241,53.8478,Subtropical Desert,5.19,Clear,0.0996,0.173,26.81,13.51,1018.77,0.5,0
2026-07-15T06:00:00+00:00,AE,United Arab Emirates,23.4241,53.8478,Subtropical Desert,8.57,Clear,0.0861,0.11,34.93,16.78,1016.55,0.5,0
2026-07-15T07:00:00+00:00,AE,United Arab Emirates,23.4241,53.8478,Subtropical Desert,0.42,Clear,0.0712,0.249,28.87,20.56,1021.79,0.5,0
2026-07-15T08:00:00+00:00,AE,United Arab Emirates,23.4241,53.8478,Subtropical Desert,9.42,Clear,0.0989,0.544,27.95,18.54,1018.69,0.5,0
2026-07-15T09:00:00+00:00,AE,United Arab Emirates,23.4241,53.8478,Subtropical Desert,0.0,Clear,0.0925,0.519,23.2,20.82,1019.17,0.5,0
2026-07-15T10:00:00+00:00,AE,United Arab Emirates,23.4241,53.8478,Subtropical Desert,0.0,Clear,0.0646,0.663,22.66,20.77,1020.86,0.5,0
2026-07-15T11:00:00+00:00,AE,United Arab Emirates,23.4241,53.8478,Subtropical Desert,0.0,Clear,0.0527,0.725,19.54,22.5,1018.73,0.5,0
2026-07-15T12:00:00+00:00,AE,United Arab Emirates,23.4241,53.8478,Subtropical Desert,0.0,Clear,0.1171,0.396,22.41,20.14,1019.87,0.5,0
2026-07-15T13:00:00+00:00,AE,United Arab Emirates,23.4241,53.8478,Subtropical Desert,0.0,Clear,0.0253,0.543,20.09,22.19,1019.03,0.5,0
2026-07-15T14:00:00+00:00,AE,United Arab Emirates,23.4241,53.8478,Subtropical Desert,0.0,Clear,0.0607,0.181,23.14,21.67,1022.34,0.5,0
2026-07-15T15:00:00+00:00,AE,United Arab Emirates,23.4241,53.8478,Subtropical Desert,0.0,Clear,0.0273,0.578,26.17,20.48,1020.18,0.5,0
2026-07-15T16:00:00+00:00,AE,United Arab Emirates,23.4241,53.8478,Subtropical Desert,0.0,Clear,0.0228,0.286,23.33,19.16,1016.02,0.5,0
2026-07-15T17:00:00+00:00,AE,United Arab Emirates,23.4241,53.8478,Subtropical Desert,0.0,Clear,0.0897,0.519,27.58,17.6,1023.15,0.5,0
2026-07-15T18:00:00+00:00,AE,United Arab Emirates,23.4241,53.8478,Subtropical Desert,0.0,Clear,0.0745,0.444,24.27,15.3,1021.23,0.5,0
2026-07-15T19:00:00+00:00,AE,United Arab Emirates,23.4241,53.8478,Subtropical Desert,0.0,Clear,0.0764,0.547,30.45,14.72,1021.04,0.5,0
2026-07-15T20:00:00+00:00,AE,United Arab Emirates,23.4241,53.8478,Subtropical Desert,0.0,Clear,0.0246,0.305,31.57,15.13,1018.49,0.5,0
2026-07-15T21:00:00+00:00,AE,United Arab Emirates,23.4241,53.8478,Subtropical Desert,0.0,Clear,0.0203,0.54,35.73,12.93,1021.41,0.5,0
2026-07-15T22:00:00+00:00,AE,United Arab Emirates,23.4241,53.8478,Subtropical Desert,0.0,Clear,0.0568,0.488,34.27,10.76,1018.91,0.5,0
2026-07-15T23:00:00+00:00,AE,United Arab Emirates,23.4241,53.8478,Subtropical Desert,0.0,Clear,0.0959,0.364,35.82,11.13,1017.2,0.5,0
2026-07-16T00:00:00+00:00,AE,United Arab Emirates,23.4241,53.8478,Subtropical Desert,0.0,Clear,0.1028,0.635,34.82,9.97,1018.08,0.5,0
2026-07-16T01:00:00+00:00,AE,United Arab Emirates,23.4241,53.8478,Subtropical Desert,0.0,Clear,0.1156,0.094,40.96,11.64,1022.92,0.5,0
2026-07-16T02:00:00+00:00,AE,United Arab Emirates,23.4241,53.8478,Subtropical Desert,0.0,Clear,0.0909,0.278,43.22,11.88,1020.27,0.5,0
2026-07-16T03:00:00+00:00,AE,United Arab Emirates,23.4241,53.8478,Subtropical Desert,0.0,Clear,0.0484,0.34,37.79,12.27,1022.95,0.5,0
2026-07-16T04:00:00+00:00,AE,United Arab Emirates,23.4241,53.8478,Subtropical Desert,0.0,Clear,0.0563,0.612,33.83,13.08,1019.53,0.5,0
2026-07-16T05:00:00+00:00,AE,United Arab Emirates,23.4241,53.8478,Subtropical Desert,0.0,Clear,0.0926,0.798,29.79,17.46,1023.43,0.5,0
2026-07-16T06:00:00+00:00,AE,United Arab Emirates,23.4241,53.8478,Subtropical Desert,0.0,Clear,0.0876,0.342,30.59,15.56,1021.8,0.5,0
2026-07-16T07:00:00+00:00,AE,United Arab Emirates,23.4241,53.8478,Subtropical Desert,0.0,Clear,0.0393,0.522,26.3,19.85,1020.49,0.5,0
2026-07-16T08:00:00+00:00,AE,United Arab Emirates,23.4241,53.8478,Subtropical Desert,3.98,Clear,0.0557,0.278,29.99,18.22,1020.7,0.5,0
2026-07-16T09:00:00+00:00,AE,United Arab Emirates,23.4241,53.8478,Subtropical Desert,0.0,Clear,0.0301,0.283,25.52,19.78,1021.55,0.5,0
2026-07-16T10:00:00+00:00,AE,United Arab Emirates,23.4241,53.8478,Subtropical Desert,2.67,Clear,0.0379,0.169,20.06,18.73,1019.3,0.5,0
2026-07-16T11:00:00+00:00,AE,United Arab Emirates,23.4241,53.8478,Subtropical Desert,1.27,Clear,0.0995,0.626,17.34,20.89,1018.88,0.5,0
2026-07-16T12:00:00+00:00,AE,United Arab Emirates,23.4241,53.8478,Subtropical Desert,4.72,Clear,0.1187,0.089,24.46,24.31,1019.46,0.5,0
2026-07-16T13:00:00+00:00,AE,United Arab Emirates,23.4241,53.8478,Subtropical Desert,3.78,Clear,0.0263,0.597,17.47,24.59,1019.95,0.5,0
2026-07-16T14:00:00+00:00,AE,United Arab Emirates,23.4241,53.8478,Subtropical Desert,16.57,Altocumulus,0.2019,5.536,21.54,20.2,1017.04,0.5,4647.1
2026-07-16T15:00:00+00:00,AE,United Arab Emirates,23.4241,53.8478,Subtropical Desert,8.86,Clear,0.056,0.072,25.33,20.8,1019.18,0.5,0
2026-07-16T16:00:00+00:00,AE,United Arab Emirates,23.4241,53.8478,Subtropical Desert,11.05,Clear,0.048,0.421,25.05,18.17,1016.71,0.5,0
2026-07-16T17:00:00+00:00,AE,United Arab Emirates,23.4241,53.8478,Subtropical Desert,6.84,Clear,0.0558,0.113,21.77,17.73,1018.92,0.5,0
2026-07-16T18:00:00+00:00,AE,United Arab Emirates,23.4241,53.8478,Subtropical Desert,5.75,Clear,0.0998,0.597,33.2,18.59,1018.68,0.5,0
2026-07-16T19:00:00+00:00,AE,United Arab Emirates,23.4241,53.8478,Subtropical Desert,13.82,Clear,0.1109,0.594,30.13,17.01,1016.44,0.5,0
2026-07-16T20:00:00+00:00,AE,United Arab Emirates,23.4241,53.8478,Subtropical Desert,4.21,Clear,0.0793,0.783,29.94,16.17,1019.32,0.5,0
2026-07-16T21:00:00+00:00,AE,United Arab Emirates,23.4241,53.8478,Subtropical Desert,18.0,Cumulus,0.2773,4.851,35.29,11.24,1019.08,0.5,7260.6
2026-07-16T22:00:00+00:00,AE,United Arab Emirates,23.4241,53.8478,Subtropical Desert,25.28,Cumulus,0.3013,5.18,37.33,12.24,1018.65,0.5,6425.4
2026-07-16T23:00:00+00:00,AE,United Arab Emirates,23.4241,53.8478,Subtropical Desert,20.59,Altocumulus,0.309,1.967,40.82,13.46,1018.35,0.5,6271.9
2026-07-17T00:00:00+00:00,AE,United Arab Emirates,23.4241,53.8478,Subtropical Desert,23.65,Cumulus,0.164,5.262,41.81,11.79,1017.99,0.5,7621.3
2026-07-17T01:00:00+00:00,AE,United Arab Emirates,23.4241,53.8478,Subtropical Desert,16.16,Cumulus,0.2246,2.976,36.53,11.25,1017.69,0.5,7611.9
2026-07-17T02:00:00+00:00,AE,United Arab Emirates,23.4241,53.8478,Subtropical Desert,22.66,Cirrus,0.3591,1.468,28.96,11.08,1019.72,0.5,6928.9
2026-07-17T03:00:00+00:00,AE,United Arab Emirates,23.4241,53.8478,Subtropical Desert,12.14,Clear,0.1111,0.776,29.79,12.23,1018.78,0.5,0
2026-07-17T04:00:00+00:00,AE,United Arab Emirates,23.4241,53.8478,Subtropical Desert,10.76,Clear,0.0789,0.056,31.2,13.19,1016.55,0.5,0
2026-07-17T05:00:00+00:00,AE,United Arab Emirates,23.4241,53.8478,Subtropical Desert,21.76,Altocumulus,0.3645,2.653,27.64,16.16,1017.54,0.5,5602.3
2026-07-17T06:00:00+00:00,AE,United Arab Emirates,23.4241,53.8478,Subtropical Desert,26.04,Cirrus,0.2216,4.65,35.52,15.85,1017.67,0.5,7154.3
2026-07-17T07:00:00+00:00,AE,United Arab Emirates,23.4241,53.8478,Subtropical Desert,24.88,Cirrus,0.1546,4.739,25.65,17.39,1017.2,0.5,6347.4
2026-07-17T08:00:00+00:00,AE,United Arab Emirates,23.4241,53.8478,Subtropical Desert,32.22,Cirrus,0.352,3.521,27.51,20.32,1015.18,0.5,6804.9
2026-07-17T09:00:00+00:00,AE,United Arab Emirates,23.4241,53.8478,Subtropical Desert,27.17,Cumulus,0.2099,1.926,29.42,21.49,1015.8,0.5,8093.7
2026-07-17T10:00:00+00:00,AE,United Arab Emirates,23.4241,53.8478,Subtropical Desert,32.6,Altocumulus,0.1729,1.308,18.51,19.48,1015.09,0.5,5014.1
2026-07-17T11:00:00+00:00,AE,United Arab Emirates,23.4241,53.8478,Subtropical Desert,30.64,Altocumulus,0.2703,4.191,21.01,20.31,1018.12,0.5,4929.6
2026-07-17T12:00:00+00:00,AE,United Arab Emirates,23.4241,53.8478,Subtropical Desert,38.19,Cirrus,0.3305,4.253,20.97,23.86,1014.28,0.5,7380.6
2026-07-17T13:00:00+00:00,AE,United Arab Emirates,23.4241,53.8478,Subtropical Desert,29.25,Cumulus,0.3266,4.033,20.98,21.92,1016.01,0.5,5130.8
2026-07-17T14:00:00+00:00,AE,United Arab Emirates,23.4241,53.8478,Subtropical Desert,32.41,Altocumulus,0.306,3.47,21.38,19.72,1016.54,0.5,3529.4
2026-07-17T15:00:00+00:00,AE,United Arab Emirates,23.4241,53.8478,Subtropical Desert,23.91,Cumulus,0.3733,1.892,22.47,19.74,1016.89,0.5,6640.8
2026-07-17T16:00:00+00:00,AE,United Arab Emirates,23.4241,53.8478,Subtropical Desert,29.84,Cumulus,0.3796,5.7,31.15,17.7,1017.06,0.5,3749.9
2026-07-17T17:00:00+00:00,AE,United Arab Emirates,23.4241,53.8478,Subtropical Desert,27.28,Cirrus,0.3702,2.684,24.16,19.58,1016.57,0.5,3943.3
2026-07-17T18:00:00+00:00,AE,United Arab Emirates,23.4241,53.8478,Subtropical Desert,34.36,Cumulus,0.1829,3.558,28.14,17.71,1016.72,0.5,5771.7
2026-07-17T19:00:00+00:00,AE,United Arab Emirates,23.4241,53.8478,Subtropical Desert,30.88,Cumulus,0.2795,1.699,32.13,14.52,1015.47,0.5,5565.6
2026-07-17T20:00:00+00:00,AE,United Arab Emirates,23.4241,53.8478,Subtropical Desert,25.66,Cirrus,0.2751,2.922,34.22,14.53,1017.69,0.5,6911.3
2026-07-17T21:00:00+00:00,AE,United Arab Emirates,23.4241,53.8478,Subtropical Desert,27.37,Cirrus,0.2377,5.088,36.44,12.99,1014.35,0.5,6659.5
2026-07-17T22:00:00+00:00,AE,United Arab Emirates,23.4241,53.8478,Subtropical Desert,22.06,Altocumulus,0.2613,1.556,38.75,12.72,1017.87,0.5,8429.7
2026-07-17T23:00:00+00:00,AE,United Arab Emirates,23.4241,53.8478,Subtropical Desert,30.55,Cirrus,0.3732,2.596,32.92,12.22,1017.19,0.5,8096.5
2026-07-18T00:00:00+00:00,AE,United Arab Emirates,23.4241,53.8478,Subtropical Desert,21.04,Altocumulus,0.3563,5.164,38.43,9.48,1018.03,0.5,4485.9
2026-07-18T01:00:00+00:00,AE,United Arab Emirates,23.4241,53.8478,Subtropical Desert,33.93,Altocumulus,0.3592,3.432,33.91,11.1,1016.91,0.5,8501.0
2026-07-18T02:00:00+00:00,AE,United Arab Emirates,23.4241,53.8478,Subtropical Desert,22.58,Cirrus,0.2753,4.628,28.48,14.7,1017.07,0.5,4786.8
2026-07-18T03:00:00+00:00,AE,United Arab Emirates,23.4241,53.8478,Subtropical Desert,18.45,Cirrus,0.2026,1.001,42.33,11.98,1015.33,0.5,3549.6
2026-07-18T04:00:00+00:00,AE,United Arab Emirates,23.4241,53.8478,Subtropical Desert,17.36,Cirrus,0.3389,3.742,31.37,12.98,1016.04,0.5,5139.2
2026-07-18T05:00:00+00:00,AE,United Arab Emirates,23.4241,53.8478,Subtropical Desert,9.49,Clear,0.0368,0.476,25.3,15.2,1019.8,0.5,0
2026-07-18T06:00:00+00:00,AE,United Arab Emirates,23.4241,53.8478,Subtropical Desert,27.0,Altocumulus,0.3256,1.838,35.01,18.01,1015.75,0.5,3948.5
2026-07-18T07:00:00+00:00,AE,United Arab Emirates,23.4241,53.8478,Subtropical Desert,22.59,Cumulus,0.2979,4.562,31.3,16.51,1018.66,0.5,4271.8
2026-07-18T08:00:00+00:00,AE,United Arab Emirates,23.4241,53.8478,Subtropical Desert,17.65,Cirrus,0.3708,3.564,22.4,18.72,1018.3,0.5,8280.5
2026-07-18T09:00:00+00:00,AE,United Arab Emirates,23.4241,53.8478,Subtropical Desert,17.26,Cumulus,0.2874,4.234,24.07,19.95,1016.87,0.5,8892.8
2026-07-18T10:00:00+00:00,AE,United Arab Emirates,23.4241,53.8478,Subtropical Desert,17.08,Cirrus,0.2096,3.216,25.86,20.98,1018.93,0.5,7474.6
2026-07-18T11:00:00+00:00,AE,United Arab Emirates,23.4241,53.8478,Subtropical Desert,21.04,Cumulus,0.1986,4.137,25.32,20.67,1018.51,0.5,7175.2
2026-07-18T12:00:00+00:00,AE,United Arab Emirates,23.4241,53.8478,Subtropical Desert,26.34,Cumulus,0.2679,1.507,24.1,21.96,1020.32,0.5,8060.7
2026-07-18T13:00:00+00:00,AE,United Arab Emirates,23.4241,53.8478,Subtropical Desert,15.44,Cumulus,0.3304,4.717,23.99,21.06,1016.66,0.5,6676.2
2026-07-18T14:00:00+00:00,AE,United Arab Emirates,23.4241,53.8478,Subtropical Desert,6.24,Clear,0.0632,0.162,26.11,21.18,1019.86,0.5,0
2026-07-18T15:00:00+00:00,AE,United Arab Emirates,23.4241,53.8478,Subtropical Desert,9.29,Clear,0.026,0.229,21.03,19.83,1019.34,0.5,0
2026-07-18T16:00:00+00:00,AE,United Arab Emirates,23.4241,53.8478,Subtropical Desert,13.69,Clear,0.0971,0.671,23.79,19.49,1018.19,0.5,0
2026-07-18T17:00:00+00:00,AE,United Arab Emirates,23.4241,53.8478,Subtropical Desert,13.45,Clear,0.0341,0.138,27.91,17.99,1018.92,0.5,0
2026-07-18T18:00:00+00:00,AE,United Arab Emirates,23.4241,53.8478,Subtropical Desert,7.22,Clear,0.0596,0.637,35.38,16.26,1019.2,0.5,0
2026-07-18T19:00:00+00:00,AE,United Arab Emirates,23.4241,53.8478,Subtropical Desert,10.45,Clear,0.1041,0.119,31.3,14.65,1019.34,0.5,0
2026-07-18T20:00:00+00:00,AE,United Arab Emirates,23.4241,53.8478,Subtropical Desert,1.44,Clear,0.0884,0.731,37.35,13.78,1017.99,0.5,0
2026-07-18T21:00:00+00:00,AE,United Arab Emirates,23.4241,53.8478,Subtropical Desert,16.63,Cumulus,0.3009,3.298,33.11,13.13,1016.65,0.5,4220.7
2026-07-18T22:00:00+00:00,AE,United Arab Emirates,23.4241,53.8478,Subtropical Desert,18.4,Altocumulus,0.1802,5.687,39.01,14.45,1017.07,0.5,5034.5
2026-07-18T23:00:00+00:00,AE,United Arab Emirates,23.4241,53.8478,Subtropical Desert,13.2,Clear,0.0735,0.339,34.88,13.67,1017.22,0.5,0
2026-07-19T00:00:00+00:00,AE,United Arab Emirates,23.4241,53.8478,Subtropical Desert,6.37,Clear,0.0688,0.131,39.74,9.68,1021.6,0.5,0
2026-07-19T01:00:00+00:00,AE,United Arab Emirates,23.4241,53.8478,Subtropical Desert,10.22,Clear,0.0729,0.458,32.88,13.28,1019.83,0.5,0
2026-07-19T02:00:00+00:00,AE,United Arab Emirates,23.4241,53.8478,Subtropical Desert,7.82,Clear,0.0811,0.234,34.76,12.81,1019.89,0.5,0
2026-07-19T03:00:00+00:00,AE,United Arab Emirates,23.4241,53.8478,Subtropical Desert,5.54,Clear,0.0678,0.663,30.08,12.79,1017.73,0.5,0
2026-07-19T04:00:00+00:00,AE,United Arab Emirates,23.4241,53.8478,Subtropical Desert,10.17,Clear,0.0505,0.481,27.6,14.73,1017.22,0.5,0
2026-07-19T05:00:00+00:00,AE,United Arab Emirates,23.4241,53.8478,Subtropical Desert,5.77,Clear,0.0376,0.726,25.18,15.58,1020.17,0.5,0
2026-07-19T06:00:00+00:00,AE,United Arab Emirates,23.4241,53.8478,Subtropical Desert,9.48,Clear,0.035,0.413,34.17,14.87,1016.51,0.5,0
2026-07-19T07:00:00+00:00,AE,United Arab Emirates,23.4241,53.8478,Subtropical Desert,12.24,Clear,0.0656,0.326,24.54,18.12,1017.85,0.5,0
2026-07-19T08:00:00+00:00,AE,United Arab Emirates,23.4241,53.8478,Subtropical Desert,4.0,Clear,0.1101,0.053,24.18,20.43,1020.72,0.5,0
2026-07-19T09:00:00+00:00,AE,United Arab Emirates,23.4241,53.8478,Subtropical Desert,19.13,Cumulus,0.3532,3.238,23.89,19.79,1015.98,0.5,6721.5
2026-07-19T10:00:00+00:00,AE,United Arab Emirates,23.4241,53.8478,Subtropical Desert,12.07,Clear,0.0508,0.541,20.25,19.67,1019.33,0.5,0
2026-07-19T11:00:00+00:00,AE,United Arab Emirates,23.4241,53.8478,Subtropical Desert,16.25,Altocumulus,0.2121,5.899,18.71,21.83,1016.19,0.5,6049.2
2026-07-19T12:00:00+00:00,AE,United Arab Emirates,23.4241,53.8478,Subtropical Desert,4.74,Clear,0.0479,0.059,23.58,21.84,1020.95,0.5,0
2026-07-19T13:00:00+00:00,AE,United Arab Emirates,23.4241,53.8478,Subtropical Desert,15.45,Altocumulus,0.2982,1.291,20.17,20.65,1016.67,0.5,8775.3
2026-07-19T14:00:00+00:00,AE,United Arab Emirates,23.4241,53.8478,Subtropical Desert,21.25,Cirrus,0.199,1.713,27.48,20.67,1015.7,0.5,5694.1
2026-07-19T15:00:00+00:00,AE,United Arab Emirates,23.4241,53.8478,Subtropical Desert,19.76,Cirrus,0.2742,5.764,21.4,19.97,1017.35,0.5,4321.9
2026-07-19T16:00:00+00:00,AE,United Arab Emirates,23.4241,53.8478,Subtropical Desert,13.45,Clear,0.0715,0.238,25.68,17.61,1019.17,0.5,0
2026-07-19T17:00:00+00:00,AE,United Arab Emirates,23.4241,53.8478,Subtropical Desert,19.72,Cirrus,0.2464,2.781,30.76,17.47,1014.67,0.5,6399.0
2026-07-19T18:00:00+00:00,AE,United Arab Emirates,23.4241,53.8478,Subtropical Desert,17.73,Cumulus,0.2316,3.376,31.93,15.07,1018.56,0.5,7271.0
2026-07-19T19:00:00+00:00,AE,United Arab Emirates,23.4241,53.8478,Subtropical Desert,13.88,Clear,0.1023,0.656,29.65,14.66,1017.27,0.5,0
2026-07-19T20:00:00+00:00,AE,United Arab Emirates,23.4241,53.8478,Subtropical Desert,36.09,Cumulus,0.1715,5.995,35.12,14.59,1017.32,0.5,7576.8
2026-07-19T21:00:00+00:00,AE,United Arab Emirates,23.4241,53.8478,Subtropical Desert,20.28,Cumulus,0.1731,1.631,31.08,10.59,1018.51,0.5,6553.6
2026-07-19T22:00:00+00:00,AE,United Arab Emirates,23.4241,53.8478,Subtropical Desert,25.93,Cumulus,0.3262,1.175,40.95,13.54,1017.45,0.5,8703.7
2026-07-19T23:00:00+00:00,AE,United Arab Emirates,23.4241,53.8478,Subtropical Desert,28.0,Cirrus,0.3473,2.531,38.48,11.44,1016.0,0.5,5365.2
2026-07-20T00:00:00+00:00,AE,United Arab Emirates,23.4241,53.8478,Subtropical Desert,36.52,Cirrus,0.171,4.126,35.71,8.25,1014.71,0.5,7742.9
2026-07-20T01:00:00+00:00,AE,United Arab Emirates,23.4241,53.8478,Subtropical Desert,36.77,Cumulus,0.1648,4.058,38.7,11.2,1017.98,0.5,7109.7
2026-07-20T02:00:00+00:00,AE,United Arab Emirates,23.4241,53.8478,Subtropical Desert,38.43,Altocumulus,0.3398,1.33,39.69,13.63,1018.83,0.5,5530.9
2026-07-20T03:00:00+00:00,AE,United Arab Emirates,23.4241,53.8478,Subtropical Desert,31.48,Cirrus,0.154,4.702,32.88,12.19,1015.76,0.5,6814.3
2026-07-20T04:00:00+00:00,AE,United Arab Emirates,23.4241,53.8478,Subtropical Desert,31.45,Cumulus,0.2611,4.83,36.34,15.82,1015.06,0.5,3768.7
2026-07-20T05:00:00+00:00,AE,United Arab Emirates,23.4241,53.8478,Subtropical Desert,38.89,Cirrus,0.1849,1.561,27.59,15.08,1016.15,0.5,7722.3
2026-07-20T06:00:00+00:00,AE,United Arab Emirates,23.4241,53.8478,Subtropical Desert,29.65,Altocumulus,0.289,2.572,28.39,17.91,1017.35,0.5,4428.7
2026-07-20T07:00:00+00:00,AE,United Arab Emirates,23.4241,53.8478,Subtropical Desert,46.34,Altocumulus,0.1658,2.895,30.97,17.16,1014.98,0.5,5428.7
2026-07-20T08:00:00+00:00,AE,United Arab Emirates,23.4241,53.8478,Subtropical Desert,36.29,Cirrus,0.3008,2.977,21.86,18.75,1016.47,0.5,4229.8
2026-07-20T09:00:00+00:00,AE,United Arab Emirates,23.4241,53.8478,Subtropical Desert,35.78,Altocumulus,0.379,2.72,24.4,21.66,1014.73,0.5,8761.6
2026-07-20T10:00:00+00:00,AE,United Arab Emirates,23.4241,53.8478,Subtropical Desert,34.05,Cumulus,0.1836,5.578,24.35,21.02,1016.23,0.5,7705.4
2026-07-20T11:00:00+00:00,AE,United Arab Emirates,23.4241,53.8478,Subtropical Desert,30.16,Altocumulus,0.2578,1.235,21.4,19.1,1016.07,0.5,7130.8
2026-07-20T12:00:00+00:00,AE,United Arab Emirates,23.4241,53.8478,Subtropical Desert,48.25,Cirrus,0.164,1.288,17.98,21.35,1012.27,0.5,8966.7
2026-07-20T13:00:00+00:00,AE,United Arab Emirates,23.4241,53.8478,Subtropical Desert,34.77,Cirrus,0.3769,2.072,23.26,21.05,1016.31,0.5,5167.3
2026-07-20T14:00:00+00:00,AE,United Arab Emirates,23.4241,53.8478,Subtropical Desert,38.01,Altocumulus,0.1849,5.988,19.98,20.66,1014.7,0.5,7807.6
2026-07-20T15:00:00+00:00,AE,United Arab Emirates,23.4241,53.8478,Subtropical Desert,45.68,Cirrus,0.3541,2.285,30.11,19.45,1010.83,0.5,8273.1
2026-07-20T16:00:00+00:00,AE,United Arab Emirates,23.4241,53.8478,Subtropical Desert,37.01,Cumulus,0.3398,1.722,23.09,20.21,1016.33,0.5,5402.0
2026-07-20T17:00:00+00:00,AE,United Arab Emirates,23.4241,53.8478,Subtropical Desert,36.13,Altocumulus,0.1778,1.031,26.05,16.64,1014.58,0.5,3669.1
2026-07-20T18:00:00+00:00,AE,United Arab Emirates,23.4241,53.8478,Subtropical Desert,38.56,Altocumulus,0.3365,2.98,28.82,16.03,1013.47,0.5,8386.3
2026-07-20T19:00:00+00:00,AE,United Arab Emirates,23.4241,53.8478,Subtropical Desert,36.78,Cirrus,0.2254,2.215,29.75,15.87,1015.54,0.5,5927.4
2026-07-20T20:00:00+00:00,AE,United Arab Emirates,23.4241,53.8478,Subtropical Desert,34.47,Cirrus,0.2913,1.141,32.42,14.25,1015.87,0.5,7385.4
2026-07-20T21:00:00+00:00,AE,United Arab Emirates,23.4241,53.8478,Subtropical Desert,32.37,Cumulus,0.2857,2.719,33.44,12.33,1016.09,0.5,5143.0
2026-07-20T22:00:00+00:00,AE,United Arab Emirates,23.4241,53.8478,Subtropical Desert,33.18,Cirrus,0.3009,5.109,36.28,13.11,1014.46,0.5,3594.3
2026-07-20T23:00:00+00:00,AE,United Arab Emirates,23.4241,53.8478,Subtropical Desert,30.61,Cumulus,0.3023,5.25,36.45,13.55,1017.05,0.5,8444.7
2026-07-21T00:00:00+00:00,AE,United Arab Emirates,23.4241,53.8478,Subtropical Desert,42.7,Cirrus,0.1591,4.256,38.18,12.61,1015.35,0.5,3942.3
2026-07-21T01:00:00+00:00,AE,United Arab Emirates,23.4241,53.8478,Subtropical Desert,24.58,Cirrus,0.1938,3.587,33.51,14.16,1014.41,0.5,6432.7
2026-07-21T02:00:00+00:00,AE,United Arab Emirates,23.4241,53.8478,Subtropical Desert,20.35,Cirrus,0.1722,1.335,34.62,11.85,1017.86,0.5,5901.5
2026-07-21T03:00:00+00:00,AE,United Arab Emirates,23.4241,53.8478,Subtropical Desert,32.51,Cumulus,0.2458,2.055,31.37,14.62,1017.47,0.5,8009.7
2026-07-21T04:00:00+00:00,AE,United Arab Emirates,23.4241,53.8478,Subtropical Desert,30.24,Cirrus,0.191,5.263,34.93,15.5,1016.22,0.5,6302.2
2026-07-21T05:00:00+00:00,AE,United Arab Emirates,23.4241,53.8478,Subtropical Desert,18.04,Cirrus,0.3104,1.838,33.2,14.5,1019.56,0.5,3523.8
2026-07-21T06:00:00+00:00,AE,United Arab Emirates,23.4241,53.8478,Subtropical Desert,22.37,Cirrus,0.3158,1.643,29.12,18.2,1020.28,0.5,4548.8
2026-07-21T07:00:00+00:00,AE,United Arab Emirates,23.4241,53.8478,Subtropical Desert,30.6,Cirrus,0.2869,3.596,28.77,17.37,1015.8,0.5,4280.7
2026-07-21T08:00:00+00:00,AE,United Arab Emirates,23.4241,53.8478,Subtropical Desert,21.45,Cumulus,0.3617,4.97,22.73,18.63,1017.28,0.5,8618.0
2026-07-21T09:00:00+00:00,AE,United Arab Emirates,23.4241,53.8478,Subtropical Desert,9.63,Clear,0.1187,0.408,24.81,20.77,1020.92,0.5,0
2026-07-21T10:00:00+00:00,AE,United Arab Emirates,23.4241,53.8478,Subtropical Desert,24.63,Altocumulus,0.1543,3.74,24.17,21.05,1016.43,0.5,5601.3
2026-07-21T11:00:00+00:00,AE,United Arab Emirates,23.4241,53.8478,Subtropical Desert,19.26,Cumulus,0.1615,5.301,24.68,21.17,1019.0,0.5,4438.0
2026-07-21T12:00:00+00:00,AE,United Arab Emirates,23.4241,53.8478,Subtropical Desert,14.68,Clear,0.0531,0.619,20.23,19.04,1016.56,0.5,0
2026-07-21T13:00:00+00:00,AE,United Arab Emirates,23.4241,53.8478,Subtropical Desert,19.54,Cumulus,0.3766,1.464,27.97,20.25,1017.71,0.5,6878.4
2026-07-21T14:00:00+00:00,AE,United Arab Emirates,23.4241,53.8478,Subtropical Desert,16.46,Altocumulus,0.3421,4.818,22.31,20.85,1020.21,0.5,7287.1
2026-07-21T15:00:00+00:00,AE,United Arab Emirates,23.4241,53.8478,Subtropical Desert,9.94,Clear,0.1151,0.119,26.09,18.96,1020.31,0.5,0
2026-07-21T16:00:00+00:00,AE,United Arab Emirates,23.4241,53.8478,Subtropical Desert,17.42,Cumulus,0.2183,5.725,24.82,17.77,1016.16,0.5,4986.4
2026-07-21T17:00:00+00:00,AE,United Arab Emirates,23.4241,53.8478,Subtropical Desert,12.9,Clear,0.0867,0.557,29.02,18.82,1019.72,0.5,0
2026-07-21T18:00:00+00:00,AE,United Arab Emirates,23.4241,53.8478,Subtropical Desert,9.38,Clear,0.0813,0.108,26.0,16.33,1017.32,0.5,0
2026-07-21T19:00:00+00:00,AE,United Arab Emirates,23.4241,53.8478,Subtropical Desert,16.56,Cirrus,0.3389,1.979,33.19,17.67,1020.33,0.5,5188.9
2026-07-21T20:00:00+00:00,AE,United Arab Emirates,23.4241,53.8478,Subtropical Desert,9.85,Clear,0.0497,0.598,30.05,13.66,1018.04,0.5,0
2026-07-21T21:00:00+00:00,AE,United Arab Emirates,23.4241,53.8478,Subtropical Desert,8.53,Clear,0.0828,0.548,34.36,14.2,1018.22,0.5,0
2026-07-21T22:00:00+00:00,AE,United Arab Emirates,23.4241,53.8478,Subtropical Desert,7.95,Clear,0.0258,0.582,37.89,9.45,1019.31,0.5,0
2026-07-21T23:00:00+00:00,AE,United Arab Emirates,23.4241,53.8478,Subtropical Desert,8.65,Clear,0.0563,0.177,33.36,10.37,1018.68,0.5,0
2026-07-22T00:00:00+00:00,AE,United Arab Emirates,23.4241,53.8478,Subtropical Desert,1.82,Clear,0.0723,0.37,34.39,11.23,1019.89,0.5,0
2026-07-22T01:00:00+00:00,AE,United Arab Emirates,23.4241,53.8478,Subtropical Desert,14.52,Clear,0.1055,0.75,35.51,12.61,1019.21,0.5,0
2026-07-22T02:00:00+00:00,AE,United Arab Emirates,23.4241,53.8478,Subtropical Desert,0.0,Clear,0.1097,0.361,38.48,10.95,1023.48,0.5,0
2026-07-22T03:00:00+00:00,AE,United Arab Emirates,23.4241,53.8478,Subtropical Desert,5.44,Clear,0.0714,0.397,32.66,13.7,1019.28,0.5,0
2026-07-22T04:00:00+00:00,AE,United Arab Emirates,23.4241,53.8478,Subtropical Desert,0.0,Clear,0.0269,0.57,36.91,12.81,1018.47,0.5,0
2026-07-22T05:00:00+00:00,AE,United Arab Emirates,23.4241,53.8478,Subtropical Desert,0.0,Clear,0.0366,0.773,32.61,14.85,1018.62,0.5,0
2026-07-22T06:00:00+00:00,AE,United Arab Emirates,23.4241,53.8478,Subtropical Desert,0.0,Clear,0.0798,0.522,30.86,15.98,1022.36,0.5,0
2026-07-22T07:00:00+00:00,AE,United Arab Emirates,23.4241,53.8478,Subtropical Desert,0.0,Clear,0.0923,0.055,32.44,20.04,1021.87,0.5,0
2026-07-22T08:00:00+00:00,AE,United Arab Emirates,23.4241,53.8478,Subtropical Desert,5.9,Clear,0.0236,0.102,21.7,18.39,1020.08,0.5,0
2026-07-22T09:00:00+00:00,AE,United Arab Emirates,23.4241,53.8478,Subtropical Desert,1.62,Clear,0.0855,0.276,22.51,22.0,1021.31,0.5,0
2026-07-22T10:00:00+00:00,AE,United Arab Emirates,23.4241,53.8478,Subtropical Desert,3.13,Clear,0.0991,0.513,23.54,19.79,1019.72,0.5,0
2026-07-22T11:00:00+00:00,AE,United Arab Emirates,23.4241,53.8478,Subtropical Desert,2.37,Clear,0.058,0.77,26.52,22.19,1020.75,0.5,0
2026-07-22T12:00:00+00:00,AE,United Arab Emirates,23.4241,53.8478,Subtropical Desert,7.18,Clear,0.0431,0.691,24.34,23.2,1019.42,0.5,0
2026-07-22T13:00:00+00:00,AE,United Arab Emirates,23.4241,53.8478,Subtropical Desert,0.0,Clear,0.0319,0.184,22.36,21.85,1020.38,0.5,0
2026-07-22T14:00:00+00:00,AE,United Arab Emirates,23.4241,53.8478,Subtropical Desert,0.0,Clear,0.098,0.783,19.78,20.28,1020.74,0.5,0
2026-07-22T15:00:00+00:00,AE,United Arab Emirates,23.4241,53.8478,Subtropical Desert,0.0,Clear,0.0681,0.345,26.25,19.9,1020.04,0.5,0
2026-07-22T16:00:00+00:00,AE,United Arab Emirates,23.4241,53.8478,Subtropical Desert,0.76,Clear,0.0347,0.183,25.61,17.32,1021.31,0.5,0
2026-07-22T17:00:00+00:00,AE,United Arab Emirates,23.4241,53.8478,Subtropical Desert,12.91,Clear,0.0448,0.086,23.64,16.66,1017.9,0.5,0
2026-07-22T18:00:00+00:00,AE,United Arab Emirates,23.4241,53.8478,Subtropical Desert,0.0,Clear,0.0235,0.449,27.41,16.36,1024.62,0.5,0
2026-07-22T19:00:00+00:00,AE,United Arab Emirates,23.4241,53.8478,Subtropical Desert,4.23,Clear,0.0724,0.368,25.66,13.62,1021.62,0.5,0
2026-07-22T20:00:00+00:00,AE,United Arab Emirates,23.4241,53.8478,Subtropical Desert,0.0,Clear,0.0496,0.211,32.32,14.55,1023.72,0.5,0
2026-07-22T21:00:00+00:00,AE,United Arab Emirates,23.4241,53.8478,Subtropical Desert,14.11,Clear,0.0953,0.581,37.77,12.25,1016.03,0.5,0
2026-07-22T22:00:00+00:00,AE,United Arab Emirates,23.4241,53.8478,Subtropical Desert,5.87,Clear,0.0255,0.26,37.11,11.0,1019.98,0.5,0
2026-07-22T23:00:00+00:00,AE,United Arab Emirates,23.4241,53.8478,Subtropical Desert,0.71,Clear,0.0838,0.247,35.71,12.87,1024.54,0.5,0
2026-07-23T00:00:00+00:00,AE,United Arab Emirates,23.4241,53.8478,Subtropical Desert,12.19,Clear,0.0455,0.104,36.84,10.59,1016.62,0.5,0
2026-07-23T01:00:00+00:00,AE,United Arab Emirates,23.4241,53.8478,Subtropical Desert,12.22,Clear,0.1176,0.512,38.49,12.98,1019.52,0.5,0
2026-07-23T02:00:00+00:00,AE,United Arab Emirates,23.4241,53.8478,Subtropical Desert,12.85,Clear,0.0913,0.501,37.71,13.64,1019.57,0.5,0
2026-07-23T03:00:00+00:00,AE,United Arab Emirates,23.4241,53.8478,Subtropical Desert,15.55,Cumulus,0.261,3.01,37.6,14.88,1017.41,0.5,5322.7
2026-07-23T04:00:00+00:00,AE,United Arab Emirates,23.4241,53.8478,Subtropical Desert,8.84,Clear,0.1067,0.675,34.12,11.81,1018.23,0.5,0
2026-07-23T05:00:00+00:00,AE,United Arab Emirates,23.4241,53.8478,Subtropical Desert,18.68,Altocumulus,0.2283,4.194,29.15,15.92,1018.32,0.5,4286.1
2026-07-23T06:00:00+00:00,AE,United Arab Emirates,23.4241,53.8478,Subtropical Desert,17.35,Cirrus,0.3391,4.079,33.61,19.48,1021.94,0.5,5257.7
2026-07-23T07:00:00+00:00,AE,United Arab Emirates,23.4241,53.8478,Subtropical Desert,22.51,Cirrus,0.2333,2.07,27.08,17.98,1015.82,0.5,7314.1
2026-07-23T08:00:00+00:00,AE,United Arab Emirates,23.4241,53.8478,Subtropical Desert,26.6,Altocumulus,0.2624,5.452,22.76,17.04,1018.51,0.5,3778.4
2026-07-23T09:00:00+00:00,AE,United Arab Emirates,23.4241,53.8478,Subtropical Desert,12.79,Clear,0.1121,0.431,26.8,19.74,1018.0,0.5,0
2026-07-23T10:00:00+00:00,AE,United Arab Emirates,23.4241,53.8478,Subtropical Desert,16.13,Altocumulus,0.1953,5.775,18.77,21.99,1016.73,0.5,6125.5
2026-07-23T11:00:00+00:00,AE,United Arab Emirates,23.4241,53.8478,Subtropical Desert,23.4,Altocumulus,0.1652,5.439,15.48,20.21,1017.2,0.5,4033.0
2026-07-23T12:00:00+00:00,AE,United Arab Emirates,23.4241,53.8478,Subtropical Desert,22.06,Altocumulus,0.378,4.911,22.84,21.78,1019.36,0.5,4385.8
2026-07-23T13:00:00+00:00,AE,United Arab Emirates,23.4241,53.8478,Subtropical Desert,13.63,Clear,0.0413,0.46,24.01,20.33,1020.01,0.5,0
2026-07-23T14:00:00+00:00,AE,United Arab Emirates,23.4241,53.8478,Subtropical Desert,20.04,Altocumulus,0.3775,4.822,19.06,21.5,1017.51,0.5,7388.1
2026-07-23T15:00:00+00:00,AE,United Arab Emirates,23.4241,53.8478,Subtropical Desert,22.12,Cumulus,0.2841,3.487,20.73,21.44,1016.26,0.5,5494.7
2026-07-23T16:00:00+00:00,AE,United Arab Emirates,23.4241,53.8478,Subtropical Desert,21.83,Altocumulus,0.2424,5.761,22.26,19.58,1017.54,0.5,8498.6
2026-07-23T17:00:00+00:00,AE,United Arab Emirates,23.4241,53.8478,Subtropical Desert,28.04,Cumulus,0.3633,1.341,30.09,18.99,1017.41,0.5,8410.0
2026-07-23T18:00:00+00:00,AE,United Arab Emirates,23.4241,53.8478,Subtropical Desert,26.01,Altocumulus,0.2842,3.532,26.61,18.8,1016.42,0.5,7384.5
2026-07-23T19:00:00+00:00,AE,United Arab Emirates,23.4241,53.8478,Subtropical Desert,17.55,Cirrus,0.2075,2.685,29.98,17.2,1016.28,0.5,4957.6
2026-07-23T20:00:00+00:00,AE,United Arab Emirates,23.4241,53.8478,Subtropical Desert,23.23,Cumulus,0.3224,2.691,30.41,13.68,1018.1,0.5,7143.8
2026-07-23T21:00:00+00:00,AE,United Arab Emirates,23.4241,53.8478,Subtropical Desert,20.41,Cirrus,0.2161,4.486,39.69,13.79,1019.9,0.5,5131.2
2026-07-23T22:00:00+00:00,AE,United Arab Emirates,23.4241,53.8478,Subtropical Desert,22.15,Cirrus,0.3349,3.062,38.14,12.53,1017.56,0.5,6332.7
2026-07-23T23:00:00+00:00,AE,United Arab Emirates,23.4241,53.8478,Subtropical Desert,26.52,Cirrus,0.1537,1.606,43.59,12.14,1018.39,0.5,6321.5
2026-07-24T00:00:00+00:00,AE,United Arab Emirates,23.4241,53.8478,Subtropical Desert,24.45,Cirrus,0.2454,5.339,40.21,11.44,1019.53,0.5,8431.0
2026-07-24T01:00:00+00:00,AE,United Arab Emirates,23.4241,53.8478,Subtropical Desert,23.13,Altocumulus,0.2384,5.017,37.05,13.95,1018.8,0.5,8020.2
2026-07-24T02:00:00+00:00,AE,United Arab Emirates,23.4241,53.8478,Subtropical Desert,18.52,Cirrus,0.2953,4.365,38.53,11.84,1016.57,0.5,3939.5
2026-07-24T03:00:00+00:00,AE,United Arab Emirates,23.4241,53.8478,Subtropical Desert,9.65,Clear,0.1127,0.648,36.95,11.81,1021.24,0.5,0
2026-07-24T04:00:00+00:00,AE,United Arab Emirates,23.4241,53.8478,Subtropical Desert,18.25,Altocumulus,0.2236,4.326,36.8,12.53,1016.09,0.5,8199.2
2026-07-24T05:00:00+00:00,AE,United Arab Emirates,23.4241,53.8478,Subtropical Desert,16.08,Altocumulus,0.2726,2.632,30.73,14.27,1019.46,0.5,6816.9
2026-07-24T06:00:00+00:00,AE,United Arab Emirates,23.4241,53.8478,Subtropical Desert,5.26,Clear,0.0946,0.793,31.43,16.16,1020.14,0.5,0
2026-07-24T07:00:00+00:00,AE,United Arab Emirates,23.4241,53.8478,Subtropical Desert,4.2,Clear,0.0686,0.612,27.54,17.34,1020.44,0.5,0
2026-07-24T08:00:00+00:00,AE,United Arab Emirates,23.4241,53.8478,Subtropical Desert,13.67,Clear,0.0433,0.63,19.99,18.94,1016.63,0.5,0
2026-07-24T09:00:00+00:00,AE,United Arab Emirates,23.4241,53.8478,Subtropical Desert,6.62,Clear,0.0714,0.223,20.8,19.46,1016.65,0.5,0
2026-07-24T10:00:00+00:00,AE,United Arab Emirates,23.4241,53.8478,Subtropical Desert,8.8,Clear,0.0465,0.595,19.67,21.22,1018.16,0.5,0
2026-07-24T11:00:00+00:00,AE,United Arab Emirates,23.4241,53.8478,Subtropical Desert,7.16,Clear,0.0996,0.435,24.55,23.29,1022.77,0.5,0
2026-07-24T12:00:00+00:00,AE,United Arab Emirates,23.4241,53.8478,Subtropical Desert,8.4,Clear,0.1046,0.057,23.39,22.81,1019.94,0.5,0
2026-07-24T13:00:00+00:00,AE,United Arab Emirates,23.4241,53.8478,Subtropical Desert,0.0,Clear,0.1012,0.157,22.09,21.94,1023.87,0.5,0
2026-07-24T14:00:00+00:00,AE,United Arab Emirates,23.4241,53.8478,Subtropical Desert,1.33,Clear,0.039,0.359,26.49,20.34,1020.81,0.5,0
2026-07-24T15:00:00+00:00,AE,United Arab Emirates,23.4241,53.8478,Subtropical Desert,3.05,Clear,0.0226,0.294,24.89,20.06,1021.37,0.5,0
2026-07-24T16:00:00+00:00,AE,United Arab Emirates,23.4241,53.8478,Subtropical Desert,4.41,Clear,0.0383,0.661,23.1,20.22,1017.58,0.5,0
2026-07-24T17:00:00+00:00,AE,United Arab Emirates,23.4241,53.8478,Subtropical Desert,0.0,Clear,0.1069,0.312,30.64,18.82,1020.28,0.5,0
2026-07-24T18:00:00+00:00,AE,United Arab Emirates,23.4241,53.8478,Subtropical Desert,0.0,Clear,0.1156,0.797,31.97,15.43,1024.23,0.5,0
2026-07-24T19:00:00+00:00,AE,United Arab Emirates,23.4241,53.8478,Subtropical Desert,0.57,Clear,0.0442,0.762,28.95,14.89,1021.0,0.5,0
2026-07-24T20:00:00+00:00,AE,United Arab Emirates,23.4241,53.8478,Subtropical Desert,0.0,Clear,0.03,0.09,32.45,14.05,1019.94,0.5,0
2026-07-24T21:00:00+00:00,AE,United Arab Emirates,23.4241,53.8478,Subtropical Desert,2.61,Clear,0.114,0.056,40.53,12.35,1019.51,0.5,0
2026-07-24T22:00:00+00:00,AE,United Arab Emirates,23.4241,53.8478,Subtropical Desert,0.0,Clear,0.0889,0.194,37.64,14.46,1023.58,0.5,0
2026-07-24T23:00:00+00:00,AE,United Arab Emirates,23.4241,53.8478,Subtropical Desert,0.0,Clear,0.0308,0.512,37.24,11.6,1021.7,0.5,0
2026-07-25T00:00:00+00:00,AE,United Arab Emirates,23.4241,53.8478,Subtropical Desert,2.81,Clear,0.1041,0.079,31.75,11.21,1021.92,0.5,0
2026-07-25T01:00:00+00:00,AE,United Arab Emirates,23.4241,53.8478,Subtropical Desert,0.0,Clear,0.05,0.267,37.75,11.08,1020.04,0.5,0
2026-07-25T02:00:00+00:00,AE,United Arab Emirates,23.4241,53.8478,Subtropical Desert,0.0,Clear,0.0215,0.331,33.43,11.92,1019.14,0.5,0
2026-07-25T03:00:00+00:00,AE,United Arab Emirates,23.4241,53.8478,Subtropical Desert,0.0,Clear,0.0498,0.154,37.71,12.88,1019.94,0.5,0
2026-07-25T04:00:00+00:00,AE,United Arab Emirates,23.4241,53.8478,Subtropical Desert,0.0,Clear,0.1042,0.41,39.16,13.17,1021.03,0.5,0
2026-07-25T05:00:00+00:00,AE,United Arab Emirates,23.4241,53.8478,Subtropical Desert,0.0,Clear,0.1192,0.111,32.14,15.06,1021.49,0.5,0
2026-07-25T06:00:00+00:00,AE,United Arab Emirates,23.4241,53.8478,Subtropical Desert,0.0,Clear,0.0489,0.568,28.05,18.81,1020.87,0.5,0
2026-07-25T07:00:00+00:00,AE,United Arab Emirates,23.4241,53.8478,Subtropical Desert,0.0,Clear,0.0263,0.175,33.62,18.11,1017.63,0.5,0
2026-07-25T08:00:00+00:00,AE,United Arab Emirates,23.4241,53.8478,Subtropical Desert,0.0,Clear,0.0406,0.237,30.01,20.39,1021.6,0.5,0
2026-07-25T09:00:00+00:00,AE,United Arab Emirates,23.4241,53.8478,Subtropical Desert,0.0,Clear,0.0729,0.325,22.05,21.18,1020.67,0.5,0
2026-07-25T10:00:00+00:00,AE,United Arab Emirates,23.4241,53.8478,Subtropical Desert,2.86,Clear,0.0848,0.335,25.58,19.94,1019.87,0.5,0
2026-07-25T11:00:00+00:00,AE,United Arab Emirates,23.4241,53.8478,Subtropical Desert,0.0,Clear,0.1162,0.612,20.42,19.87,1020.2,0.5,0
2026-07-25T12:00:00+00:00,AE,United Arab Emirates,23.4241,53.8478,Subtropical Desert,0.0,Clear,0.092,0.326,23.26,22.47,1020.08,0.5,0
2026-07-25T13:00:00+00:00,AE,United Arab Emirates,23.4241,53.8478,Subtropical Desert,4.47,Clear,0.0621,0.533,25.39,21.07,1019.35,0.5,0
2026-07-25T14:00:00+00:00,AE,United Arab Emirates,23.4241,53.8478,Subtropical Desert,0.0,Clear,0.1031,0.448,22.41,21.85,1021.92,0.5,0
2026-07-25T15:00:00+00:00,AE,United Arab Emirates,23.4241,53.8478,Subtropical Desert,0.0,Clear,0.0238,0.123,27.66,20.2,1021.99,0.5,0
2026-07-25T16:00:00+00:00,AE,United Arab Emirates,23.4241,53.8478,Subtropical Desert,0.0,Clear,0.0913,0.109,31.17,20.59,1019.33,0.5,0
2026-07-25T17:00:00+00:00,AE,United Arab Emirates,23.4241,53.8478,Subtropical Desert,3.12,Clear,0.1026,0.135,28.47,19.43,1019.98,0.5,0
2026-07-25T18:00:00+00:00,AE,United Arab Emirates,23.4241,53.8478,Subtropical Desert,0.0,Clear,0.0478,0.2,27.84,17.58,1021.07,0.5,0
2026-07-25T19:00:00+00:00,AE,United Arab Emirates,23.4241,53.8478,Subtropical Desert,0.0,Clear,0.0633,0.795,26.88,15.92,1022.84,0.5,0
2026-07-25T20:00:00+00:00,AE,United Arab Emirates,23.4241,53.8478,Subtropical Desert,1.19,Clear,0.0645,0.275,33.25,12.82,1019.26,0.5,0
2026-07-25T21:00:00+00:00,AE,United Arab Emirates,23.4241,53.8478,Subtropical Desert,0.0,Clear,0.0281,0.759,34.29,10.91,1017.71,0.5,0
2026-07-25T22:00:00+00:00,AE,United Arab Emirates,23.4241,53.8478,Subtropical Desert,10.14,Clear,0.1108,0.512,41.52,11.09,1020.19,0.5,0
2026-07-25T23:00:00+00:00,AE,United Arab Emirates,23.4241,53.8478,Subtropical Desert,5.51,Clear,0.1105,0.724,35.31,12.05,1022.18,0.5,0
2026-07-26T00:00:00+00:00,AE,United Arab Emirates,23.4241,53.8478,Subtropical Desert,7.3,Clear,0.1049,0.471,35.19,11.39,1019.34,0.5,0
2026-07-26T01:00:00+00:00,AE,United Arab Emirates,23.4241,53.8478,Subtropical Desert,6.9,Clear,0.095,0.793,35.71,11.67,1015.82,0.5,0
2026-07-26T02:00:00+00:00,AE,United Arab Emirates,23.4241,53.8478,Subtropical Desert,5.47,Clear,0.1101,0.227,34.55,10.72,1019.39,0.5,0
2026-07-26T03:00:00+00:00,AE,United Arab Emirates,23.4241,53.8478,Subtropical Desert,8.3,Clear,0.0771,0.611,40.96,11.96,1018.67,0.5,0
2026-07-26T04:00:00+00:00,AE,United Arab Emirates,23.4241,53.8478,Subtropical Desert,9.69,Clear,0.05,0.728,35.76,13.56,1018.0,0.5,0
2026-07-26T05:00:00+00:00,AE,United Arab Emirates,23.4241,53.8478,Subtropical Desert,13.53,Clear,0.1022,0.792,31.18,16.64,1017.7,0.5,0
2026-07-26T06:00:00+00:00,AE,United Arab Emirates,23.4241,53.8478,Subtropical Desert,14.38,Clear,0.043,0.478,29.2,15.48,1019.31,0.5,0
2026-07-26T07:00:00+00:00,AE,United Arab Emirates,23.4241,53.8478,Subtropical Desert,20.02,Cumulus,0.3633,5.752,25.17,17.13,1018.94,0.5,4228.6
2026-07-26T08:00:00+00:00,AE,United Arab Emirates,23.4241,53.8478,Subtropical Desert,17.51,Cumulus,0.1965,2.2,29.94,19.94,1016.25,0.5,4330.3
2026-07-26T09:00:00+00:00,AE,United Arab Emirates,23.4241,53.8478,Subtropical Desert,16.37,Cirrus,0.2985,3.157,26.46,18.08,1019.55,0.5,7258.0
2026-07-26T10:00:00+00:00,AE,United Arab Emirates,23.4241,53.8478,Subtropical Desert,24.49,Altocumulus,0.3206,1.003,25.75,22.6,1018.86,0.5,6756.4
2026-07-26T11:00:00+00:00,AE,United Arab Emirates,23.4241,53.8478,Subtropical Desert,25.23,Cumulus,0.2434,5.493,25.2,22.53,1014.43,0.5,6739.9
2026-07-26T12:00:00+00:00,AE,United Arab Emirates,23.4241,53.8478,Subtropical Desert,22.13,Altocumulus,0.2993,5.213,20.29,20.53,1016.3,0.5,4603.7
2026-07-26T13:00:00+00:00,AE,United Arab Emirates,23.4241,53.8478,Subtropical Desert,16.86,Altocumulus,0.3441,3.906,22.24,22.15,1017.75,0.5,7147.9
2026-07-26T14:00:00+00:00,AE,United Arab Emirates,23.4241,53.8478,Subtropical Desert,18.29,Cumulus,0.283,2.595,23.34,20.89,1021.13,0.5,3874.8
2026-07-26T15:00:00+00:00,AE,United Arab Emirates,23.4241,53.8478,Subtropical Desert,29.45,Cumulus,0.1819,4.936,26.63,21.7,1016.1,0.5,5316.0
2026-07-26T16:00:00+00:00,AE,United Arab Emirates,23.4241,53.8478,Subtropical Desert,35.57,Altocumulus,0.2894,2.084,19.82,20.15,1013.22,0.5,7165.6
2026-07-26T17:00:00+00:00,AE,United Arab Emirates,23.4241,53.8478,Subtropical Desert,22.91,Cumulus,0.293,3.22,31.88,18.35,1016.63,0.5,4835.9
2026-07-26T18:00:00+00:00,AE,United Arab Emirates,23.4241,53.8478,Subtropical Desert,27.01,Altocumulus,0.3282,3.317,29.32,15.1,1017.65,0.5,7743.7
2026-07-26T19:00:00+00:00,AE,United Arab Emirates,23.4241,53.8478,Subtropical Desert,30.4,Altocumulus,0.1545,5.036,31.01,15.66,1016.32,0.5,4940.3
2026-07-26T20:00:00+00:00,AE,United Arab Emirates,23.4241,53.8478,Subtropical Desert,28.08,Cirrus,0.3448,4.533,33.24,15.09,1014.79,0.5,6284.2
2026-07-26T21:00:00+00:00,AE,United Arab Emirates,23.4241,53.8478,Subtropical Desert,33.34,Altocumulus,0.1667,5.857,33.09,13.65,1016.69,0.5,6811.8
2026-07-26T22:00:00+00:00,AE,United Arab Emirates,23.4241,53.8478,Subtropical Desert,30.19,Altocumulus,0.3259,3.33,38.84,12.49,1017.66,0.5,4918.6
2026-07-26T23:00:00+00:00,AE,United Arab Emirates,23.4241,53.8478,Subtropical Desert,32.81,Cumulus,0.3436,2.268,42.2,11.98,1016.38,0.5,6939.7
2026-07-27T00:00:00+00:00,AE,United Arab Emirates,23.4241,53.8478,Subtropical Desert,27.7,Cumulus,0.2609,3.943,40.24,13.78,1014.34,0.5,3649.2
2026-07-27T01:00:00+00:00,AE,United Arab Emirates,23.4241,53.8478,Subtropical Desert,32.52,Altocumulus,0.2031,1.048,33.75,13.51,1016.38,0.5,5439.6
2026-07-27T02:00:00+00:00,AE,United Arab Emirates,23.4241,53.8478,Subtropical Desert,32.95,Altocumulus,0.2346,1.25,40.5,12.04,1015.64,0.5,3858.7
2026-07-27T03:00:00+00:00,AE,United Arab Emirates,23.4241,53.8478,Subtropical Desert,31.5,Cumulus,0.2047,3.237,34.1,12.89,1019.9,0.5,6015.8
2026-07-27T04:00:00+00:00,AE,United Arab Emirates,23.4241,53.8478,Subtropical Desert,31.13,Cirrus,0.314,3.464,36.29,14.68,1015.28,0.5,6430.2
2026-07-27T05:00:00+00:00,AE,United Arab Emirates,23.4241,53.8478,Subtropical Desert,30.27,Cumulus,0.3791,3.19,28.8,18.08,1015.38,0.5,6327.0
2026-07-27T06:00:00+00:00,AE,United Arab Emirates,23.4241,53.8478,Subtropical Desert,26.67,Altocumulus,0.2037,2.531,29.95,17.69,1014.01,0.5,8292.4
2026-07-27T07:00:00+00:00,AE,United Arab Emirates,23.4241,53.8478,Subtropical Desert,35.77,Cumulus,0.2083,4.871,28.6,16.83,1013.71,0.5,6498.4
2026-07-27T08:00:00+00:00,AE,United Arab Emirates,23.4241,53.8478,Subtropical Desert,30.46,Cumulus,0.2721,2.644,29.68,18.41,1015.99,0.5,4303.7
2026-07-27T09:00:00+00:00,AE,United Arab Emirates,23.4241,53.8478,Subtropical Desert,27.55,Altocumulus,0.3185,4.093,25.76,20.73,1014.82,0.5,3853.1
2026-07-27T10:00:00+00:00,AE,United Arab Emirates,23.4241,53.8478,Subtropical Desert,23.66,Cumulus,0.2329,2.059,25.65,21.07,1018.74,0.5,8525.7
2026-07-27T11:00:00+00:00,AE,United Arab Emirates,23.4241,53.8478,Subtropical Desert,32.75,Cumulus,0.3127,3.762,23.01,22.37,1014.54,0.5,4193.8
2026-07-27T12:00:00+00:00,AE,United Arab Emirates,23.4241,53.8478,Subtropical Desert,27.35,Cumulus,0.3661,1.078,23.46,21.78,1019.41,0.5,3789.2
2026-07-27T13:00:00+00:00,AE,United Arab Emirates,23.4241,53.8478,Subtropical Desert,15.89,Cirrus,0.3523,4.461,22.87,23.37,1018.32,0.5,4325.6
2026-07-27T14:00:00+00:00,AE,United Arab Emirates,23.4241,53.8478,Subtropical Desert,18.89,Cirrus,0.2446,2.204,22.29,20.43,1019.32,0.5,4306.1
2026-07-27T15:00:00+00:00,AE,United Arab Emirates,23.4241,53.8478,Subtropical Desert,28.75,Cirrus,0.1569,3.857,22.1,18.45,1015.16,0.5,6395.9
2026-07-27T16:00:00+00:00,AE,United Arab Emirates,23.4241,53.8478,Subtropical Desert,13.9,Clear,0.0711,0.572,21.97,21.37,1017.62,0.5,0
2026-07-27T17:00:00+00:00,AE,United Arab Emirates,23.4241,53.8478,Subtropical Desert,25.47,Cirrus,0.211,5.881,30.46,15.21,1016.59,0.5,5170.0
2026-07-27T18:00:00+00:00,AE,United Arab Emirates,23.4241,53.8478,Subtropical Desert,35.0,Cirrus,0.3229,5.668,26.29,17.05,1015.81,0.5,7004.3
2026-07-27T19:00:00+00:00,AE,United Arab Emirates,23.4241,53.8478,Subtropical Desert,19.22,Cirrus,0.293,1.907,33.79,14.76,1019.42,0.5,6099.8
2026-07-27T20:00:00+00:00,AE,United Arab Emirates,23.4241,53.8478,Subtropical Desert,15.69,Altocumulus,0.2688,4.313,34.29,13.73,1018.59,0.5,8445.1
2026-07-27T21:00:00+00:00,AE,United Arab Emirates,23.4241,53.8478,Subtropical Desert,18.1,Altocumulus,0.187,4.014,32.31,14.48,1017.16,0.5,3597.0
2026-07-27T22:00:00+00:00,AE,United Arab Emirates,23.4241,53.8478,Subtropical Desert,26.53,Altocumulus,0.3017,2.312,34.46,13.83,1016.13,0.5,6114.1
2026-07-27T23:00:00+00:00,AE,United Arab Emirates,23.4241,53.8478,Subtropical Desert,16.82,Altocumulus,0.2679,5.803,34.48,14.22,1014.41,0.5,4071.7
2026-07-28T00:00:00+00:00,AE,United Arab Emirates,23.4241,53.8478,Subtropical Desert,11.54,Clear,0.0828,0.363,35.47,12.9,1019.44,0.5,0
2026-07-28T01:00:00+00:00,AE,United Arab Emirates,23.4241,53.8478,Subtropical Desert,9.7,Clear,0.094,0.613,40.59,12.03,1021.54,0.5,0
2026-07-28T02:00:00+00:00,AE,United Arab Emirates,23.4241,53.8478,Subtropical Desert,11.4,Clear,0.0518,0.515,29.66,11.94,1020.18,0.5,0
2026-07-28T03:00:00+00:00,AE,United Arab Emirates,23.4241,53.8478,Subtropical Desert,15.2,Cirrus,0.3349,1.287,29.98,12.29,1019.96,0.5,4796.5
2026-07-28T04:00:00+00:00,AE,United Arab Emirates,23.4241,53.8478,Subtropical Desert,16.23,Cirrus,0.154,1.889,33.42,16.19,1019.49,0.5,8320.3
2026-07-28T05:00:00+00:00,AE,United Arab Emirates,23.4241,53.8478,Subtropical Desert,9.67,Clear,0.0519,0.753,29.6,14.41,1020.05,0.5,0
2026-07-28T06:00:00+00:00,AE,United Arab Emirates,23.4241,53.8478,Subtropical Desert,4.99,Clear,0.0888,0.557,31.77,15.79,1019.11,0.5,0
2026-07-28T07:00:00+00:00,AE,United Arab Emirates,23.4241,53.8478,Subtropical Desert,6.49,Clear,0.1099,0.647,28.21,18.48,1019.12,0.5,0
2026-07-28T08:00:00+00:00,AE,United Arab Emirates,23.4241,53.8478,Subtropical Desert,13.97,Clear,0.0584,0.722,30.73,17.72,1017.71,0.5,0
2026-07-28T09:00:00+00:00,AE,United Arab Emirates,23.4241,53.8478,Subtropical Desert,0.87,Clear,0.0948,0.558,21.43,19.67,1019.78,0.5,0
2026-07-28T10:00:00+00:00,AE,United Arab Emirates,23.4241,53.8478,Subtropical Desert,7.45,Clear,0.0207,0.644,25.14,20.68,1017.77,0.5,0
2026-07-28T11:00:00+00:00,AE,United Arab Emirates,23.4241,53.8478,Subtropical Desert,0.18,Clear,0.0696,0.628,27.3,22.59,1020.9,0.5,0
2026-07-28T12:00:00+00:00,AE,United Arab Emirates,23.4241,53.8478,Subtropical Desert,7.76,Clear,0.1088,0.504,16.62,20.39,1018.6,0.5,0
2026-07-28T13:00:00+00:00,AE,United Arab Emirates,23.4241,53.8478,Subtropical Desert,16.81,Altocumulus,0.2282,4.713,23.54,23.61,1018.43,0.5,7918.3
2026-07-28T14:00:00+00:00,AE,United Arab Emirates,23.4241,53.8478,Subtropical Desert,17.24,Cirrus,0.3209,5.384,22.56,21.99,1018.61,0.5,7121.8
2026-07-28T15:00:00+00:00,AE,United Arab Emirates,23.4241,53.8478,Subtropical Desert,2.98,Clear,0.0462,0.642,24.44,19.73,1022.11,0.5,0
2026-07-28T16:00:00+00:00,AE,United Arab Emirates,23.4241,53.8478,Subtropical Desert,17.42,Altocumulus,0.3062,4.138,27.33,18.85,1017.68,0.5,5654.0
2026-07-28T17:00:00+00:00,AE,United Arab Emirates,23.4241,53.8478,Subtropical Desert,11.96,Clear,0.105,0.117,25.44,17.07,1018.98,0.5,0
2026-07-28T18:00:00+00:00,AE,United Arab Emirates,23.4241,53.8478,Subtropical Desert,4.19,Clear,0.0841,0.769,22.36,15.39,1019.84,0.5,0
2026-07-28T19:00:00+00:00,AE,United Arab Emirates,23.4241,53.8478,Subtropical Desert,11.01,Clear,0.0297,0.462,30.08,15.99,1019.99,0.5,0
2026-07-28T20:00:00+00:00,AE,United Arab Emirates,23.4241,53.8478,Subtropical Desert,12.0,Clear,0.029,0.268,34.11,14.09,1018.27,0.5,0
2026-07-28T21:00:00+00:00,AE,United Arab Emirates,23.4241,53.8478,Subtropical Desert,15.94,Cumulus,0.3047,2.353,34.78,12.17,1020.44,0.5,6028.2
2026-07-28T22:00:00+00:00,AE,United Arab Emirates,23.4241,53.8478,Subtropical Desert,8.18,Clear,0.1155,0.346,38.79,14.02,1018.14,0.5,0
2026-07-28T23:00:00+00:00,AE,United Arab Emirates,23.4241,53.8478,Subtropical Desert,23.67,Altocumulus,0.16,2.811,35.87,9.18,1017.36,0.5,7271.0
2026-07-29T00:00:00+00:00,AE,United Arab Emirates,23.4241,53.8478,Subtropical Desert,22.05,Cumulus,0.3689,2.073,37.8,10.68,1017.17,0.5,6433.3
2026-07-29T01:00:00+00:00,AE,United Arab Emirates,23.4241,53.8478,Subtropical Desert,19.01,Cirrus,0.3449,2.722,35.54,13.6,1019.48,0.5,8598.2
2026-07-29T02:00:00+00:00,AE,United Arab Emirates,23.4241,53.8478,Subtropical Desert,21.1,Altocumulus,0.3561,1.114,36.56,14.12,1015.0,0.5,7281.9
2026-07-29T03:00:00+00:00,AE,United Arab Emirates,23.4241,53.8478,Subtropical Desert,12.92,Clear,0.0215,0.165,35.36,13.13,1020.47,0.5,0
2026-07-29T04:00:00+00:00,AE,United Arab Emirates,23.4241,53.8478,Subtropical Desert,28.53,Cumulus,0.1894,4.697,33.63,15.91,1016.58,0.5,5778.9
2026-07-29T05:00:00+00:00,AE,United Arab Emirates,23.4241,53.8478,Subtropical Desert,29.52,Cirrus,0.2753,1.389,34.99,13.59,1014.63,0.5,5609.1
2026-07-29T06:00:00+00:00,AE,United Arab Emirates,23.4241,53.8478,Subtropical Desert,34.17,Altocumulus,0.1632,4.473,32.54,17.44,1016.26,0.5,5859.4
2026-07-29T07:00:00+00:00,AE,United Arab Emirates,23.4241,53.8478,Subtropical Desert,28.03,Altocumulus,0.3234,1.131,29.28,16.04,1017.66,0.5,8425.0
2026-07-29T08:00:00+00:00,AE,United Arab Emirates,23.4241,53.8478,Subtropical Desert,36.94,Cumulus,0.1898,4.618,27.13,19.97,1015.94,0.5,7956.8
2026-07-29T09:00:00+00:00,AE,United Arab Emirates,23.4241,53.8478,Subtropical Desert,37.3,Cumulus,0.1927,3.59,26.08,17.52,1015.44,0.5,7149.1
2026-07-29T10:00:00+00:00,AE,United Arab Emirates,23.4241,53.8478,Subtropical Desert,33.76,Cumulus,0.3639,1.728,21.08,19.72,1017.76,0.5,5086.9
2026-07-29T11:00:00+00:00,AE,United Arab Emirates,23.4241,53.8478,Subtropical Desert,36.56,Altocumulus,0.3459,5.044,21.84,24.23,1013.66,0.5,6795.8
2026-07-29T12:00:00+00:00,AE,United Arab Emirates,23.4241,53.8478,Subtropical Desert,36.12,Cumulus,0.3392,1.393,23.42,23.24,1016.32,0.5,4791.8
2026-07-29T13:00:00+00:00,AE,United Arab Emirates,23.4241,53.8478,Subtropical Desert,32.2,Cumulus,0.2055,2.478,22.08,22.15,1017.15,0.5,5161.9
2026-07-29T14:00:00+00:00,AE,United Arab Emirates,23.4241,53.8478,Subtropical Desert,37.25,Cirrus,0.3372,3.927,25.05,21.53,1014.04,0.5,6009.0
2026-07-29T15:00:00+00:00,AE,United Arab Emirates,23.4241,53.8478,Subtropical Desert,35.88,Cumulus,0.2137,5.152,23.6,20.56,1014.49,0.5,5532.0
2026-07-29T16:00:00+00:00,AE,United Arab Emirates,23.4241,53.8478,Subtropical Desert,35.27,Cumulus,0.3232,4.901,27.17,18.18,1016.12,0.5,6478.7
2026-07-29T17:00:00+00:00,AE,United Arab Emirates,23.4241,53.8478,Subtropical Desert,38.86,Cirrus,0.3616,2.126,28.67,17.45,1014.72,0.5,8595.1
2026-07-29T18:00:00+00:00,AE,United Arab Emirates,23.4241,53.8478,Subtropical Desert,35.61,Cirrus,0.2056,5.042,31.41,17.04,1017.48,0.5,8161.5
2026-07-29T19:00:00+00:00,AE,United Arab Emirates,23.4241,53.8478,Subtropical Desert,36.89,Cumulus,0.3583,4.389,30.96,15.25,1014.51,0.5,8357.4
2026-07-29T20:00:00+00:00,AE,United Arab Emirates,23.4241,53.8478,Subtropical Desert,42.08,Altocumulus,0.2447,2.295,32.0,13.93,1015.04,0.5,6940.6
2026-07-29T21:00:00+00:00,AE,United Arab Emirates,23.4241,53.8478,Subtropical Desert,41.35,Cirrus,0.2302,2.808,34.14,13.65,1015.72,0.5,6765.6
2026-07-29T22:00:00+00:00,AE,United Arab Emirates,23.4241,53.8478,Subtropical Desert,41.12,Altocumulus,0.2173,5.378,35.72,12.33,1015.25,0.5,3740.9
2026-07-29T23:00:00+00:00,AE,United Arab Emirates,23.4241,53.8478,Subtropical Desert,36.9,Cirrus,0.3444,1.999,36.44,12.77,1015.1,0.5,4191.3
2026-07-30T00:00:00+00:00,AE,United Arab Emirates,23.4241,53.8478,Subtropical Desert,45.69,Altocumulus,0.2408,2.13,33.32,12.54,1013.42,0.5,6309.0
2026-07-30T01:00:00+00:00,AE,United Arab Emirates,23.4241,53.8478,Subtropical Desert,39.34,Cumulus,0.2687,2.892,36.8,9.55,1013.75,0.5,6456.9
2026-07-30T02:00:00+00:00,AE,United Arab Emirates,23.4241,53.8478,Subtropical Desert,41.69,Cumulus,0.2952,2.539,34.83,14.1,1012.78,0.5,8226.2
2026-07-30T03:00:00+00:00,AE,United Arab Emirates,23.4241,53.8478,Subtropical Desert,41.11,Cirrus,0.1851,2.817,33.46,12.6,1017.9,0.5,6454.8
2026-07-30T04:00:00+00:00,AE,United Arab Emirates,23.4241,53.8478,Subtropical Desert,37.77,Cumulus,0.2907,2.311,36.0,13.53,1016.9,0.5,3709.5
2026-07-30T05:00:00+00:00,AE,United Arab Emirates,23.4241,53.8478,Subtropical Desert,40.03,Cumulus,0.3063,5.925,28.77,15.73,1016.3,0.5,7227.2
2026-07-30T06:00:00+00:00,AE,United Arab Emirates,23.4241,53.8478,Subtropical Desert,44.1,Cirrus,0.2819,1.366,28.52,19.49,1014.71,0.5,7736.7
2026-07-30T07:00:00+00:00,AE,United Arab Emirates,23.4241,53.8478,Subtropical Desert,39.19,Cirrus,0.3574,5.374,25.53,17.58,1015.28,0.5,4456.1
2026-07-30T08:00:00+00:00,AE,United Arab Emirates,23.4241,53.8478,Subtropical Desert,34.6,Cumulus,0.2701,4.475,22.98,20.71,1014.46,0.5,7186.6
2026-07-30T09:00:00+00:00,AE,United Arab Emirates,23.4241,53.8478,Subtropical Desert,31.3,Altocumulus,0.1921,3.233,26.67,20.02,1015.73,0.5,8293.8
2026-07-30T10:00:00+00:00,AE,United Arab Emirates,23.4241,53.8478,Subtropical Desert,32.93,Cirrus,0.2712,5.476,26.57,19.79,1015.47,0.5,8005.1
2026-07-30T11:00:00+00:00,AE,United Arab Emirates,23.4241,53.8478,Subtropical Desert,34.47,Cirrus,0.371,3.279,24.79,25.16,1015.63,0.5,7414.3
2026-07-30T12:00:00+00:00,AE,United Arab Emirates,23.4241,53.8478,Subtropical Desert,25.63,Altocumulus,0.3497,2.106,19.59,22.13,1015.7,0.5,7163.8
2026-07-30T13:00:00+00:00,AE,United Arab Emirates,23.4241,53.8478,Subtropical Desert,37.29,Cirrus,0.1827,1.66,24.13,22.58,1015.38,0.5,4563.8
2026-07-30T14:00:00+00:00,AE,United Arab Emirates,23.4241,53.8478,Subtropical Desert,28.98,Cirrus,0.3473,5.631,20.56,19.56,1016.72,0.5,4136.6
2026-07-30T15:00:00+00:00,AE,United Arab Emirates,23.4241,53.8478,Subtropical Desert,26.96,Cirrus,0.1757,4.045,25.61,19.66,1015.46,0.5,8378.5
2026-07-30T16:00:00+00:00,AE,United Arab Emirates,23.4241,53.8478,Subtropical Desert,32.25,Cirrus,0.2004,2.524,26.12,18.06,1015.81,0.5,6471.9
2026-07-30T17:00:00+00:00,AE,United Arab Emirates,23.4241,53.8478,Subtropical Desert,21.8,Cumulus,0.1677,1.303,30.16,17.16,1015.01,0.5,8415.6
2026-07-30T18:00:00+00:00,AE,United Arab Emirates,23.4241,53.8478,Subtropical Desert,24.28,Altocumulus,0.3034,5.431,32.66,17.87,1020.49,0.5,5257.0
2026-07-30T19:00:00+00:00,AE,United Arab Emirates,23.4241,53.8478,Subtropical Desert,19.25,Cirrus,0.2408,1.544,34.92,17.4,1017.71,0.5,3914.5
2026-07-30T20:00:00+00:00,AE,United Arab Emirates,23.4241,53.8478,Subtropical Desert,26.58,Cumulus,0.2809,2.215,35.74,14.62,1019.41,0.5,6465.9
2026-07-30T21:00:00+00:00,AE,United Arab Emirates,23.4241,53.8478,Subtropical Desert,25.26,Altocumulus,0.2191,3.312,36.57,15.3,1017.25,0.5,7997.9
2026-07-30T22:00:00+00:00,AE,United Arab Emirates,23.4241,53.8478,Subtropical Desert,16.9,Altocumulus,0.3082,1.234,35.79,12.55,1016.04,0.5,5592.4
2026-07-30T23:00:00+00:00,AE,United Arab Emirates,23.4241,53.8478,Subtropical Desert,17.55,Cirrus,0.354,4.829,39.62,10.69,1018.58,0.5,4902.3
