timestamp,country_code,country_name,latitude,longitude,climate_zone,cloud_cover_pct,cloud_type,satellite_reflectance,optical_depth,humidity_pct,temperature_c,pressure_hpa,wind_speed_ms,cloud_base_altitude_m
2026-07-01T00:00:00+00:00,AR,Argentina,-38.4161,-63.6167,Temperate / Subtropical,64.68,Altocumulus,0.6152,16.388,64.46,8.69,1011.66,0.5,2988.0
2026-07-01T01:00:00+00:00,AR,Argentina,-38.4161,-63.6167,Temperate / Subtropical,53.98,Stratocumulus,0.476,5.895,67.59,7.1,1011.53,0.5,1695.4
2026-07-01T02:00:00+00:00,AR,Argentina,-38.4161,-63.6167,Temperate / Subtropical,60.97,Stratocumulus,0.5011,16.922,71.23,7.92,1012.57,0.5,1601.1
2026-07-01T03:00:00+00:00,AR,Argentina,-38.4161,-63.6167,Temperate / Subtropical,62.31,Stratocumulus,0.4141,11.302,70.49,10.44,1009.23,0.5,1171.9
2026-07-01T04:00:00+00:00,AR,Argentina,-38.4161,-63.6167,Temperate / Subtropical,56.4,Altocumulus,0.5959,9.882,62.94,9.36,1013.47,0.5,2141.7
2026-07-01T05:00:00+00:00,AR,Argentina,-38.4161,-63.6167,Temperate / Subtropical,60.84,Altocumulus,0.4832,17.072,59.79,10.84,1008.39,0.5,1383.7
2026-07-01T06:00:00+00:00,AR,Argentina,-38.4161,-63.6167,Temperate / Subtropical,58.78,Cumulus,0.5405,14.381,59.41,8.93,1012.0,0.5,2576.3
2026-07-01T07:00:00+00:00,AR,Argentina,-38.4161,-63.6167,Temperate / Subtropical,61.57,Stratocumulus,0.5111,11.781,55.64,13.1,1013.38,0.5,1538.0
2026-07-01T08:00:00+00:00,AR,Argentina,-38.4161,-63.6167,Temperate / Subtropical,56.37,Cumulus,0.4039,5.245,55.79,14.58,1010.76,0.5,2374.9
2026-07-01T09:00:00+00:00,AR,Argentina,-38.4161,-63.6167,Temperate / Subtropical,66.0,Stratocumulus,0.5763,16.069,51.79,15.03,1010.93,0.5,2420.3
2026-07-01T10:00:00+00:00,AR,Argentina,-38.4161,-63.6167,Temperate / Subtropical,62.24,Stratocumulus,0.5412,17.233,53.83,15.16,1009.51,0.5,1771.3
2026-07-01T11:00:00+00:00,AR,Argentina,-38.4161,-63.6167,Temperate / Subtropical,70.15,Cumulus,0.5682,17.744,51.6,15.99,1009.16,0.5,1797.3
2026-07-01T12:00:00+00:00,AR,Argentina,-38.4161,-63.6167,Temperate / Subtropical,70.06,Stratocumulus,0.5756,11.676,52.92,17.06,1009.28,0.5,2981.1
2026-07-01T13:00:00+00:00,AR,Argentina,-38.4161,-63.6167,Temperate / Subtropical,70.21,Stratocumulus,0.3761,7.916,51.53,19.06,1009.5,0.5,1731.5
2026-07-01T14:00:00+00:00,AR,Argentina,-38.4161,-63.6167,Temperate / Subtropical,66.53,Cumulus,0.394,11.266,49.25,17.08,1009.84,0.5,2756.3
2026-07-01T15:00:00+00:00,AR,Argentina,-38.4161,-63.6167,Temperate / Subtropical,58.39,Stratocumulus,0.4515,12.987,56.32,16.72,1011.01,0.5,2390.3
2026-07-01T16:00:00+00:00,AR,Argentina,-38.4161,-63.6167,Temperate / Subtropical,71.43,Altocumulus,0.5544,15.273,56.0,14.84,1008.44,0.5,1432.0
2026-07-01T17:00:00+00:00,AR,Argentina,-38.4161,-63.6167,Temperate / Subtropical,72.0,Stratocumulus,0.6406,12.583,65.71,14.79,1009.53,0.5,2864.6
2026-07-01T18:00:00+00:00,AR,Argentina,-38.4161,-63.6167,Temperate / Subtropical,71.7,Cumulus,0.4151,6.1,58.13,11.38,1010.78,0.5,2072.1
2026-07-01T19:00:00+00:00,AR,Argentina,-38.4161,-63.6167,Temperate / Subtropical,66.96,Altocumulus,0.5382,15.366,62.19,9.05,1010.05,0.5,1645.3
2026-07-01T20:00:00+00:00,AR,Argentina,-38.4161,-63.6167,Temperate / Subtropical,71.12,Stratocumulus,0.4566,14.819,60.79,10.91,1009.81,0.5,2412.2
2026-07-01T21:00:00+00:00,AR,Argentina,-38.4161,-63.6167,Temperate / Subtropical,74.51,Cumulus,0.6492,15.448,65.75,8.15,1007.79,0.5,1505.8
2026-07-01T22:00:00+00:00,AR,Argentina,-38.4161,-63.6167,Temperate / Subtropical,68.62,Altocumulus,0.39,14.503,63.23,6.73,1011.96,0.5,2286.6
2026-07-01T23:00:00+00:00,AR,Argentina,-38.4161,-63.6167,Temperate / Subtropical,61.52,Stratocumulus,0.4806,16.812,61.15,7.42,1011.02,0.5,1244.3
2026-07-02T00:00:00+00:00,AR,Argentina,-38.4161,-63.6167,Temperate / Subtropical,59.64,Cumulus,0.4828,7.528,66.34,6.06,1010.85,0.5,1905.9
2026-07-02T01:00:00+00:00,AR,Argentina,-38.4161,-63.6167,Temperate / Subtropical,62.23,Cumulus,0.6453,17.696,70.62,5.94,1009.48,0.5,1279.4
2026-07-02T02:00:00+00:00,AR,Argentina,-38.4161,-63.6167,Temperate / Subtropical,66.24,Stratocumulus,0.5979,10.55,70.78,5.46,1013.5,0.5,2789.7
2026-07-02T03:00:00+00:00,AR,Argentina,-38.4161,-63.6167,Temperate / Subtropical,64.45,Cumulus,0.6497,6.365,71.49,7.98,1010.43,0.5,1446.0
2026-07-02T04:00:00+00:00,AR,Argentina,-38.4161,-63.6167,Temperate / Subtropical,57.83,Stratocumulus,0.4196,6.351,63.77,13.26,1014.19,0.5,1789.3
2026-07-02T05:00:00+00:00,AR,Argentina,-38.4161,-63.6167,Temperate / Subtropical,57.88,Altocumulus,0.5009,13.304,63.67,10.9,1012.0,0.5,2040.1
2026-07-02T06:00:00+00:00,AR,Argentina,-38.4161,-63.6167,Temperate / Subtropical,65.37,Cumulus,0.5764,5.336,60.53,12.89,1009.35,0.5,2129.9
2026-07-02T07:00:00+00:00,AR,Argentina,-38.4161,-63.6167,Temperate / Subtropical,56.49,Cumulus,0.6316,17.538,61.0,14.8,1010.48,0.5,2807.9
2026-07-02T08:00:00+00:00,AR,Argentina,-38.4161,-63.6167,Temperate / Subtropical,61.34,Stratocumulus,0.596,13.107,56.48,13.94,1010.01,0.5,2848.1
2026-07-02T09:00:00+00:00,AR,Argentina,-38.4161,-63.6167,Temperate / Subtropical,61.59,Altocumulus,0.4659,10.811,54.87,15.96,1010.71,0.5,2456.0
2026-07-02T10:00:00+00:00,AR,Argentina,-38.4161,-63.6167,Temperate / Subtropical,40.96,Cirrus,0.2243,3.139,53.18,16.62,1014.49,0.5,7775.7
2026-07-02T11:00:00+00:00,AR,Argentina,-38.4161,-63.6167,Temperate / Subtropical,52.69,Stratocumulus,0.4207,15.567,55.17,16.69,1011.48,0.5,1335.9
2026-07-02T12:00:00+00:00,AR,Argentina,-38.4161,-63.6167,Temperate / Subtropical,59.85,Altocumulus,0.5345,5.156,50.35,20.53,1013.27,0.5,2021.5
2026-07-02T13:00:00+00:00,AR,Argentina,-38.4161,-63.6167,Temperate / Subtropical,52.92,Stratocumulus,0.4532,7.565,53.19,17.67,1009.9,0.5,2945.9
2026-07-02T14:00:00+00:00,AR,Argentina,-38.4161,-63.6167,Temperate / Subtropical,38.03,Cirrus,0.2247,5.283,56.38,15.89,1015.16,0.5,8794.4
2026-07-02T15:00:00+00:00,AR,Argentina,-38.4161,-63.6167,Temperate / Subtropical,46.73,Cumulus,0.1623,3.975,56.97,15.08,1013.96,0.5,3717.0
2026-07-02T16:00:00+00:00,AR,Argentina,-38.4161,-63.6167,Temperate / Subtropical,54.16,Cumulus,0.6372,13.095,55.5,14.37,1011.08,0.5,2963.6
2026-07-02T17:00:00+00:00,AR,Argentina,-38.4161,-63.6167,Temperate / Subtropical,45.4,Cirrus,0.285,4.792,62.91,14.27,1015.91,0.5,3778.5
2026-07-02T18:00:00+00:00,AR,Argentina,-38.4161,-63.6167,Temperate / Subtropical,44.73,Cirrus,0.3553,3.616,59.51,11.43,1013.69,0.5,8369.3
2026-07-02T19:00:00+00:00,AR,Argentina,-38.4161,-63.6167,Temperate / Subtropical,40.88,Altocumulus,0.2984,5.679,62.88,8.8,1017.97,0.5,8079.6
2026-07-02T20:00:00+00:00,AR,Argentina,-38.4161,-63.6167,Temperate / Subtropical,38.91,Cumulus,0.2448,5.928,65.28,10.51,1013.76,0.5,4531.7
2026-07-02T21:00:00+00:00,AR,Argentina,-38.4161,-63.6167,Temperate / Subtropical,40.26,Altocumulus,0.254,3.695,64.95,10.22,1015.51,0.5,4716.5
2026-07-02T22:00:00+00:00,AR,Argentina,-38.4161,-63.6167,Temperate / Subtropical,35.29,Cirrus,0.2062,3.114,67.33,8.27,1013.97,0.5,3888.3
2026-07-02T23:00:00+00:00,AR,Argentina,-38.4161,-63.6167,Temperate / Subtropical,31.9,Altocumulus,0.3351,5.297,66.82,8.32,1015.56,0.5,4470.0
2026-07-03T00:00:00+00:00,AR,Argentina,-38.4161,-63.6167,Temperate / Subtropical,27.45,Cirrus,0.1862,3.982,71.17,8.78,1014.96,0.5,3736.0
2026-07-03T01:00:00+00:00,AR,Argentina,-38.4161,-63.6167,Temperate / Subtropical,31.05,Altocumulus,0.1934,3.251,65.68,7.35,1015.88,0.5,4503.7
2026-07-03T02:00:00+00:00,AR,Argentina,-38.4161,-63.6167,Temperate / Subtropical,28.84,Cirrus,0.3133,3.413,63.11,6.19,1018.29,0.5,3698.5
2026-07-03T03:00:00+00:00,AR,Argentina,-38.4161,-63.6167,Temperate / Subtropical,38.61,Altocumulus,0.3649,4.928,64.5,8.45,1013.57,0.5,4684.0
2026-07-03T04:00:00+00:00,AR,Argentina,-38.4161,-63.6167,Temperate / Subtropical,42.01,Altocumulus,0.357,2.433,63.06,9.83,1013.79,0.5,4234.9
2026-07-03T05:00:00+00:00,AR,Argentina,-38.4161,-63.6167,Temperate / Subtropical,35.54,Cumulus,0.2534,4.013,56.87,10.76,1015.19,0.5,5819.2
2026-07-03T06:00:00+00:00,AR,Argentina,-38.4161,-63.6167,Temperate / Subtropical,31.69,Altocumulus,0.3568,4.629,62.01,13.59,1018.26,0.5,4142.8
2026-07-03T07:00:00+00:00,AR,Argentina,-38.4161,-63.6167,Temperate / Subtropical,33.73,Cumulus,0.2665,3.092,54.57,14.91,1016.54,0.5,8416.4
2026-07-03T08:00:00+00:00,AR,Argentina,-38.4161,-63.6167,Temperate / Subtropical,34.96,Altocumulus,0.1735,1.004,51.75,15.61,1018.25,0.5,3984.3
2026-07-03T09:00:00+00:00,AR,Argentina,-38.4161,-63.6167,Temperate / Subtropical,28.86,Altocumulus,0.2409,3.105,52.33,16.65,1015.56,0.5,8792.9
2026-07-03T10:00:00+00:00,AR,Argentina,-38.4161,-63.6167,Temperate / Subtropical,32.37,Cumulus,0.351,5.772,50.08,14.69,1017.79,0.5,4320.6
2026-07-03T11:00:00+00:00,AR,Argentina,-38.4161,-63.6167,Temperate / Subtropical,35.07,Cirrus,0.286,4.873,54.83,15.95,1016.64,0.5,4269.1
2026-07-03T12:00:00+00:00,AR,Argentina,-38.4161,-63.6167,Temperate / Subtropical,27.68,Altocumulus,0.2587,5.576,53.59,16.08,1016.76,0.5,5875.6
2026-07-03T13:00:00+00:00,AR,Argentina,-38.4161,-63.6167,Temperate / Subtropical,30.14,Cirrus,0.1718,5.329,44.72,16.06,1017.02,0.5,3528.6
2026-07-03T14:00:00+00:00,AR,Argentina,-38.4161,-63.6167,Temperate / Subtropical,28.74,Altocumulus,0.2305,5.322,56.57,16.0,1014.78,0.5,6319.8
2026-07-03T15:00:00+00:00,AR,Argentina,-38.4161,-63.6167,Temperate / Subtropical,21.29,Cirrus,0.3525,2.734,57.83,15.96,1019.35,0.5,5282.1
2026-07-03T16:00:00+00:00,AR,Argentina,-38.4161,-63.6167,Temperate / Subtropical,22.76,Cirrus,0.3682,5.435,55.05,15.62,1019.51,0.5,4945.3
2026-07-03T17:00:00+00:00,AR,Argentina,-38.4161,-63.6167,Temperate / Subtropical,33.14,Altocumulus,0.1648,1.564,58.39,16.09,1014.29,0.5,6211.7
2026-07-03T18:00:00+00:00,AR,Argentina,-38.4161,-63.6167,Temperate / Subtropical,31.91,Cumulus,0.3078,1.339,59.57,12.85,1018.19,0.5,3920.7
2026-07-03T19:00:00+00:00,AR,Argentina,-38.4161,-63.6167,Temperate / Subtropical,31.44,Altocumulus,0.2804,1.396,65.48,10.18,1016.14,0.5,6367.5
2026-07-03T20:00:00+00:00,AR,Argentina,-38.4161,-63.6167,Temperate / Subtropical,45.13,Cumulus,0.2601,3.814,59.72,9.6,1011.89,0.5,5191.9
2026-07-03T21:00:00+00:00,AR,Argentina,-38.4161,-63.6167,Temperate / Subtropical,34.36,Cirrus,0.2696,5.791,61.14,9.44,1015.09,0.5,3928.0
2026-07-03T22:00:00+00:00,AR,Argentina,-38.4161,-63.6167,Temperate / Subtropical,36.32,Altocumulus,0.3272,2.869,64.29,6.49,1014.82,0.5,5214.6
2026-07-03T23:00:00+00:00,AR,Argentina,-38.4161,-63.6167,Temperate / Subtropical,35.02,Cumulus,0.2993,5.146,69.56,8.71,1016.52,0.5,4064.5
2026-07-04T00:00:00+00:00,AR,Argentina,-38.4161,-63.6167,Temperate / Subtropical,33.44,Cumulus,0.276,3.693,63.43,5.92,1013.73,0.5,3506.5
2026-07-04T01:00:00+00:00,AR,Argentina,-38.4161,-63.6167,Temperate / Subtropical,36.44,Altocumulus,0.2736,3.122,67.85,6.97,1015.48,0.5,8561.9
2026-07-04T02:00:00+00:00,AR,Argentina,-38.4161,-63.6167,Temperate / Subtropical,36.32,Cumulus,0.1504,3.291,71.07,7.45,1015.25,0.5,6678.5
2026-07-04T03:00:00+00:00,AR,Argentina,-38.4161,-63.6167,Temperate / Subtropical,42.42,Cirrus,0.2716,1.531,60.16,7.67,1014.24,0.5,4489.9
2026-07-04T04:00:00+00:00,AR,Argentina,-38.4161,-63.6167,Temperate / Subtropical,48.62,Altocumulus,0.2644,5.41,66.05,10.31,1015.67,0.5,5843.1
2026-07-04T05:00:00+00:00,AR,Argentina,-38.4161,-63.6167,Temperate / Subtropical,31.29,Altocumulus,0.1935,5.7,63.0,11.74,1017.52,0.5,5772.7
2026-07-04T06:00:00+00:00,AR,Argentina,-38.4161,-63.6167,Temperate / Subtropical,51.15,Cumulus,0.4304,11.491,56.91,11.49,1014.54,0.5,1992.2
2026-07-04T07:00:00+00:00,AR,Argentina,-38.4161,-63.6167,Temperate / Subtropical,42.94,Cumulus,0.2578,2.644,54.44,11.42,1014.14,0.5,5390.0
2026-07-04T08:00:00+00:00,AR,Argentina,-38.4161,-63.6167,Temperate / Subtropical,48.29,Cirrus,0.2587,4.358,52.93,15.5,1012.65,0.5,4650.7
2026-07-04T09:00:00+00:00,AR,Argentina,-38.4161,-63.6167,Temperate / Subtropical,47.63,Altocumulus,0.375,4.44,56.29,16.31,1014.65,0.5,8655.2
2026-07-04T10:00:00+00:00,AR,Argentina,-38.4161,-63.6167,Temperate / Subtropical,49.24,Cirrus,0.2952,3.89,53.77,16.95,1012.16,0.5,7047.6
2026-07-04T11:00:00+00:00,AR,Argentina,-38.4161,-63.6167,Temperate / Subtropical,49.32,Cumulus,0.3343,1.087,58.94,17.49,1011.64,0.5,7576.0
2026-07-04T12:00:00+00:00,AR,Argentina,-38.4161,-63.6167,Temperate / Subtropical,40.16,Cirrus,0.3762,5.076,54.62,17.48,1015.57,0.5,7437.3
2026-07-04T13:00:00+00:00,AR,Argentina,-38.4161,-63.6167,Temperate / Subtropical,52.59,Cumulus,0.4345,7.954,52.29,17.15,1013.32,0.5,2756.0
2026-07-04T14:00:00+00:00,AR,Argentina,-38.4161,-63.6167,Temperate / Subtropical,52.33,Stratocumulus,0.56,6.773,51.27,17.2,1015.57,0.5,2693.1
2026-07-04T15:00:00+00:00,AR,Argentina,-38.4161,-63.6167,Temperate / Subtropical,47.05,Cumulus,0.2507,1.44,54.68,16.02,1013.3,0.5,4675.5
2026-07-04T16:00:00+00:00,AR,Argentina,-38.4161,-63.6167,Temperate / Subtropical,48.43,Cirrus,0.1921,5.278,59.42,15.62,1013.16,0.5,4775.3
2026-07-04T17:00:00+00:00,AR,Argentina,-38.4161,-63.6167,Temperate / Subtropical,43.32,Cumulus,0.3234,4.885,61.31,13.82,1014.11,0.5,8315.4
2026-07-04T18:00:00+00:00,AR,Argentina,-38.4161,-63.6167,Temperate / Subtropical,59.49,Stratocumulus,0.6248,15.243,58.75,12.02,1012.75,0.5,2346.5
2026-07-04T19:00:00+00:00,AR,Argentina,-38.4161,-63.6167,Temperate / Subtropical,52.33,Stratocumulus,0.5625,13.071,59.87,10.92,1013.71,0.5,1557.1
2026-07-04T20:00:00+00:00,AR,Argentina,-38.4161,-63.6167,Temperate / Subtropical,55.21,Altocumulus,0.4325,6.252,63.22,11.6,1013.32,0.5,2889.1
2026-07-04T21:00:00+00:00,AR,Argentina,-38.4161,-63.6167,Temperate / Subtropical,43.4,Cumulus,0.1899,3.434,66.31,8.1,1013.15,0.5,8333.8
2026-07-04T22:00:00+00:00,AR,Argentina,-38.4161,-63.6167,Temperate / Subtropical,55.3,Cumulus,0.4988,5.105,65.24,8.23,1012.69,0.5,1283.7
2026-07-04T23:00:00+00:00,AR,Argentina,-38.4161,-63.6167,Temperate / Subtropical,42.98,Cumulus,0.2518,1.16,68.15,5.63,1013.23,0.5,6317.6
2026-07-05T00:00:00+00:00,AR,Argentina,-38.4161,-63.6167,Temperate / Subtropical,54.68,Cumulus,0.4054,17.296,71.71,6.6,1014.8,0.5,2619.3
2026-07-05T01:00:00+00:00,AR,Argentina,-38.4161,-63.6167,Temperate / Subtropical,49.36,Cirrus,0.2796,3.488,70.19,7.48,1010.68,0.5,7282.2
2026-07-05T02:00:00+00:00,AR,Argentina,-38.4161,-63.6167,Temperate / Subtropical,56.46,Stratocumulus,0.5666,5.424,65.14,7.72,1012.19,0.5,1061.1
2026-07-05T03:00:00+00:00,AR,Argentina,-38.4161,-63.6167,Temperate / Subtropical,50.36,Altocumulus,0.4061,12.888,64.44,10.7,1015.42,0.5,2034.3
2026-07-05T04:00:00+00:00,AR,Argentina,-38.4161,-63.6167,Temperate / Subtropical,53.14,Cumulus,0.5003,17.795,63.13,11.31,1011.77,0.5,1685.7
2026-07-05T05:00:00+00:00,AR,Argentina,-38.4161,-63.6167,Temperate / Subtropical,45.36,Altocumulus,0.1696,1.89,63.18,11.87,1014.76,0.5,5813.2
2026-07-05T06:00:00+00:00,AR,Argentina,-38.4161,-63.6167,Temperate / Subtropical,46.9,Altocumulus,0.3621,5.174,59.89,11.64,1013.88,0.5,3841.4
2026-07-05T07:00:00+00:00,AR,Argentina,-38.4161,-63.6167,Temperate / Subtropical,45.33,Cirrus,0.313,2.206,57.09,12.05,1015.12,0.5,8511.3
2026-07-05T08:00:00+00:00,AR,Argentina,-38.4161,-63.6167,Temperate / Subtropical,40.14,Cumulus,0.3497,1.244,55.09,13.55,1014.17,0.5,8674.3
2026-07-05T09:00:00+00:00,AR,Argentina,-38.4161,-63.6167,Temperate / Subtropical,48.58,Altocumulus,0.1836,5.366,49.55,16.78,1011.39,0.5,5800.5
2026-07-05T10:00:00+00:00,AR,Argentina,-38.4161,-63.6167,Temperate / Subtropical,34.92,Cumulus,0.2165,1.281,52.49,17.07,1012.29,0.5,5660.0
2026-07-05T11:00:00+00:00,AR,Argentina,-38.4161,-63.6167,Temperate / Subtropical,42.09,Cirrus,0.3564,2.569,50.04,16.31,1015.67,0.5,4429.4
2026-07-05T12:00:00+00:00,AR,Argentina,-38.4161,-63.6167,Temperate / Subtropical,43.43,Cirrus,0.1789,3.105,49.77,17.05,1014.44,0.5,7996.6
2026-07-05T13:00:00+00:00,AR,Argentina,-38.4161,-63.6167,Temperate / Subtropical,43.19,Altocumulus,0.2107,4.513,51.39,16.86,1017.28,0.5,4417.7
2026-07-05T14:00:00+00:00,AR,Argentina,-38.4161,-63.6167,Temperate / Subtropical,44.31,Altocumulus,0.328,1.245,49.58,17.03,1016.41,0.5,7668.4
2026-07-05T15:00:00+00:00,AR,Argentina,-38.4161,-63.6167,Temperate / Subtropical,40.4,Cirrus,0.2778,5.846,56.29,17.92,1015.17,0.5,8216.5
2026-07-05T16:00:00+00:00,AR,Argentina,-38.4161,-63.6167,Temperate / Subtropical,42.63,Altocumulus,0.2533,5.22,50.74,12.83,1014.27,0.5,8295.5
2026-07-05T17:00:00+00:00,AR,Argentina,-38.4161,-63.6167,Temperate / Subtropical,34.21,Cumulus,0.2256,5.52,58.04,12.58,1014.62,0.5,4950.1
2026-07-05T18:00:00+00:00,AR,Argentina,-38.4161,-63.6167,Temperate / Subtropical,37.91,Altocumulus,0.2089,3.198,54.64,11.28,1016.07,0.5,6227.3
2026-07-05T19:00:00+00:00,AR,Argentina,-38.4161,-63.6167,Temperate / Subtropical,38.5,Altocumulus,0.3666,3.427,60.59,10.37,1016.19,0.5,8396.6
2026-07-05T20:00:00+00:00,AR,Argentina,-38.4161,-63.6167,Temperate / Subtropical,32.11,Cumulus,0.3029,2.362,63.7,9.04,1014.68,0.5,6763.7
2026-07-05T21:00:00+00:00,AR,Argentina,-38.4161,-63.6167,Temperate / Subtropical,30.43,Cumulus,0.3757,5.523,66.37,7.86,1017.1,0.5,6539.7
2026-07-05T22:00:00+00:00,AR,Argentina,-38.4161,-63.6167,Temperate / Subtropical,31.17,Altocumulus,0.3336,1.047,59.49,6.95,1013.06,0.5,6545.3
2026-07-05T23:00:00+00:00,AR,Argentina,-38.4161,-63.6167,Temperate / Subtropical,28.34,Cirrus,0.2539,4.553,69.78,4.58,1018.94,0.5,7437.9
2026-07-06T00:00:00+00:00,AR,Argentina,-38.4161,-63.6167,Temperate / Subtropical,32.57,Cumulus,0.2175,4.408,68.19,8.93,1016.37,0.5,7020.6
2026-07-06T01:00:00+00:00,AR,Argentina,-38.4161,-63.6167,Temperate / Subtropical,23.43,Altocumulus,0.3075,2.0,70.29,7.67,1015.1,0.5,7358.3
2026-07-06T02:00:00+00:00,AR,Argentina,-38.4161,-63.6167,Temperate / Subtropical,15.5,Altocumulus,0.3626,2.054,64.85,8.97,1016.53,0.5,6328.3
2026-07-06T03:00:00+00:00,AR,Argentina,-38.4161,-63.6167,Temperate / Subtropical,26.55,Altocumulus,0.3348,4.072,63.93,8.85,1019.09,0.5,8337.2
2026-07-06T04:00:00+00:00,AR,Argentina,-38.4161,-63.6167,Temperate / Subtropical,24.98,Cirrus,0.2086,1.854,68.13,9.31,1017.51,0.5,5247.9
2026-07-06T05:00:00+00:00,AR,Argentina,-38.4161,-63.6167,Temperate / Subtropical,19.09,Altocumulus,0.2849,1.471,60.99,10.04,1018.64,0.5,4616.2
2026-07-06T06:00:00+00:00,AR,Argentina,-38.4161,-63.6167,Temperate / Subtropical,29.03,Cumulus,0.1777,1.838,61.7,13.71,1019.23,0.5,6473.8
2026-07-06T07:00:00+00:00,AR,Argentina,-38.4161,-63.6167,Temperate / Subtropical,29.71,Altocumulus,0.3295,1.945,58.62,13.99,1016.88,0.5,4867.0
2026-07-06T08:00:00+00:00,AR,Argentina,-38.4161,-63.6167,Temperate / Subtropical,14.78,Clear,0.0539,0.55,54.31,15.3,1019.41,0.5,0
2026-07-06T09:00:00+00:00,AR,Argentina,-38.4161,-63.6167,Temperate / Subtropical,21.88,Cirrus,0.2678,4.626,56.62,15.74,1020.2,0.5,8660.6
2026-07-06T10:00:00+00:00,AR,Argentina,-38.4161,-63.6167,Temperate / Subtropical,15.92,Cirrus,0.2637,5.138,47.97,15.56,1018.93,0.5,6435.0
2026-07-06T11:00:00+00:00,AR,Argentina,-38.4161,-63.6167,Temperate / Subtropical,18.56,Cirrus,0.2945,5.968,54.18,16.82,1016.85,0.5,8013.0
2026-07-06T12:00:00+00:00,AR,Argentina,-38.4161,-63.6167,Temperate / Subtropical,21.88,Cumulus,0.24,4.17,51.62,16.4,1016.57,0.5,4077.2
2026-07-06T13:00:00+00:00,AR,Argentina,-38.4161,-63.6167,Temperate / Subtropical,21.72,Cirrus,0.256,5.159,50.4,17.01,1017.59,0.5,8872.6
2026-07-06T14:00:00+00:00,AR,Argentina,-38.4161,-63.6167,Temperate / Subtropical,17.16,Cumulus,0.3482,3.275,54.21,14.09,1018.82,0.5,3580.4
2026-07-06T15:00:00+00:00,AR,Argentina,-38.4161,-63.6167,Temperate / Subtropical,21.71,Cumulus,0.2214,4.095,55.95,15.69,1018.86,0.5,8709.8
2026-07-06T16:00:00+00:00,AR,Argentina,-38.4161,-63.6167,Temperate / Subtropical,18.47,Altocumulus,0.1742,5.202,59.59,13.67,1015.61,0.5,7773.2
2026-07-06T17:00:00+00:00,AR,Argentina,-38.4161,-63.6167,Temperate / Subtropical,20.55,Altocumulus,0.2565,5.413,58.55,13.45,1015.09,0.5,6182.7
2026-07-06T18:00:00+00:00,AR,Argentina,-38.4161,-63.6167,Temperate / Subtropical,20.73,Cirrus,0.1745,2.064,60.17,11.42,1020.05,0.5,4707.3
2026-07-06T19:00:00+00:00,AR,Argentina,-38.4161,-63.6167,Temperate / Subtropical,32.94,Cumulus,0.2698,5.6,63.59,10.76,1017.05,0.5,4130.9
2026-07-06T20:00:00+00:00,AR,Argentina,-38.4161,-63.6167,Temperate / Subtropical,25.92,Cumulus,0.3647,4.261,64.62,9.36,1015.68,0.5,6411.9
2026-07-06T21:00:00+00:00,AR,Argentina,-38.4161,-63.6167,Temperate / Subtropical,22.2,Cumulus,0.2793,1.594,66.31,10.01,1016.71,0.5,4587.2
2026-07-06T22:00:00+00:00,AR,Argentina,-38.4161,-63.6167,Temperate / Subtropical,38.99,Altocumulus,0.1567,4.975,65.92,7.02,1013.21,0.5,8947.5
2026-07-06T23:00:00+00:00,AR,Argentina,-38.4161,-63.6167,Temperate / Subtropical,23.47,Altocumulus,0.2892,4.226,67.13,6.08,1014.42,0.5,6093.8
2026-07-07T00:00:00+00:00,AR,Argentina,-38.4161,-63.6167,Temperate / Subtropical,28.95,Altocumulus,0.3065,5.284,64.08,7.01,1017.95,0.5,5280.2
2026-07-07T01:00:00+00:00,AR,Argentina,-38.4161,-63.6167,Temperate / Subtropical,29.91,Cirrus,0.2169,2.386,72.84,7.64,1017.7,0.5,5391.8
2026-07-07T02:00:00+00:00,AR,Argentina,-38.4161,-63.6167,Temperate / Subtropical,25.42,Cirrus,0.3645,5.218,66.81,9.01,1017.74,0.5,8427.6
2026-07-07T03:00:00+00:00,AR,Argentina,-38.4161,-63.6167,Temperate / Subtropical,39.28,Cumulus,0.2724,5.23,67.98,7.25,1013.21,0.5,6897.0
2026-07-07T04:00:00+00:00,AR,Argentina,-38.4161,-63.6167,Temperate / Subtropical,31.51,Altocumulus,0.1553,5.138,65.35,8.31,1018.9,0.5,8789.9
2026-07-07T05:00:00+00:00,AR,Argentina,-38.4161,-63.6167,Temperate / Subtropical,40.86,Altocumulus,0.1562,4.498,64.62,10.87,1014.83,0.5,7669.6
2026-07-07T06:00:00+00:00,AR,Argentina,-38.4161,-63.6167,Temperate / Subtropical,42.76,Altocumulus,0.1986,2.777,57.13,13.21,1014.28,0.5,7832.9
2026-07-07T07:00:00+00:00,AR,Argentina,-38.4161,-63.6167,Temperate / Subtropical,46.75,Cumulus,0.1569,1.904,61.71,11.94,1014.45,0.5,8183.2
2026-07-07T08:00:00+00:00,AR,Argentina,-38.4161,-63.6167,Temperate / Subtropical,43.2,Cumulus,0.2579,2.651,55.23,14.88,1013.87,0.5,8047.0
2026-07-07T09:00:00+00:00,AR,Argentina,-38.4161,-63.6167,Temperate / Subtropical,45.91,Cirrus,0.2593,4.009,53.18,16.97,1013.0,0.5,7664.6
2026-07-07T10:00:00+00:00,AR,Argentina,-38.4161,-63.6167,Temperate / Subtropical,47.51,Altocumulus,0.1829,3.604,51.5,15.99,1012.11,0.5,7645.0
2026-07-07T11:00:00+00:00,AR,Argentina,-38.4161,-63.6167,Temperate / Subtropical,36.59,Cirrus,0.2604,3.636,50.8,18.03,1014.54,0.5,5734.9
2026-07-07T12:00:00+00:00,AR,Argentina,-38.4161,-63.6167,Temperate / Subtropical,53.6,Stratocumulus,0.5914,11.476,54.75,16.76,1013.59,0.5,1927.3
2026-07-07T13:00:00+00:00,AR,Argentina,-38.4161,-63.6167,Temperate / Subtropical,49.62,Altocumulus,0.1576,5.346,53.13,18.5,1014.81,0.5,8041.3
2026-07-07T14:00:00+00:00,AR,Argentina,-38.4161,-63.6167,Temperate / Subtropical,50.67,Stratocumulus,0.4058,15.021,55.14,18.4,1012.49,0.5,2200.6
2026-07-07T15:00:00+00:00,AR,Argentina,-38.4161,-63.6167,Temperate / Subtropical,50.43,Stratocumulus,0.433,16.706,55.85,16.22,1016.06,0.5,2002.4
2026-07-07T16:00:00+00:00,AR,Argentina,-38.4161,-63.6167,Temperate / Subtropical,52.91,Stratocumulus,0.5497,12.619,55.11,13.07,1012.78,0.5,1717.2
2026-07-07T17:00:00+00:00,AR,Argentina,-38.4161,-63.6167,Temperate / Subtropical,49.33,Altocumulus,0.3241,3.977,58.77,15.31,1013.24,0.5,4565.8
2026-07-07T18:00:00+00:00,AR,Argentina,-38.4161,-63.6167,Temperate / Subtropical,56.78,Stratocumulus,0.4188,17.791,55.63,11.61,1009.02,0.5,2734.1
2026-07-07T19:00:00+00:00,AR,Argentina,-38.4161,-63.6167,Temperate / Subtropical,53.6,Cumulus,0.4444,16.985,67.23,11.26,1011.72,0.5,1147.1
2026-07-07T20:00:00+00:00,AR,Argentina,-38.4161,-63.6167,Temperate / Subtropical,55.59,Stratocumulus,0.5207,10.065,63.3,7.31,1011.39,0.5,1442.3
2026-07-07T21:00:00+00:00,AR,Argentina,-38.4161,-63.6167,Temperate / Subtropical,52.05,Cumulus,0.5388,7.2,67.42,8.14,1014.5,0.5,2123.2
2026-07-07T22:00:00+00:00,AR,Argentina,-38.4161,-63.6167,Temperate / Subtropical,56.69,Stratocumulus,0.5534,10.459,63.02,6.94,1014.46,0.5,2828.2
2026-07-07T23:00:00+00:00,AR,Argentina,-38.4161,-63.6167,Temperate / Subtropical,56.95,Cumulus,0.5199,7.44,66.12,6.13,1011.61,0.5,2594.3
2026-07-08T00:00:00+00:00,AR,Argentina,-38.4161,-63.6167,Temperate / Subtropical,62.08,Cumulus,0.6268,16.787,68.76,6.27,1010.39,0.5,2764.8
2026-07-08T01:00:00+00:00,AR,Argentina,-38.4161,-63.6167,Temperate / Subtropical,61.25,Cumulus,0.4093,8.56,68.96,8.31,1014.31,0.5,2232.8
2026-07-08T02:00:00+00:00,AR,Argentina,-38.4161,-63.6167,Temperate / Subtropical,47.21,Cumulus,0.1717,4.197,72.46,10.13,1014.05,0.5,7961.9
2026-07-08T03:00:00+00:00,AR,Argentina,-38.4161,-63.6167,Temperate / Subtropical,59.49,Stratocumulus,0.4777,13.473,65.11,7.16,1014.5,0.5,2006.5
2026-07-08T04:00:00+00:00,AR,Argentina,-38.4161,-63.6167,Temperate / Subtropical,55.3,Stratocumulus,0.4725,12.941,64.1,11.56,1012.04,0.5,1811.1
2026-07-08T05:00:00+00:00,AR,Argentina,-38.4161,-63.6167,Temperate / Subtropical,61.34,Altocumulus,0.4778,7.131,61.89,9.37,1012.5,0.5,1299.4
2026-07-08T06:00:00+00:00,AR,Argentina,-38.4161,-63.6167,Temperate / Subtropical,69.01,Cumulus,0.4396,6.932,58.71,11.51,1010.56,0.5,1253.8
2026-07-08T07:00:00+00:00,AR,Argentina,-38.4161,-63.6167,Temperate / Subtropical,65.09,Altocumulus,0.6019,14.219,60.99,16.14,1013.43,0.5,1791.4
2026-07-08T08:00:00+00:00,AR,Argentina,-38.4161,-63.6167,Temperate / Subtropical,64.43,Stratocumulus,0.543,10.37,57.57,12.68,1009.36,0.5,2184.6
2026-07-08T09:00:00+00:00,AR,Argentina,-38.4161,-63.6167,Temperate / Subtropical,55.18,Altocumulus,0.5601,8.242,53.01,15.67,1013.45,0.5,2873.5
2026-07-08T10:00:00+00:00,AR,Argentina,-38.4161,-63.6167,Temperate / Subtropical,57.59,Cumulus,0.6327,6.772,57.42,17.45,1011.48,0.5,2026.7
2026-07-08T11:00:00+00:00,AR,Argentina,-38.4161,-63.6167,Temperate / Subtropical,51.6,Cumulus,0.564,17.786,55.93,16.71,1013.19,0.5,2969.7
2026-07-08T12:00:00+00:00,AR,Argentina,-38.4161,-63.6167,Temperate / Subtropical,57.58,Stratocumulus,0.415,16.667,58.34,17.16,1014.86,0.5,2732.5
2026-07-08T13:00:00+00:00,AR,Argentina,-38.4161,-63.6167,Temperate / Subtropical,46.94,Altocumulus,0.2635,4.147,52.46,17.9,1011.53,0.5,7001.5
2026-07-08T14:00:00+00:00,AR,Argentina,-38.4161,-63.6167,Temperate / Subtropical,57.89,Altocumulus,0.4242,9.935,52.68,16.18,1011.18,0.5,1581.9
2026-07-08T15:00:00+00:00,AR,Argentina,-38.4161,-63.6167,Temperate / Subtropical,52.15,Altocumulus,0.5165,13.04,53.28,14.91,1013.12,0.5,2547.7
2026-07-08T16:00:00+00:00,AR,Argentina,-38.4161,-63.6167,Temperate / Subtropical,51.9,Cumulus,0.5834,7.032,54.59,14.34,1013.08,0.5,1183.2
2026-07-08T17:00:00+00:00,AR,Argentina,-38.4161,-63.6167,Temperate / Subtropical,50.66,Cumulus,0.3903,14.767,53.54,12.84,1014.26,0.5,1495.1
2026-07-08T18:00:00+00:00,AR,Argentina,-38.4161,-63.6167,Temperate / Subtropical,55.99,Stratocumulus,0.5418,10.455,51.51,13.7,1012.06,0.5,1281.8
2026-07-08T19:00:00+00:00,AR,Argentina,-38.4161,-63.6167,Temperate / Subtropical,58.51,Cumulus,0.5791,17.012,61.91,9.73,1011.87,0.5,1643.8
2026-07-08T20:00:00+00:00,AR,Argentina,-38.4161,-63.6167,Temperate / Subtropical,48.6,Cumulus,0.2954,3.835,57.37,8.98,1013.04,0.5,3748.1
2026-07-08T21:00:00+00:00,AR,Argentina,-38.4161,-63.6167,Temperate / Subtropical,58.56,Cumulus,0.5997,17.199,67.4,9.88,1011.74,0.5,1590.9
2026-07-08T22:00:00+00:00,AR,Argentina,-38.4161,-63.6167,Temperate / Subtropical,53.44,Cumulus,0.3974,13.473,68.1,6.63,1010.34,0.5,1608.0
2026-07-08T23:00:00+00:00,AR,Argentina,-38.4161,-63.6167,Temperate / Subtropical,39.73,Altocumulus,0.3059,1.725,67.67,8.18,1016.18,0.5,7867.3
2026-07-09T00:00:00+00:00,AR,Argentina,-38.4161,-63.6167,Temperate / Subtropical,45.28,Cirrus,0.196,3.614,68.88,5.85,1013.52,0.5,3589.9
2026-07-09T01:00:00+00:00,AR,Argentina,-38.4161,-63.6167,Temperate / Subtropical,54.89,Altocumulus,0.3613,17.023,64.44,7.79,1011.24,0.5,2887.0
2026-07-09T02:00:00+00:00,AR,Argentina,-38.4161,-63.6167,Temperate / Subtropical,40.47,Cumulus,0.2555,4.376,66.68,7.63,1013.99,0.5,8941.0
2026-07-09T03:00:00+00:00,AR,Argentina,-38.4161,-63.6167,Temperate / Subtropical,51.75,Cumulus,0.4528,9.38,70.51,8.18,1013.32,0.5,2745.1
2026-07-09T04:00:00+00:00,AR,Argentina,-38.4161,-63.6167,Temperate / Subtropical,43.48,Cirrus,0.1838,1.385,65.06,11.47,1012.43,0.5,4364.6
2026-07-09T05:00:00+00:00,AR,Argentina,-38.4161,-63.6167,Temperate / Subtropical,45.6,Cumulus,0.2296,2.858,63.71,12.54,1015.56,0.5,5382.9
2026-07-09T06:00:00+00:00,AR,Argentina,-38.4161,-63.6167,Temperate / Subtropical,42.85,Cirrus,0.3562,1.432,64.52,9.64,1014.19,0.5,7148.3
2026-07-09T07:00:00+00:00,AR,Argentina,-38.4161,-63.6167,Temperate / Subtropical,37.19,Altocumulus,0.2882,4.775,57.59,13.37,1014.97,0.5,6167.4
2026-07-09T08:00:00+00:00,AR,Argentina,-38.4161,-63.6167,Temperate / Subtropical,42.28,Altocumulus,0.3344,5.624,61.42,14.29,1013.66,0.5,7234.2
2026-07-09T09:00:00+00:00,AR,Argentina,-38.4161,-63.6167,Temperate / Subtropical,30.59,Cirrus,0.1844,1.765,55.53,16.6,1017.2,0.5,8225.0
2026-07-09T10:00:00+00:00,AR,Argentina,-38.4161,-63.6167,Temperate / Subtropical,39.03,Cumulus,0.199,4.068,56.08,16.02,1014.64,0.5,3727.9
2026-07-09T11:00:00+00:00,AR,Argentina,-38.4161,-63.6167,Temperate / Subtropical,42.01,Cumulus,0.2818,5.192,52.93,16.83,1017.67,0.5,3810.0
2026-07-09T12:00:00+00:00,AR,Argentina,-38.4161,-63.6167,Temperate / Subtropical,40.62,Altocumulus,0.2085,4.9,53.9,18.36,1012.97,0.5,4313.9
2026-07-09T13:00:00+00:00,AR,Argentina,-38.4161,-63.6167,Temperate / Subtropical,39.59,Cumulus,0.3545,5.538,52.45,17.49,1014.56,0.5,5772.1
2026-07-09T14:00:00+00:00,AR,Argentina,-38.4161,-63.6167,Temperate / Subtropical,37.65,Altocumulus,0.3613,2.659,53.08,16.24,1017.16,0.5,6956.7
2026-07-09T15:00:00+00:00,AR,Argentina,-38.4161,-63.6167,Temperate / Subtropical,36.58,Cirrus,0.2922,4.959,54.16,15.0,1013.91,0.5,5896.7
2026-07-09T16:00:00+00:00,AR,Argentina,-38.4161,-63.6167,Temperate / Subtropical,31.95,Altocumulus,0.2853,1.278,57.0,16.03,1016.37,0.5,6237.9
2026-07-09T17:00:00+00:00,AR,Argentina,-38.4161,-63.6167,Temperate / Subtropical,33.98,Cirrus,0.3642,1.774,54.57,13.2,1016.72,0.5,6057.8
2026-07-09T18:00:00+00:00,AR,Argentina,-38.4161,-63.6167,Temperate / Subtropical,45.73,Cumulus,0.2084,4.243,59.65,12.52,1013.78,0.5,5253.8
2026-07-09T19:00:00+00:00,AR,Argentina,-38.4161,-63.6167,Temperate / Subtropical,42.05,Altocumulus,0.2303,5.128,62.13,12.93,1013.27,0.5,7079.0
2026-07-09T20:00:00+00:00,AR,Argentina,-38.4161,-63.6167,Temperate / Subtropical,35.83,Cirrus,0.3473,1.701,66.27,10.48,1015.06,0.5,7562.4
2026-07-09T21:00:00+00:00,AR,Argentina,-38.4161,-63.6167,Temperate / Subtropical,37.89,Cumulus,0.1726,4.372,63.1,8.23,1014.6,0.5,7978.4
2026-07-09T22:00:00+00:00,AR,Argentina,-38.4161,-63.6167,Temperate / Subtropical,49.21,Altocumulus,0.3144,4.538,64.81,8.34,1014.21,0.5,7693.3
2026-07-09T23:00:00+00:00,AR,Argentina,-38.4161,-63.6167,Temperate / Subtropical,41.19,Cumulus,0.3343,4.187,63.12,7.45,1015.41,0.5,7284.5
2026-07-10T00:00:00+00:00,AR,Argentina,-38.4161,-63.6167,Temperate / Subtropical,39.87,Cirrus,0.2287,4.259,66.54,7.77,1013.91,0.5,6405.2
2026-07-10T01:00:00+00:00,AR,Argentina,-38.4161,-63.6167,Temperate / Subtropical,36.51,Cumulus,0.2023,3.873,62.93,6.06,1016.17,0.5,8898.5
2026-07-10T02:00:00+00:00,AR,Argentina,-38.4161,-63.6167,Temperate / Subtropical,45.0,Cirrus,0.298,4.352,70.24,6.57,1014.01,0.5,8484.8
2026-07-10T03:00:00+00:00,AR,Argentina,-38.4161,-63.6167,Temperate / Subtropical,43.44,Cumulus,0.2172,3.737,59.93,10.21,1013.41,0.5,7402.3
2026-07-10T04:00:00+00:00,AR,Argentina,-38.4161,-63.6167,Temperate / Subtropical,42.26,Cumulus,0.3303,3.055,62.59,11.71,1017.93,0.5,6233.8
2026-07-10T05:00:00+00:00,AR,Argentina,-38.4161,-63.6167,Temperate / Subtropical,58.1,Stratocumulus,0.442,13.642,58.63,10.41,1011.67,0.5,1125.3
2026-07-10T06:00:00+00:00,AR,Argentina,-38.4161,-63.6167,Temperate / Subtropical,53.85,Cumulus,0.4681,8.473,60.72,11.84,1009.02,0.5,2178.4
2026-07-10T07:00:00+00:00,AR,Argentina,-38.4161,-63.6167,Temperate / Subtropical,59.44,Altocumulus,0.5444,5.517,61.8,14.72,1014.27,0.5,1515.5
2026-07-10T08:00:00+00:00,AR,Argentina,-38.4161,-63.6167,Temperate / Subtropical,55.24,Altocumulus,0.3959,9.519,54.68,14.0,1010.41,0.5,1961.4
2026-07-10T09:00:00+00:00,AR,Argentina,-38.4161,-63.6167,Temperate / Subtropical,49.82,Cumulus,0.288,2.254,56.48,16.7,1013.01,0.5,6952.4
2026-07-10T10:00:00+00:00,AR,Argentina,-38.4161,-63.6167,Temperate / Subtropical,54.3,Cumulus,0.5628,11.344,55.0,17.38,1014.06,0.5,2748.4
2026-07-10T11:00:00+00:00,AR,Argentina,-38.4161,-63.6167,Temperate / Subtropical,68.39,Cumulus,0.4822,11.413,49.35,17.29,1011.73,0.5,1769.9
2026-07-10T12:00:00+00:00,AR,Argentina,-38.4161,-63.6167,Temperate / Subtropical,59.81,Altocumulus,0.6383,11.548,54.45,18.05,1011.48,0.5,1182.8
2026-07-10T13:00:00+00:00,AR,Argentina,-38.4161,-63.6167,Temperate / Subtropical,56.06,Cumulus,0.4522,11.025,50.3,18.67,1013.21,0.5,1158.2
2026-07-10T14:00:00+00:00,AR,Argentina,-38.4161,-63.6167,Temperate / Subtropical,58.63,Cumulus,0.5122,8.07,51.81,16.72,1010.38,0.5,2778.7
2026-07-10T15:00:00+00:00,AR,Argentina,-38.4161,-63.6167,Temperate / Subtropical,61.57,Altocumulus,0.6154,11.463,54.93,15.96,1011.84,0.5,1973.1
2026-07-10T16:00:00+00:00,AR,Argentina,-38.4161,-63.6167,Temperate / Subtropical,56.95,Altocumulus,0.5349,15.193,51.14,14.65,1014.95,0.5,2002.9
2026-07-10T17:00:00+00:00,AR,Argentina,-38.4161,-63.6167,Temperate / Subtropical,58.47,Cumulus,0.4843,12.209,60.85,12.66,1015.0,0.5,1612.9
2026-07-10T18:00:00+00:00,AR,Argentina,-38.4161,-63.6167,Temperate / Subtropical,52.62,Altocumulus,0.4465,17.684,60.79,15.04,1014.0,0.5,2752.4
2026-07-10T19:00:00+00:00,AR,Argentina,-38.4161,-63.6167,Temperate / Subtropical,66.96,Cumulus,0.5324,17.386,56.8,13.11,1011.49,0.5,2681.9
2026-07-10T20:00:00+00:00,AR,Argentina,-38.4161,-63.6167,Temperate / Subtropical,62.7,Stratocumulus,0.4791,15.144,60.26,11.12,1012.43,0.5,2736.2
2026-07-10T21:00:00+00:00,AR,Argentina,-38.4161,-63.6167,Temperate / Subtropical,54.14,Stratocumulus,0.5588,8.429,67.71,8.74,1011.01,0.5,1684.2
2026-07-10T22:00:00+00:00,AR,Argentina,-38.4161,-63.6167,Temperate / Subtropical,71.0,Cumulus,0.4712,8.22,66.78,7.44,1010.64,0.5,1793.8
2026-07-10T23:00:00+00:00,AR,Argentina,-38.4161,-63.6167,Temperate / Subtropical,72.97,Altocumulus,0.4134,14.953,66.64,7.68,1010.67,0.5,2533.7
2026-07-11T00:00:00+00:00,AR,Argentina,-38.4161,-63.6167,Temperate / Subtropical,66.89,Stratocumulus,0.3833,8.471,67.96,7.36,1010.3,0.5,2335.6
2026-07-11T01:00:00+00:00,AR,Argentina,-38.4161,-63.6167,Temperate / Subtropical,67.7,Altocumulus,0.4488,17.729,68.55,7.17,1009.88,0.5,1268.3
2026-07-11T02:00:00+00:00,AR,Argentina,-38.4161,-63.6167,Temperate / Subtropical,63.14,Stratocumulus,0.5641,7.574,66.34,7.63,1010.05,0.5,1841.7
2026-07-11T03:00:00+00:00,AR,Argentina,-38.4161,-63.6167,Temperate / Subtropical,69.81,Cumulus,0.3717,5.987,63.47,8.09,1009.05,0.5,1561.6
2026-07-11T04:00:00+00:00,AR,Argentina,-38.4161,-63.6167,Temperate / Subtropical,70.8,Cumulus,0.5638,9.664,65.3,9.39,1009.54,0.5,2383.1
2026-07-11T05:00:00+00:00,AR,Argentina,-38.4161,-63.6167,Temperate / Subtropical,66.96,Altocumulus,0.4835,13.653,58.53,10.89,1012.71,0.5,1877.8
2026-07-11T06:00:00+00:00,AR,Argentina,-38.4161,-63.6167,Temperate / Subtropical,70.43,Altocumulus,0.4693,9.312,59.12,11.88,1012.05,0.5,2837.7
2026-07-11T07:00:00+00:00,AR,Argentina,-38.4161,-63.6167,Temperate / Subtropical,69.29,Altocumulus,0.638,14.699,58.58,13.06,1011.3,0.5,1050.1
2026-07-11T08:00:00+00:00,AR,Argentina,-38.4161,-63.6167,Temperate / Subtropical,71.66,Altocumulus,0.4632,13.438,55.03,14.3,1008.7,0.5,1821.9
2026-07-11T09:00:00+00:00,AR,Argentina,-38.4161,-63.6167,Temperate / Subtropical,68.05,Altocumulus,0.4676,15.962,56.4,16.31,1009.7,0.5,1232.1
2026-07-11T10:00:00+00:00,AR,Argentina,-38.4161,-63.6167,Temperate / Subtropical,68.42,Cumulus,0.4337,16.511,54.28,16.35,1012.45,0.5,2612.8
2026-07-11T11:00:00+00:00,AR,Argentina,-38.4161,-63.6167,Temperate / Subtropical,67.66,Cumulus,0.3729,17.886,54.83,15.76,1007.6,0.5,1187.6
2026-07-11T12:00:00+00:00,AR,Argentina,-38.4161,-63.6167,Temperate / Subtropical,67.04,Cumulus,0.4098,10.429,57.5,17.95,1012.29,0.5,1843.2
2026-07-11T13:00:00+00:00,AR,Argentina,-38.4161,-63.6167,Temperate / Subtropical,63.35,Stratocumulus,0.4373,8.326,48.57,16.71,1011.75,0.5,1188.6
2026-07-11T14:00:00+00:00,AR,Argentina,-38.4161,-63.6167,Temperate / Subtropical,59.72,Altocumulus,0.4495,10.322,56.59,19.47,1013.41,0.5,1584.2
2026-07-11T15:00:00+00:00,AR,Argentina,-38.4161,-63.6167,Temperate / Subtropical,55.96,Cumulus,0.4991,15.419,52.42,15.67,1012.43,0.5,2314.4
2026-07-11T16:00:00+00:00,AR,Argentina,-38.4161,-63.6167,Temperate / Subtropical,63.69,Cumulus,0.5575,13.487,57.15,13.14,1011.84,0.5,1555.2
2026-07-11T17:00:00+00:00,AR,Argentina,-38.4161,-63.6167,Temperate / Subtropical,60.07,Altocumulus,0.3694,8.183,55.31,13.71,1011.14,0.5,1614.2
2026-07-11T18:00:00+00:00,AR,Argentina,-38.4161,-63.6167,Temperate / Subtropical,62.66,Cumulus,0.4174,17.824,59.0,11.76,1011.47,0.5,1815.7
2026-07-11T19:00:00+00:00,AR,Argentina,-38.4161,-63.6167,Temperate / Subtropical,53.12,Stratocumulus,0.5109,10.401,65.14,10.43,1012.71,0.5,2452.2
2026-07-11T20:00:00+00:00,AR,Argentina,-38.4161,-63.6167,Temperate / Subtropical,58.22,Altocumulus,0.4252,17.63,69.01,8.12,1013.43,0.5,2257.7
2026-07-11T21:00:00+00:00,AR,Argentina,-38.4161,-63.6167,Temperate / Subtropical,60.5,Altocumulus,0.4737,12.871,67.96,10.07,1014.41,0.5,1165.3
2026-07-11T22:00:00+00:00,AR,Argentina,-38.4161,-63.6167,Temperate / Subtropical,51.35,Stratocumulus,0.4852,10.939,61.4,8.14,1011.02,0.5,1859.1
2026-07-11T23:00:00+00:00,AR,Argentina,-38.4161,-63.6167,Temperate / Subtropical,44.57,Cumulus,0.3144,2.805,67.47,7.22,1012.31,0.5,6983.6
2026-07-12T00:00:00+00:00,AR,Argentina,-38.4161,-63.6167,Temperate / Subtropical,52.7,Stratocumulus,0.3859,9.487,68.98,7.75,1012.26,0.5,2482.7
2026-07-12T01:00:00+00:00,AR,Argentina,-38.4161,-63.6167,Temperate / Subtropical,39.91,Altocumulus,0.3531,4.625,66.32,7.39,1014.94,0.5,5165.5
2026-07-12T02:00:00+00:00,AR,Argentina,-38.4161,-63.6167,Temperate / Subtropical,47.64,Cumulus,0.3026,5.185,66.26,5.05,1010.75,0.5,7162.4
2026-07-12T03:00:00+00:00,AR,Argentina,-38.4161,-63.6167,Temperate / Subtropical,43.96,Cumulus,0.2834,5.45,62.34,7.77,1014.21,0.5,8658.0
2026-07-12T04:00:00+00:00,AR,Argentina,-38.4161,-63.6167,Temperate / Subtropical,44.33,Cumulus,0.3499,1.85,63.41,7.26,1012.86,0.5,5535.5
2026-07-12T05:00:00+00:00,AR,Argentina,-38.4161,-63.6167,Temperate / Subtropical,36.43,Altocumulus,0.2124,5.249,64.41,10.15,1014.77,0.5,8866.8
2026-07-12T06:00:00+00:00,AR,Argentina,-38.4161,-63.6167,Temperate / Subtropical,36.05,Cumulus,0.37,3.691,57.18,14.21,1014.3,0.5,5412.7
2026-07-12T07:00:00+00:00,AR,Argentina,-38.4161,-63.6167,Temperate / Subtropical,29.24,Cumulus,0.3346,1.837,60.92,14.23,1017.06,0.5,3649.2
2026-07-12T08:00:00+00:00,AR,Argentina,-38.4161,-63.6167,Temperate / Subtropical,38.86,Cirrus,0.3425,4.131,58.42,15.62,1015.53,0.5,7947.9
2026-07-12T09:00:00+00:00,AR,Argentina,-38.4161,-63.6167,Temperate / Subtropical,35.14,Cirrus,0.2955,5.804,50.33,16.97,1017.34,0.5,7873.9
2026-07-12T10:00:00+00:00,AR,Argentina,-38.4161,-63.6167,Temperate / Subtropical,30.25,Cirrus,0.1755,2.681,53.17,17.64,1016.0,0.5,7309.2
2026-07-12T11:00:00+00:00,AR,Argentina,-38.4161,-63.6167,Temperate / Subtropical,44.68,Cirrus,0.2366,1.949,51.34,19.33,1013.47,0.5,3603.5
2026-07-12T12:00:00+00:00,AR,Argentina,-38.4161,-63.6167,Temperate / Subtropical,38.54,Cumulus,0.1992,1.429,56.08,17.81,1014.08,0.5,7313.8
2026-07-12T13:00:00+00:00,AR,Argentina,-38.4161,-63.6167,Temperate / Subtropical,27.03,Altocumulus,0.3023,5.757,56.85,16.43,1020.04,0.5,5016.7
2026-07-12T14:00:00+00:00,AR,Argentina,-38.4161,-63.6167,Temperate / Subtropical,32.33,Cumulus,0.3513,1.128,53.24,15.82,1014.93,0.5,7932.5
2026-07-12T15:00:00+00:00,AR,Argentina,-38.4161,-63.6167,Temperate / Subtropical,34.49,Cirrus,0.1582,1.452,53.65,15.55,1016.17,0.5,4573.8
2026-07-12T16:00:00+00:00,AR,Argentina,-38.4161,-63.6167,Temperate / Subtropical,27.2,Cumulus,0.3773,3.969,59.7,15.89,1016.65,0.5,7361.1
2026-07-12T17:00:00+00:00,AR,Argentina,-38.4161,-63.6167,Temperate / Subtropical,24.33,Cirrus,0.3045,5.811,54.6,12.78,1017.28,0.5,4781.0
2026-07-12T18:00:00+00:00,AR,Argentina,-38.4161,-63.6167,Temperate / Subtropical,22.93,Altocumulus,0.3088,2.994,59.36,12.1,1016.98,0.5,5253.2
2026-07-12T19:00:00+00:00,AR,Argentina,-38.4161,-63.6167,Temperate / Subtropical,26.28,Cirrus,0.1667,1.579,68.49,8.7,1015.98,0.5,7106.3
2026-07-12T20:00:00+00:00,AR,Argentina,-38.4161,-63.6167,Temperate / Subtropical,22.6,Cumulus,0.3287,4.11,60.89,10.52,1016.03,0.5,6079.4
2026-07-12T21:00:00+00:00,AR,Argentina,-38.4161,-63.6167,Temperate / Subtropical,27.23,Cumulus,0.307,2.289,61.29,9.39,1015.08,0.5,7607.7
2026-07-12T22:00:00+00:00,AR,Argentina,-38.4161,-63.6167,Temperate / Subtropical,30.45,Cirrus,0.1939,1.664,68.52,5.8,1017.7,0.5,5709.1
2026-07-12T23:00:00+00:00,AR,Argentina,-38.4161,-63.6167,Temperate / Subtropical,23.62,Cumulus,0.35,1.378,63.71,6.86,1018.55,0.5,7922.7
2026-07-13T00:00:00+00:00,AR,Argentina,-38.4161,-63.6167,Temperate / Subtropical,33.83,Altocumulus,0.2918,4.171,65.2,8.59,1014.51,0.5,8049.8
2026-07-13T01:00:00+00:00,AR,Argentina,-38.4161,-63.6167,Temperate / Subtropical,30.97,Altocumulus,0.3582,5.721,71.22,5.9,1014.05,0.5,5878.9
2026-07-13T02:00:00+00:00,AR,Argentina,-38.4161,-63.6167,Temperate / Subtropical,39.77,Cirrus,0.3496,3.868,63.22,9.04,1014.31,0.5,5737.3
2026-07-13T03:00:00+00:00,AR,Argentina,-38.4161,-63.6167,Temperate / Subtropical,37.01,Cirrus,0.3798,5.837,67.29,10.08,1018.3,0.5,5723.8
2026-07-13T04:00:00+00:00,AR,Argentina,-38.4161,-63.6167,Temperate / Subtropical,25.38,Cumulus,0.3171,3.951,67.06,9.73,1014.88,0.5,6467.2
2026-07-13T05:00:00+00:00,AR,Argentina,-38.4161,-63.6167,Temperate / Subtropical,37.39,Cirrus,0.2656,3.96,64.34,9.61,1017.5,0.5,6977.0
2026-07-13T06:00:00+00:00,AR,Argentina,-38.4161,-63.6167,Temperate / Subtropical,37.19,Altocumulus,0.3263,4.349,60.41,13.47,1012.56,0.5,4762.8
2026-07-13T07:00:00+00:00,AR,Argentina,-38.4161,-63.6167,Temperate / Subtropical,28.53,Altocumulus,0.1834,3.752,54.08,12.68,1016.67,0.5,8660.3
2026-07-13T08:00:00+00:00,AR,Argentina,-38.4161,-63.6167,Temperate / Subtropical,39.78,Cumulus,0.378,1.524,55.19,16.19,1015.24,0.5,7978.0
2026-07-13T09:00:00+00:00,AR,Argentina,-38.4161,-63.6167,Temperate / Subtropical,40.55,Cirrus,0.3501,2.139,52.59,12.84,1014.1,0.5,5293.0
2026-07-13T10:00:00+00:00,AR,Argentina,-38.4161,-63.6167,Temperate / Subtropical,37.06,Cirrus,0.3723,1.556,48.14,14.94,1017.2,0.5,5870.9
2026-07-13T11:00:00+00:00,AR,Argentina,-38.4161,-63.6167,Temperate / Subtropical,37.73,Cumulus,0.3466,4.512,51.95,18.08,1014.97,0.5,6427.4
2026-07-13T12:00:00+00:00,AR,Argentina,-38.4161,-63.6167,Temperate / Subtropical,36.66,Cumulus,0.3389,5.585,52.34,17.39,1017.66,0.5,3950.4
2026-07-13T13:00:00+00:00,AR,Argentina,-38.4161,-63.6167,Temperate / Subtropical,39.17,Cirrus,0.3566,1.862,51.39,18.23,1015.64,0.5,7410.9
2026-07-13T14:00:00+00:00,AR,Argentina,-38.4161,-63.6167,Temperate / Subtropical,40.94,Cirrus,0.3332,4.086,54.54,15.69,1015.68,0.5,5764.1
2026-07-13T15:00:00+00:00,AR,Argentina,-38.4161,-63.6167,Temperate / Subtropical,43.8,Cumulus,0.269,1.936,48.74,15.09,1013.15,0.5,4029.4
2026-07-13T16:00:00+00:00,AR,Argentina,-38.4161,-63.6167,Temperate / Subtropical,40.82,Cirrus,0.1996,1.253,57.74,16.16,1013.25,0.5,8417.6
2026-07-13T17:00:00+00:00,AR,Argentina,-38.4161,-63.6167,Temperate / Subtropical,51.75,Altocumulus,0.3632,10.941,58.84,14.31,1011.79,0.5,1100.0
2026-07-13T18:00:00+00:00,AR,Argentina,-38.4161,-63.6167,Temperate / Subtropical,44.71,Cirrus,0.1997,2.895,61.85,12.72,1012.78,0.5,5498.9
2026-07-13T19:00:00+00:00,AR,Argentina,-38.4161,-63.6167,Temperate / Subtropical,48.24,Altocumulus,0.2787,5.885,61.92,10.11,1019.16,0.5,4072.9
2026-07-13T20:00:00+00:00,AR,Argentina,-38.4161,-63.6167,Temperate / Subtropical,45.3,Cumulus,0.3306,4.002,69.01,9.84,1014.47,0.5,6197.3
2026-07-13T21:00:00+00:00,AR,Argentina,-38.4161,-63.6167,Temperate / Subtropical,39.45,Cumulus,0.2964,3.01,63.38,7.64,1015.17,0.5,6503.6
2026-07-13T22:00:00+00:00,AR,Argentina,-38.4161,-63.6167,Temperate / Subtropical,44.13,Altocumulus,0.3304,2.113,66.49,6.1,1013.79,0.5,4547.4
2026-07-13T23:00:00+00:00,AR,Argentina,-38.4161,-63.6167,Temperate / Subtropical,42.45,Altocumulus,0.1893,4.874,67.08,7.56,1014.13,0.5,6671.3
2026-07-14T00:00:00+00:00,AR,Argentina,-38.4161,-63.6167,Temperate / Subtropical,51.48,Stratocumulus,0.4559,9.512,67.71,6.93,1013.04,0.5,1471.8
2026-07-14T01:00:00+00:00,AR,Argentina,-38.4161,-63.6167,Temperate / Subtropical,48.76,Cirrus,0.1805,4.198,71.44,8.02,1012.6,0.5,4960.2
2026-07-14T02:00:00+00:00,AR,Argentina,-38.4161,-63.6167,Temperate / Subtropical,47.98,Cumulus,0.3784,2.515,69.14,7.09,1014.0,0.5,6769.2
2026-07-14T03:00:00+00:00,AR,Argentina,-38.4161,-63.6167,Temperate / Subtropical,48.86,Cumulus,0.324,4.658,64.42,8.31,1013.51,0.5,3727.1
2026-07-14T04:00:00+00:00,AR,Argentina,-38.4161,-63.6167,Temperate / Subtropical,57.06,Cumulus,0.4016,9.975,55.86,8.62,1012.77,0.5,2649.3
2026-07-14T05:00:00+00:00,AR,Argentina,-38.4161,-63.6167,Temperate / Subtropical,49.47,Cirrus,0.1851,5.055,62.34,11.32,1011.94,0.5,8364.2
2026-07-14T06:00:00+00:00,AR,Argentina,-38.4161,-63.6167,Temperate / Subtropical,47.13,Cirrus,0.1933,1.703,64.02,12.0,1014.84,0.5,4678.1
2026-07-14T07:00:00+00:00,AR,Argentina,-38.4161,-63.6167,Temperate / Subtropical,52.96,Altocumulus,0.4439,6.238,53.88,14.79,1015.01,0.5,1893.8
2026-07-14T08:00:00+00:00,AR,Argentina,-38.4161,-63.6167,Temperate / Subtropical,49.46,Altocumulus,0.1882,5.225,54.7,15.75,1011.53,0.5,4981.4
2026-07-14T09:00:00+00:00,AR,Argentina,-38.4161,-63.6167,Temperate / Subtropical,54.72,Cumulus,0.5091,9.234,57.3,14.72,1013.16,0.5,2060.1
2026-07-14T10:00:00+00:00,AR,Argentina,-38.4161,-63.6167,Temperate / Subtropical,47.48,Cirrus,0.2018,2.643,59.91,16.99,1012.94,0.5,5009.5
2026-07-14T11:00:00+00:00,AR,Argentina,-38.4161,-63.6167,Temperate / Subtropical,46.79,Cumulus,0.2686,4.147,54.72,15.4,1014.67,0.5,7522.8
2026-07-14T12:00:00+00:00,AR,Argentina,-38.4161,-63.6167,Temperate / Subtropical,53.01,Altocumulus,0.38,5.2,55.87,17.11,1013.43,0.5,1890.7
2026-07-14T13:00:00+00:00,AR,Argentina,-38.4161,-63.6167,Temperate / Subtropical,54.09,Stratocumulus,0.4574,14.375,47.12,17.29,1011.67,0.5,2173.6
2026-07-14T14:00:00+00:00,AR,Argentina,-38.4161,-63.6167,Temperate / Subtropical,49.33,Cumulus,0.2955,2.564,50.87,16.06,1011.45,0.5,5412.4
2026-07-14T15:00:00+00:00,AR,Argentina,-38.4161,-63.6167,Temperate / Subtropical,45.08,Cirrus,0.2202,4.563,54.55,17.16,1013.8,0.5,4433.6
2026-07-14T16:00:00+00:00,AR,Argentina,-38.4161,-63.6167,Temperate / Subtropical,52.9,Altocumulus,0.5015,7.048,57.17,14.56,1013.61,0.5,1803.5
2026-07-14T17:00:00+00:00,AR,Argentina,-38.4161,-63.6167,Temperate / Subtropical,47.84,Cumulus,0.1599,4.965,58.28,13.35,1013.89,0.5,3648.6
2026-07-14T18:00:00+00:00,AR,Argentina,-38.4161,-63.6167,Temperate / Subtropical,39.34,Cirrus,0.2414,5.334,61.06,12.49,1015.58,0.5,7068.7
2026-07-14T19:00:00+00:00,AR,Argentina,-38.4161,-63.6167,Temperate / Subtropical,45.91,Cirrus,0.3711,3.81,60.96,9.47,1014.97,0.5,7807.0
2026-07-14T20:00:00+00:00,AR,Argentina,-38.4161,-63.6167,Temperate / Subtropical,49.16,Cumulus,0.3269,4.78,60.08,8.34,1013.21,0.5,7141.8
2026-07-14T21:00:00+00:00,AR,Argentina,-38.4161,-63.6167,Temperate / Subtropical,44.37,Cirrus,0.3007,3.349,66.24,6.06,1013.65,0.5,8802.7
2026-07-14T22:00:00+00:00,AR,Argentina,-38.4161,-63.6167,Temperate / Subtropical,42.63,Cumulus,0.3332,3.161,69.34,9.88,1017.43,0.5,3721.4
2026-07-14T23:00:00+00:00,AR,Argentina,-38.4161,-63.6167,Temperate / Subtropical,36.41,Cirrus,0.2843,3.328,68.76,6.73,1014.6,0.5,6331.4
2026-07-15T00:00:00+00:00,AR,Argentina,-38.4161,-63.6167,Temperate / Subtropical,40.45,Altocumulus,0.3218,3.938,68.37,7.57,1013.86,0.5,4800.7
2026-07-15T01:00:00+00:00,AR,Argentina,-38.4161,-63.6167,Temperate / Subtropical,38.1,Cirrus,0.2459,5.935,67.95,6.96,1015.05,0.5,8755.3
2026-07-15T02:00:00+00:00,AR,Argentina,-38.4161,-63.6167,Temperate / Subtropical,30.53,Cumulus,0.3777,3.959,65.21,7.31,1019.23,0.5,8559.2
2026-07-15T03:00:00+00:00,AR,Argentina,-38.4161,-63.6167,Temperate / Subtropical,25.12,Altocumulus,0.1796,4.455,65.98,7.42,1019.33,0.5,5357.6
2026-07-15T04:00:00+00:00,AR,Argentina,-38.4161,-63.6167,Temperate / Subtropical,25.17,Cumulus,0.3561,1.293,64.97,9.94,1017.14,0.5,4162.1
2026-07-15T05:00:00+00:00,AR,Argentina,-38.4161,-63.6167,Temperate / Subtropical,35.28,Cumulus,0.2923,4.44,64.0,9.95,1014.13,0.5,6876.8
2026-07-15T06:00:00+00:00,AR,Argentina,-38.4161,-63.6167,Temperate / Subtropical,39.38,Altocumulus,0.1669,2.191,58.61,13.57,1013.67,0.5,6114.5
2026-07-15T07:00:00+00:00,AR,Argentina,-38.4161,-63.6167,Temperate / Subtropical,26.27,Altocumulus,0.2931,4.415,60.82,12.71,1019.55,0.5,6707.8
2026-07-15T08:00:00+00:00,AR,Argentina,-38.4161,-63.6167,Temperate / Subtropical,34.7,Cirrus,0.3704,5.223,55.74,15.27,1016.03,0.5,5177.7
2026-07-15T09:00:00+00:00,AR,Argentina,-38.4161,-63.6167,Temperate / Subtropical,30.84,Cumulus,0.3412,5.987,56.52,15.67,1015.19,0.5,3840.1
2026-07-15T10:00:00+00:00,AR,Argentina,-38.4161,-63.6167,Temperate / Subtropical,21.53,Cirrus,0.2593,2.581,57.21,16.89,1019.18,0.5,5552.4
2026-07-15T11:00:00+00:00,AR,Argentina,-38.4161,-63.6167,Temperate / Subtropical,28.36,Cumulus,0.2133,1.486,59.64,17.43,1018.02,0.5,5996.1
2026-07-15T12:00:00+00:00,AR,Argentina,-38.4161,-63.6167,Temperate / Subtropical,25.27,Cumulus,0.3154,3.614,53.6,18.66,1017.36,0.5,8882.1
2026-07-15T13:00:00+00:00,AR,Argentina,-38.4161,-63.6167,Temperate / Subtropical,35.71,Altocumulus,0.1809,3.488,52.38,18.2,1016.04,0.5,8916.2
2026-07-15T14:00:00+00:00,AR,Argentina,-38.4161,-63.6167,Temperate / Subtropical,26.12,Cirrus,0.3521,3.733,54.53,17.4,1017.85,0.5,5006.9
2026-07-15T15:00:00+00:00,AR,Argentina,-38.4161,-63.6167,Temperate / Subtropical,11.71,Clear,0.0615,0.59,55.79,16.49,1016.27,0.5,0
2026-07-15T16:00:00+00:00,AR,Argentina,-38.4161,-63.6167,Temperate / Subtropical,26.61,Cumulus,0.3768,1.243,58.12,14.79,1017.25,0.5,8386.4
2026-07-15T17:00:00+00:00,AR,Argentina,-38.4161,-63.6167,Temperate / Subtropical,29.97,Cirrus,0.2969,3.329,56.41,13.37,1015.18,0.5,6310.9
2026-07-15T18:00:00+00:00,AR,Argentina,-38.4161,-63.6167,Temperate / Subtropical,25.49,Cumulus,0.3405,4.799,63.67,12.28,1017.38,0.5,5374.0
2026-07-15T19:00:00+00:00,AR,Argentina,-38.4161,-63.6167,Temperate / Subtropical,16.61,Cumulus,0.363,4.36,58.08,10.16,1018.28,0.5,3666.3
2026-07-15T20:00:00+00:00,AR,Argentina,-38.4161,-63.6167,Temperate / Subtropical,22.15,Cirrus,0.1655,2.025,69.97,8.54,1016.64,0.5,3662.2
2026-07-15T21:00:00+00:00,AR,Argentina,-38.4161,-63.6167,Temperate / Subtropical,10.4,Clear,0.0201,0.436,64.02,6.78,1020.46,0.5,0
2026-07-15T22:00:00+00:00,AR,Argentina,-38.4161,-63.6167,Temperate / Subtropical,15.21,Cirrus,0.2914,3.583,65.77,9.21,1019.16,0.5,4531.0
2026-07-15T23:00:00+00:00,AR,Argentina,-38.4161,-63.6167,Temperate / Subtropical,18.23,Cirrus,0.3405,3.457,68.69,9.53,1018.26,0.5,4349.8
2026-07-16T00:00:00+00:00,AR,Argentina,-38.4161,-63.6167,Temperate / Subtropical,30.67,Cumulus,0.3291,2.974,70.12,8.1,1015.23,0.5,4783.9
2026-07-16T01:00:00+00:00,AR,Argentina,-38.4161,-63.6167,Temperate / Subtropical,16.64,Cirrus,0.2333,5.168,66.46,8.5,1021.73,0.5,5072.2
2026-07-16T02:00:00+00:00,AR,Argentina,-38.4161,-63.6167,Temperate / Subtropical,20.17,Cirrus,0.1858,3.537,65.5,6.13,1018.8,0.5,3642.3
2026-07-16T03:00:00+00:00,AR,Argentina,-38.4161,-63.6167,Temperate / Subtropical,23.46,Cirrus,0.3541,3.449,60.27,8.45,1017.38,0.5,7816.2
2026-07-16T04:00:00+00:00,AR,Argentina,-38.4161,-63.6167,Temperate / Subtropical,24.63,Cumulus,0.1897,2.627,60.3,9.37,1016.03,0.5,4075.2
2026-07-16T05:00:00+00:00,AR,Argentina,-38.4161,-63.6167,Temperate / Subtropical,23.46,Altocumulus,0.256,1.758,62.21,10.17,1017.04,0.5,7138.2
2026-07-16T06:00:00+00:00,AR,Argentina,-38.4161,-63.6167,Temperate / Subtropical,24.49,Cirrus,0.2397,4.591,59.75,11.84,1014.71,0.5,5767.0
2026-07-16T07:00:00+00:00,AR,Argentina,-38.4161,-63.6167,Temperate / Subtropical,19.86,Altocumulus,0.2983,2.067,60.07,10.65,1020.06,0.5,8851.3
2026-07-16T08:00:00+00:00,AR,Argentina,-38.4161,-63.6167,Temperate / Subtropical,33.81,Cirrus,0.1745,3.493,51.61,14.59,1015.1,0.5,5261.8
2026-07-16T09:00:00+00:00,AR,Argentina,-38.4161,-63.6167,Temperate / Subtropical,22.61,Altocumulus,0.3344,4.195,58.29,17.13,1018.36,0.5,7521.9
2026-07-16T10:00:00+00:00,AR,Argentina,-38.4161,-63.6167,Temperate / Subtropical,36.13,Cumulus,0.2061,1.767,53.61,17.52,1017.65,0.5,4701.0
2026-07-16T11:00:00+00:00,AR,Argentina,-38.4161,-63.6167,Temperate / Subtropical,22.26,Cumulus,0.3465,2.606,47.53,16.53,1017.06,0.5,4636.8
2026-07-16T12:00:00+00:00,AR,Argentina,-38.4161,-63.6167,Temperate / Subtropical,24.43,Cirrus,0.3584,2.045,55.67,16.52,1016.86,0.5,7989.1
2026-07-16T13:00:00+00:00,AR,Argentina,-38.4161,-63.6167,Temperate / Subtropical,32.7,Cirrus,0.2936,5.796,51.66,16.65,1016.0,0.5,6272.9
2026-07-16T14:00:00+00:00,AR,Argentina,-38.4161,-63.6167,Temperate / Subtropical,34.49,Altocumulus,0.3024,4.442,52.71,15.47,1014.39,0.5,8109.5
2026-07-16T15:00:00+00:00,AR,Argentina,-38.4161,-63.6167,Temperate / Subtropical,32.07,Cumulus,0.3698,1.901,52.47,17.49,1017.84,0.5,7479.4
2026-07-16T16:00:00+00:00,AR,Argentina,-38.4161,-63.6167,Temperate / Subtropical,38.56,Cirrus,0.3325,1.526,57.81,14.71,1014.86,0.5,4632.0
2026-07-16T17:00:00+00:00,AR,Argentina,-38.4161,-63.6167,Temperate / Subtropical,43.33,Cumulus,0.1653,4.772,56.24,13.98,1013.38,0.5,3741.1
2026-07-16T18:00:00+00:00,AR,Argentina,-38.4161,-63.6167,Temperate / Subtropical,44.7,Altocumulus,0.1582,2.961,58.42,11.29,1013.46,0.5,6711.7
2026-07-16T19:00:00+00:00,AR,Argentina,-38.4161,-63.6167,Temperate / Subtropical,42.11,Altocumulus,0.2011,5.766,59.89,10.12,1013.98,0.5,5107.1
2026-07-16T20:00:00+00:00,AR,Argentina,-38.4161,-63.6167,Temperate / Subtropical,51.64,Stratocumulus,0.5752,5.85,64.19,9.35,1008.95,0.5,2715.8
2026-07-16T21:00:00+00:00,AR,Argentina,-38.4161,-63.6167,Temperate / Subtropical,44.34,Altocumulus,0.3052,4.106,66.79,8.62,1016.57,0.5,7680.4
2026-07-16T22:00:00+00:00,AR,Argentina,-38.4161,-63.6167,Temperate / Subtropical,51.19,Altocumulus,0.5666,13.932,65.4,7.83,1013.01,0.5,2624.6
2026-07-16T23:00:00+00:00,AR,Argentina,-38.4161,-63.6167,Temperate / Subtropical,46.74,Cirrus,0.3164,4.935,60.78,5.92,1014.85,0.5,5056.7
2026-07-17T00:00:00+00:00,AR,Argentina,-38.4161,-63.6167,Temperate / Subtropical,50.9,Stratocumulus,0.6377,10.453,64.88,5.96,1015.15,0.5,1085.0
2026-07-17T01:00:00+00:00,AR,Argentina,-38.4161,-63.6167,Temperate / Subtropical,56.2,Cumulus,0.4299,12.204,65.94,6.74,1013.51,0.5,1388.3
2026-07-17T02:00:00+00:00,AR,Argentina,-38.4161,-63.6167,Temperate / Subtropical,58.74,Stratocumulus,0.3747,9.27,69.09,8.4,1013.28,0.5,1387.1
2026-07-17T03:00:00+00:00,AR,Argentina,-38.4161,-63.6167,Temperate / Subtropical,57.22,Cumulus,0.5943,5.176,68.84,8.07,1012.22,0.5,1555.4
2026-07-17T04:00:00+00:00,AR,Argentina,-38.4161,-63.6167,Temperate / Subtropical,50.95,Stratocumulus,0.6107,15.028,65.38,10.27,1013.6,0.5,1250.3
2026-07-17T05:00:00+00:00,AR,Argentina,-38.4161,-63.6167,Temperate / Subtropical,54.94,Altocumulus,0.3814,12.912,61.13,11.03,1013.16,0.5,1856.7
2026-07-17T06:00:00+00:00,AR,Argentina,-38.4161,-63.6167,Temperate / Subtropical,58.98,Cumulus,0.5384,17.121,61.13,9.52,1012.12,0.5,2834.4
2026-07-17T07:00:00+00:00,AR,Argentina,-38.4161,-63.6167,Temperate / Subtropical,57.85,Cumulus,0.5552,7.778,56.51,13.35,1012.27,0.5,2264.5
2026-07-17T08:00:00+00:00,AR,Argentina,-38.4161,-63.6167,Temperate / Subtropical,66.38,Stratocumulus,0.4439,7.695,59.43,12.4,1010.07,0.5,2834.8
2026-07-17T09:00:00+00:00,AR,Argentina,-38.4161,-63.6167,Temperate / Subtropical,64.14,Stratocumulus,0.483,12.036,51.41,15.44,1012.43,0.5,2509.9
2026-07-17T10:00:00+00:00,AR,Argentina,-38.4161,-63.6167,Temperate / Subtropical,64.29,Cumulus,0.3674,17.142,56.14,13.84,1013.47,0.5,2855.9
2026-07-17T11:00:00+00:00,AR,Argentina,-38.4161,-63.6167,Temperate / Subtropical,49.97,Altocumulus,0.1502,5.785,58.85,17.66,1012.11,0.5,8400.1
2026-07-17T12:00:00+00:00,AR,Argentina,-38.4161,-63.6167,Temperate / Subtropical,63.31,Altocumulus,0.4063,13.278,54.28,18.88,1010.19,0.5,2063.6
2026-07-17T13:00:00+00:00,AR,Argentina,-38.4161,-63.6167,Temperate / Subtropical,59.85,Altocumulus,0.5239,7.736,50.26,15.37,1013.29,0.5,2028.4
2026-07-17T14:00:00+00:00,AR,Argentina,-38.4161,-63.6167,Temperate / Subtropical,61.48,Altocumulus,0.5825,7.208,54.97,15.84,1010.15,0.5,2058.6
2026-07-17T15:00:00+00:00,AR,Argentina,-38.4161,-63.6167,Temperate / Subtropical,64.18,Stratocumulus,0.5907,13.847,54.85,15.7,1008.39,0.5,2559.9
2026-07-17T16:00:00+00:00,AR,Argentina,-38.4161,-63.6167,Temperate / Subtropical,75.95,Stratocumulus,0.5011,16.474,53.04,15.35,1012.2,0.5,2921.8
2026-07-17T17:00:00+00:00,AR,Argentina,-38.4161,-63.6167,Temperate / Subtropical,49.94,Cumulus,0.3518,5.832,62.5,11.67,1013.97,0.5,7957.2
2026-07-17T18:00:00+00:00,AR,Argentina,-38.4161,-63.6167,Temperate / Subtropical,59.48,Altocumulus,0.5935,12.135,59.83,11.77,1011.75,0.5,1696.4
2026-07-17T19:00:00+00:00,AR,Argentina,-38.4161,-63.6167,Temperate / Subtropical,60.47,Stratocumulus,0.452,15.867,61.28,12.09,1012.58,0.5,2008.3
2026-07-17T20:00:00+00:00,AR,Argentina,-38.4161,-63.6167,Temperate / Subtropical,55.15,Stratocumulus,0.5783,7.484,62.17,9.76,1011.77,0.5,1916.7
2026-07-17T21:00:00+00:00,AR,Argentina,-38.4161,-63.6167,Temperate / Subtropical,58.41,Cumulus,0.3936,16.884,64.75,8.06,1010.09,0.5,2184.2
2026-07-17T22:00:00+00:00,AR,Argentina,-38.4161,-63.6167,Temperate / Subtropical,52.85,Stratocumulus,0.3585,12.693,66.05,7.04,1012.72,0.5,2789.6
2026-07-17T23:00:00+00:00,AR,Argentina,-38.4161,-63.6167,Temperate / Subtropical,65.97,Stratocumulus,0.5612,16.976,68.78,8.23,1009.93,0.5,1220.0
2026-07-18T00:00:00+00:00,AR,Argentina,-38.4161,-63.6167,Temperate / Subtropical,54.99,Cumulus,0.6193,13.049,70.35,6.98,1015.4,0.5,1500.0
2026-07-18T01:00:00+00:00,AR,Argentina,-38.4161,-63.6167,Temperate / Subtropical,61.3,Stratocumulus,0.5101,9.856,69.57,7.0,1009.48,0.5,2742.3
2026-07-18T02:00:00+00:00,AR,Argentina,-38.4161,-63.6167,Temperate / Subtropical,53.4,Altocumulus,0.3857,9.581,71.03,7.42,1010.51,0.5,2998.1
2026-07-18T03:00:00+00:00,AR,Argentina,-38.4161,-63.6167,Temperate / Subtropical,65.65,Cumulus,0.4563,17.424,67.89,8.46,1009.09,0.5,1278.3
2026-07-18T04:00:00+00:00,AR,Argentina,-38.4161,-63.6167,Temperate / Subtropical,51.57,Cumulus,0.527,9.869,69.33,12.03,1011.83,0.5,2754.9
2026-07-18T05:00:00+00:00,AR,Argentina,-38.4161,-63.6167,Temperate / Subtropical,54.11,Altocumulus,0.35,7.699,60.02,10.46,1015.21,0.5,1084.0
2026-07-18T06:00:00+00:00,AR,Argentina,-38.4161,-63.6167,Temperate / Subtropical,58.34,Altocumulus,0.4395,7.942,61.68,12.8,1011.88,0.5,2434.8
2026-07-18T07:00:00+00:00,AR,Argentina,-38.4161,-63.6167,Temperate / Subtropical,50.63,Altocumulus,0.4759,8.14,57.16,14.03,1014.81,0.5,1144.1
2026-07-18T08:00:00+00:00,AR,Argentina,-38.4161,-63.6167,Temperate / Subtropical,45.77,Cirrus,0.3795,2.285,57.92,15.1,1013.29,0.5,5251.5
2026-07-18T09:00:00+00:00,AR,Argentina,-38.4161,-63.6167,Temperate / Subtropical,52.0,Altocumulus,0.5622,10.393,52.99,17.33,1011.42,0.5,2427.1
2026-07-18T10:00:00+00:00,AR,Argentina,-38.4161,-63.6167,Temperate / Subtropical,49.73,Cirrus,0.2008,3.089,57.75,15.53,1014.31,0.5,4503.6
2026-07-18T11:00:00+00:00,AR,Argentina,-38.4161,-63.6167,Temperate / Subtropical,48.5,Cumulus,0.2032,3.321,50.97,15.78,1013.64,0.5,6849.0
2026-07-18T12:00:00+00:00,AR,Argentina,-38.4161,-63.6167,Temperate / Subtropical,42.02,Cumulus,0.3743,2.456,51.26,18.65,1015.57,0.5,5823.6
2026-07-18T13:00:00+00:00,AR,Argentina,-38.4161,-63.6167,Temperate / Subtropical,45.55,Cirrus,0.2761,1.461,53.35,17.1,1015.03,0.5,7830.4
2026-07-18T14:00:00+00:00,AR,Argentina,-38.4161,-63.6167,Temperate / Subtropical,39.82,Altocumulus,0.1985,4.367,56.34,15.75,1015.53,0.5,5911.7
2026-07-18T15:00:00+00:00,AR,Argentina,-38.4161,-63.6167,Temperate / Subtropical,48.03,Cumulus,0.2295,3.58,51.08,13.54,1015.46,0.5,5718.3
2026-07-18T16:00:00+00:00,AR,Argentina,-38.4161,-63.6167,Temperate / Subtropical,39.41,Cirrus,0.1543,4.924,53.92,14.01,1016.99,0.5,6459.8
2026-07-18T17:00:00+00:00,AR,Argentina,-38.4161,-63.6167,Temperate / Subtropical,35.67,Cumulus,0.2078,5.411,60.54,11.88,1016.31,0.5,7791.5
2026-07-18T18:00:00+00:00,AR,Argentina,-38.4161,-63.6167,Temperate / Subtropical,45.01,Cumulus,0.3403,3.913,53.19,10.83,1014.1,0.5,5140.6
2026-07-18T19:00:00+00:00,AR,Argentina,-38.4161,-63.6167,Temperate / Subtropical,45.7,Cirrus,0.3415,5.518,61.31,10.75,1011.51,0.5,7871.5
2026-07-18T20:00:00+00:00,AR,Argentina,-38.4161,-63.6167,Temperate / Subtropical,38.72,Cirrus,0.156,4.816,62.8,10.24,1015.01,0.5,6676.0
2026-07-18T21:00:00+00:00,AR,Argentina,-38.4161,-63.6167,Temperate / Subtropical,37.45,Cirrus,0.2254,4.388,69.09,6.64,1015.82,0.5,6048.8
2026-07-18T22:00:00+00:00,AR,Argentina,-38.4161,-63.6167,Temperate / Subtropical,40.73,Cumulus,0.1513,1.828,63.4,7.49,1016.15,0.5,5400.3
2026-07-18T23:00:00+00:00,AR,Argentina,-38.4161,-63.6167,Temperate / Subtropical,38.42,Cirrus,0.2164,5.488,69.39,6.44,1017.13,0.5,6316.9
2026-07-19T00:00:00+00:00,AR,Argentina,-38.4161,-63.6167,Temperate / Subtropical,38.28,Cumulus,0.2865,3.317,69.35,7.78,1012.84,0.5,3704.1
2026-07-19T01:00:00+00:00,AR,Argentina,-38.4161,-63.6167,Temperate / Subtropical,35.3,Cirrus,0.1532,3.11,71.18,6.6,1014.88,0.5,6579.0
2026-07-19T02:00:00+00:00,AR,Argentina,-38.4161,-63.6167,Temperate / Subtropical,39.12,Cirrus,0.3653,4.965,63.17,8.77,1014.32,0.5,7839.9
2026-07-19T03:00:00+00:00,AR,Argentina,-38.4161,-63.6167,Temperate / Subtropical,32.53,Cumulus,0.2604,5.836,64.41,7.96,1013.59,0.5,3940.3
2026-07-19T04:00:00+00:00,AR,Argentina,-38.4161,-63.6167,Temperate / Subtropical,37.08,Altocumulus,0.3643,5.169,64.51,9.59,1015.53,0.5,5682.6
2026-07-19T05:00:00+00:00,AR,Argentina,-38.4161,-63.6167,Temperate / Subtropical,37.17,Altocumulus,0.285,5.967,58.68,10.51,1016.41,0.5,7523.0
2026-07-19T06:00:00+00:00,AR,Argentina,-38.4161,-63.6167,Temperate / Subtropical,42.24,Cumulus,0.2717,4.005,61.89,11.88,1013.27,0.5,5830.4
2026-07-19T07:00:00+00:00,AR,Argentina,-38.4161,-63.6167,Temperate / Subtropical,44.02,Cumulus,0.1882,3.51,52.65,14.44,1013.2,0.5,5071.8
2026-07-19T08:00:00+00:00,AR,Argentina,-38.4161,-63.6167,Temperate / Subtropical,46.8,Cumulus,0.1792,3.696,55.48,11.49,1014.44,0.5,8225.0
2026-07-19T09:00:00+00:00,AR,Argentina,-38.4161,-63.6167,Temperate / Subtropical,44.64,Cirrus,0.2606,3.195,59.09,16.05,1013.78,0.5,5987.6
2026-07-19T10:00:00+00:00,AR,Argentina,-38.4161,-63.6167,Temperate / Subtropical,49.47,Cirrus,0.2872,4.08,59.06,15.17,1014.75,0.5,3539.7
2026-07-19T11:00:00+00:00,AR,Argentina,-38.4161,-63.6167,Temperate / Subtropical,43.73,Cumulus,0.2742,3.922,49.98,16.89,1013.59,0.5,6601.0
2026-07-19T12:00:00+00:00,AR,Argentina,-38.4161,-63.6167,Temperate / Subtropical,52.73,Stratocumulus,0.3758,12.151,54.21,15.35,1012.28,0.5,2135.1
2026-07-19T13:00:00+00:00,AR,Argentina,-38.4161,-63.6167,Temperate / Subtropical,34.87,Altocumulus,0.2165,2.69,54.6,16.65,1013.0,0.5,4910.0
2026-07-19T14:00:00+00:00,AR,Argentina,-38.4161,-63.6167,Temperate / Subtropical,40.42,Cirrus,0.3528,4.107,56.13,13.84,1012.27,0.5,6496.6
2026-07-19T15:00:00+00:00,AR,Argentina,-38.4161,-63.6167,Temperate / Subtropical,47.74,Cumulus,0.2987,1.705,52.88,13.06,1010.54,0.5,6258.9
2026-07-19T16:00:00+00:00,AR,Argentina,-38.4161,-63.6167,Temperate / Subtropical,43.88,Cirrus,0.2624,1.478,59.09,12.76,1015.03,0.5,5316.6
2026-07-19T17:00:00+00:00,AR,Argentina,-38.4161,-63.6167,Temperate / Subtropical,53.98,Cumulus,0.5598,17.565,52.35,13.28,1013.25,0.5,1569.1
2026-07-19T18:00:00+00:00,AR,Argentina,-38.4161,-63.6167,Temperate / Subtropical,44.62,Cirrus,0.2716,4.833,60.2,12.75,1013.95,0.5,6464.7
2026-07-19T19:00:00+00:00,AR,Argentina,-38.4161,-63.6167,Temperate / Subtropical,57.39,Altocumulus,0.5226,6.051,62.09,11.82,1014.85,0.5,1861.5
2026-07-19T20:00:00+00:00,AR,Argentina,-38.4161,-63.6167,Temperate / Subtropical,54.07,Stratocumulus,0.4572,15.505,58.03,9.16,1012.46,0.5,2616.1
2026-07-19T21:00:00+00:00,AR,Argentina,-38.4161,-63.6167,Temperate / Subtropical,56.99,Cumulus,0.608,7.851,68.25,9.8,1011.51,0.5,1076.9
2026-07-19T22:00:00+00:00,AR,Argentina,-38.4161,-63.6167,Temperate / Subtropical,50.67,Cumulus,0.5277,10.977,63.16,7.38,1016.17,0.5,1885.2
2026-07-19T23:00:00+00:00,AR,Argentina,-38.4161,-63.6167,Temperate / Subtropical,59.07,Stratocumulus,0.5858,9.48,72.7,7.93,1012.51,0.5,2109.2
2026-07-20T00:00:00+00:00,AR,Argentina,-38.4161,-63.6167,Temperate / Subtropical,56.33,Stratocumulus,0.4381,16.3,64.45,5.54,1011.99,0.5,1938.4
2026-07-20T01:00:00+00:00,AR,Argentina,-38.4161,-63.6167,Temperate / Subtropical,65.87,Stratocumulus,0.5854,17.822,68.91,7.58,1010.02,0.5,1082.0
2026-07-20T02:00:00+00:00,AR,Argentina,-38.4161,-63.6167,Temperate / Subtropical,61.06,Altocumulus,0.4772,16.011,67.42,7.46,1012.52,0.5,1420.4
2026-07-20T03:00:00+00:00,AR,Argentina,-38.4161,-63.6167,Temperate / Subtropical,58.19,Cumulus,0.4747,16.732,65.1,8.38,1009.12,0.5,2373.0
2026-07-20T04:00:00+00:00,AR,Argentina,-38.4161,-63.6167,Temperate / Subtropical,69.71,Altocumulus,0.4395,17.913,69.33,10.44,1009.05,0.5,2148.9
2026-07-20T05:00:00+00:00,AR,Argentina,-38.4161,-63.6167,Temperate / Subtropical,63.46,Altocumulus,0.5739,14.962,65.39,8.53,1010.19,0.5,2402.4
2026-07-20T06:00:00+00:00,AR,Argentina,-38.4161,-63.6167,Temperate / Subtropical,65.07,Stratocumulus,0.5688,8.643,61.9,9.66,1011.7,0.5,2655.3
2026-07-20T07:00:00+00:00,AR,Argentina,-38.4161,-63.6167,Temperate / Subtropical,68.79,Stratocumulus,0.517,17.322,60.52,13.15,1009.25,0.5,1344.9
2026-07-20T08:00:00+00:00,AR,Argentina,-38.4161,-63.6167,Temperate / Subtropical,75.07,Stratocumulus,0.3973,17.759,51.45,15.33,1009.72,0.5,1564.0
2026-07-20T09:00:00+00:00,AR,Argentina,-38.4161,-63.6167,Temperate / Subtropical,72.93,Stratocumulus,0.4845,12.021,52.76,14.87,1008.88,0.5,1197.3
2026-07-20T10:00:00+00:00,AR,Argentina,-38.4161,-63.6167,Temperate / Subtropical,62.26,Cumulus,0.6472,11.033,53.34,17.23,1012.38,0.5,1548.6
2026-07-20T11:00:00+00:00,AR,Argentina,-38.4161,-63.6167,Temperate / Subtropical,53.86,Stratocumulus,0.5386,7.978,53.03,17.48,1012.44,0.5,1980.4
2026-07-20T12:00:00+00:00,AR,Argentina,-38.4161,-63.6167,Temperate / Subtropical,56.98,Cumulus,0.5565,15.073,50.18,18.91,1010.93,0.5,2064.0
2026-07-20T13:00:00+00:00,AR,Argentina,-38.4161,-63.6167,Temperate / Subtropical,71.16,Stratocumulus,0.3575,6.292,51.37,19.86,1011.22,0.5,2153.2
2026-07-20T14:00:00+00:00,AR,Argentina,-38.4161,-63.6167,Temperate / Subtropical,64.91,Altocumulus,0.5247,16.33,54.13,15.33,1011.41,0.5,2671.8
2026-07-20T15:00:00+00:00,AR,Argentina,-38.4161,-63.6167,Temperate / Subtropical,65.37,Altocumulus,0.4697,5.196,52.91,15.0,1013.25,0.5,2994.6
2026-07-20T16:00:00+00:00,AR,Argentina,-38.4161,-63.6167,Temperate / Subtropical,74.65,Stratocumulus,0.5441,12.641,57.15,14.6,1008.84,0.5,1460.1
2026-07-20T17:00:00+00:00,AR,Argentina,-38.4161,-63.6167,Temperate / Subtropical,72.03,Cumulus,0.606,7.1,57.36,13.05,1012.02,0.5,1229.3
2026-07-20T18:00:00+00:00,AR,Argentina,-38.4161,-63.6167,Temperate / Subtropical,72.07,Altocumulus,0.6332,11.181,57.98,10.97,1009.52,0.5,2383.5
2026-07-20T19:00:00+00:00,AR,Argentina,-38.4161,-63.6167,Temperate / Subtropical,66.49,Altocumulus,0.4362,17.896,64.75,11.81,1011.14,0.5,1233.5
2026-07-20T20:00:00+00:00,AR,Argentina,-38.4161,-63.6167,Temperate / Subtropical,69.93,Stratocumulus,0.6411,6.19,59.55,8.9,1009.72,0.5,2324.1
2026-07-20T21:00:00+00:00,AR,Argentina,-38.4161,-63.6167,Temperate / Subtropical,65.17,Stratocumulus,0.5432,9.305,66.84,7.06,1012.79,0.5,1776.3
2026-07-20T22:00:00+00:00,AR,Argentina,-38.4161,-63.6167,Temperate / Subtropical,69.6,Altocumulus,0.3999,11.361,67.91,6.45,1007.18,0.5,1968.4
2026-07-20T23:00:00+00:00,AR,Argentina,-38.4161,-63.6167,Temperate / Subtropical,62.25,Altocumulus,0.5021,15.116,69.61,7.2,1012.37,0.5,2547.4
2026-07-21T00:00:00+00:00,AR,Argentina,-38.4161,-63.6167,Temperate / Subtropical,65.01,Cumulus,0.4184,5.97,71.57,6.84,1012.36,0.5,2541.4
2026-07-21T01:00:00+00:00,AR,Argentina,-38.4161,-63.6167,Temperate / Subtropical,64.18,Stratocumulus,0.6177,11.174,70.22,8.11,1011.61,0.5,2544.0
2026-07-21T02:00:00+00:00,AR,Argentina,-38.4161,-63.6167,Temperate / Subtropical,63.35,Altocumulus,0.431,14.368,65.73,7.47,1009.79,0.5,1177.9
2026-07-21T03:00:00+00:00,AR,Argentina,-38.4161,-63.6167,Temperate / Subtropical,62.23,Altocumulus,0.4879,16.542,63.05,8.84,1012.12,0.5,2194.7
2026-07-21T04:00:00+00:00,AR,Argentina,-38.4161,-63.6167,Temperate / Subtropical,63.61,Stratocumulus,0.5217,5.184,65.46,10.42,1010.21,0.5,2160.2
2026-07-21T05:00:00+00:00,AR,Argentina,-38.4161,-63.6167,Temperate / Subtropical,60.0,Altocumulus,0.4423,6.095,59.6,13.04,1012.31,0.5,1277.4
2026-07-21T06:00:00+00:00,AR,Argentina,-38.4161,-63.6167,Temperate / Subtropical,56.34,Stratocumulus,0.3932,14.063,60.77,11.46,1010.84,0.5,1002.4
2026-07-21T07:00:00+00:00,AR,Argentina,-38.4161,-63.6167,Temperate / Subtropical,61.96,Stratocumulus,0.3919,8.684,60.24,11.82,1012.38,0.5,2032.1
2026-07-21T08:00:00+00:00,AR,Argentina,-38.4161,-63.6167,Temperate / Subtropical,54.63,Cumulus,0.3631,13.227,57.54,11.99,1009.33,0.5,1858.4
2026-07-21T09:00:00+00:00,AR,Argentina,-38.4161,-63.6167,Temperate / Subtropical,57.68,Altocumulus,0.625,5.673,58.64,15.35,1009.99,0.5,1770.0
2026-07-21T10:00:00+00:00,AR,Argentina,-38.4161,-63.6167,Temperate / Subtropical,56.48,Stratocumulus,0.4064,8.013,54.16,17.13,1012.09,0.5,2781.7
2026-07-21T11:00:00+00:00,AR,Argentina,-38.4161,-63.6167,Temperate / Subtropical,57.56,Cumulus,0.4135,16.789,54.79,15.26,1013.1,0.5,1361.9
2026-07-21T12:00:00+00:00,AR,Argentina,-38.4161,-63.6167,Temperate / Subtropical,42.93,Cumulus,0.1783,1.32,53.73,16.95,1016.25,0.5,8627.6
2026-07-21T13:00:00+00:00,AR,Argentina,-38.4161,-63.6167,Temperate / Subtropical,45.62,Altocumulus,0.195,2.698,54.28,17.64,1013.03,0.5,5890.6
2026-07-21T14:00:00+00:00,AR,Argentina,-38.4161,-63.6167,Temperate / Subtropical,47.84,Cumulus,0.2184,5.809,53.84,14.02,1012.91,0.5,5853.0
2026-07-21T15:00:00+00:00,AR,Argentina,-38.4161,-63.6167,Temperate / Subtropical,45.71,Cirrus,0.3681,4.0,48.81,14.98,1011.87,0.5,6727.5
2026-07-21T16:00:00+00:00,AR,Argentina,-38.4161,-63.6167,Temperate / Subtropical,41.79,Altocumulus,0.3401,2.463,58.18,13.76,1014.89,0.5,4046.5
2026-07-21T17:00:00+00:00,AR,Argentina,-38.4161,-63.6167,Temperate / Subtropical,44.16,Altocumulus,0.298,5.719,57.01,14.59,1013.79,0.5,3770.3
2026-07-21T18:00:00+00:00,AR,Argentina,-38.4161,-63.6167,Temperate / Subtropical,30.99,Cumulus,0.367,5.889,58.07,12.7,1016.87,0.5,3837.5
2026-07-21T19:00:00+00:00,AR,Argentina,-38.4161,-63.6167,Temperate / Subtropical,45.47,Cumulus,0.1982,2.633,57.55,11.57,1012.69,0.5,5832.3
2026-07-21T20:00:00+00:00,AR,Argentina,-38.4161,-63.6167,Temperate / Subtropical,31.29,Cumulus,0.2873,1.247,66.29,9.41,1014.58,0.5,3924.2
2026-07-21T21:00:00+00:00,AR,Argentina,-38.4161,-63.6167,Temperate / Subtropical,29.29,Cirrus,0.3464,3.628,63.59,7.78,1016.23,0.5,8316.6
2026-07-21T22:00:00+00:00,AR,Argentina,-38.4161,-63.6167,Temperate / Subtropical,35.95,Altocumulus,0.3021,5.984,66.72,8.31,1014.1,0.5,8647.9
2026-07-21T23:00:00+00:00,AR,Argentina,-38.4161,-63.6167,Temperate / Subtropical,29.29,Cumulus,0.3777,3.792,65.68,7.43,1017.58,0.5,5561.9
2026-07-22T00:00:00+00:00,AR,Argentina,-38.4161,-63.6167,Temperate / Subtropical,33.37,Cumulus,0.3076,2.917,70.1,8.21,1015.51,0.5,7771.2
2026-07-22T01:00:00+00:00,AR,Argentina,-38.4161,-63.6167,Temperate / Subtropical,32.89,Cumulus,0.1992,5.782,65.52,7.33,1015.09,0.5,6988.5
2026-07-22T02:00:00+00:00,AR,Argentina,-38.4161,-63.6167,Temperate / Subtropical,33.72,Altocumulus,0.2627,2.273,58.54,8.3,1013.59,0.5,3526.4
2026-07-22T03:00:00+00:00,AR,Argentina,-38.4161,-63.6167,Temperate / Subtropical,27.95,Cumulus,0.2897,3.825,65.67,6.79,1013.96,0.5,3881.1
2026-07-22T04:00:00+00:00,AR,Argentina,-38.4161,-63.6167,Temperate / Subtropical,40.71,Cumulus,0.1815,3.239,63.71,10.52,1015.46,0.5,5860.8
2026-07-22T05:00:00+00:00,AR,Argentina,-38.4161,-63.6167,Temperate / Subtropical,38.53,Cirrus,0.3396,2.294,59.97,9.62,1015.35,0.5,7956.2
2026-07-22T06:00:00+00:00,AR,Argentina,-38.4161,-63.6167,Temperate / Subtropical,28.04,Cumulus,0.2162,2.69,56.86,10.4,1015.51,0.5,5696.7
2026-07-22T07:00:00+00:00,AR,Argentina,-38.4161,-63.6167,Temperate / Subtropical,39.26,Altocumulus,0.3768,5.615,60.05,12.77,1015.5,0.5,6874.7
2026-07-22T08:00:00+00:00,AR,Argentina,-38.4161,-63.6167,Temperate / Subtropical,25.07,Cumulus,0.3142,4.483,56.39,12.54,1021.56,0.5,4720.8
2026-07-22T09:00:00+00:00,AR,Argentina,-38.4161,-63.6167,Temperate / Subtropical,34.9,Cumulus,0.2764,4.188,56.24,16.71,1014.44,0.5,3942.5
2026-07-22T10:00:00+00:00,AR,Argentina,-38.4161,-63.6167,Temperate / Subtropical,19.1,Cumulus,0.3517,3.655,51.12,14.89,1016.14,0.5,5001.1
2026-07-22T11:00:00+00:00,AR,Argentina,-38.4161,-63.6167,Temperate / Subtropical,27.26,Cumulus,0.2815,3.911,53.42,16.53,1015.62,0.5,4237.7
2026-07-22T12:00:00+00:00,AR,Argentina,-38.4161,-63.6167,Temperate / Subtropical,25.2,Cirrus,0.3621,4.751,49.42,16.21,1015.72,0.5,6822.7
2026-07-22T13:00:00+00:00,AR,Argentina,-38.4161,-63.6167,Temperate / Subtropical,33.7,Altocumulus,0.3542,2.65,53.27,18.4,1019.4,0.5,7115.6
2026-07-22T14:00:00+00:00,AR,Argentina,-38.4161,-63.6167,Temperate / Subtropical,39.08,Cirrus,0.3136,5.078,52.52,16.56,1015.23,0.5,6299.3
2026-07-22T15:00:00+00:00,AR,Argentina,-38.4161,-63.6167,Temperate / Subtropical,29.11,Cumulus,0.2028,4.172,55.29,14.83,1015.48,0.5,8627.6
2026-07-22T16:00:00+00:00,AR,Argentina,-38.4161,-63.6167,Temperate / Subtropical,30.56,Cumulus,0.2293,1.367,54.05,11.36,1017.27,0.5,4242.0
2026-07-22T17:00:00+00:00,AR,Argentina,-38.4161,-63.6167,Temperate / Subtropical,32.18,Cirrus,0.3396,2.935,59.23,13.3,1019.63,0.5,7033.1
2026-07-22T18:00:00+00:00,AR,Argentina,-38.4161,-63.6167,Temperate / Subtropical,28.44,Altocumulus,0.2013,4.063,64.14,12.25,1016.11,0.5,8355.9
2026-07-22T19:00:00+00:00,AR,Argentina,-38.4161,-63.6167,Temperate / Subtropical,37.3,Cirrus,0.2924,4.048,60.89,10.04,1014.66,0.5,8953.6
2026-07-22T20:00:00+00:00,AR,Argentina,-38.4161,-63.6167,Temperate / Subtropical,29.83,Altocumulus,0.328,2.221,62.88,8.38,1016.76,0.5,8371.2
2026-07-22T21:00:00+00:00,AR,Argentina,-38.4161,-63.6167,Temperate / Subtropical,39.0,Cumulus,0.3776,2.37,66.17,8.56,1014.11,0.5,5968.6
2026-07-22T22:00:00+00:00,AR,Argentina,-38.4161,-63.6167,Temperate / Subtropical,42.3,Altocumulus,0.3508,1.823,66.46,9.74,1015.48,0.5,4502.5
2026-07-22T23:00:00+00:00,AR,Argentina,-38.4161,-63.6167,Temperate / Subtropical,29.0,Cumulus,0.2821,3.034,65.11,7.27,1021.22,0.5,4254.1
2026-07-23T00:00:00+00:00,AR,Argentina,-38.4161,-63.6167,Temperate / Subtropical,40.54,Altocumulus,0.3071,2.679,70.8,8.37,1013.68,0.5,5937.9
2026-07-23T01:00:00+00:00,AR,Argentina,-38.4161,-63.6167,Temperate / Subtropical,39.38,Altocumulus,0.2183,3.129,66.47,8.56,1013.0,0.5,3501.8
2026-07-23T02:00:00+00:00,AR,Argentina,-38.4161,-63.6167,Temperate / Subtropical,50.27,Stratocumulus,0.6075,13.395,69.12,7.42,1011.21,0.5,1031.4
2026-07-23T03:00:00+00:00,AR,Argentina,-38.4161,-63.6167,Temperate / Subtropical,45.35,Cirrus,0.197,4.176,67.9,8.85,1014.1,0.5,5225.5
2026-07-23T04:00:00+00:00,AR,Argentina,-38.4161,-63.6167,Temperate / Subtropical,43.37,Altocumulus,0.3238,5.906,68.98,10.4,1014.17,0.5,6344.4
2026-07-23T05:00:00+00:00,AR,Argentina,-38.4161,-63.6167,Temperate / Subtropical,49.33,Altocumulus,0.2985,5.487,59.9,10.66,1013.37,0.5,5432.3
2026-07-23T06:00:00+00:00,AR,Argentina,-38.4161,-63.6167,Temperate / Subtropical,44.68,Cirrus,0.2686,3.661,60.91,11.31,1014.93,0.5,5537.9
2026-07-23T07:00:00+00:00,AR,Argentina,-38.4161,-63.6167,Temperate / Subtropical,37.0,Cumulus,0.207,4.354,59.88,13.49,1013.67,0.5,6660.1
2026-07-23T08:00:00+00:00,AR,Argentina,-38.4161,-63.6167,Temperate / Subtropical,43.18,Altocumulus,0.1733,1.298,62.43,14.42,1016.82,0.5,4531.7
2026-07-23T09:00:00+00:00,AR,Argentina,-38.4161,-63.6167,Temperate / Subtropical,49.99,Cumulus,0.2232,1.497,53.92,14.11,1014.14,0.5,6960.9
2026-07-23T10:00:00+00:00,AR,Argentina,-38.4161,-63.6167,Temperate / Subtropical,52.58,Altocumulus,0.4005,14.526,50.93,17.85,1011.64,0.5,2098.7
2026-07-23T11:00:00+00:00,AR,Argentina,-38.4161,-63.6167,Temperate / Subtropical,40.12,Cirrus,0.207,3.761,51.7,16.18,1012.29,0.5,6135.6
2026-07-23T12:00:00+00:00,AR,Argentina,-38.4161,-63.6167,Temperate / Subtropical,46.83,Cumulus,0.2413,4.715,48.62,16.52,1012.87,0.5,3837.2
2026-07-23T13:00:00+00:00,AR,Argentina,-38.4161,-63.6167,Temperate / Subtropical,53.36,Altocumulus,0.3573,14.313,50.9,15.56,1012.79,0.5,2985.7
2026-07-23T14:00:00+00:00,AR,Argentina,-38.4161,-63.6167,Temperate / Subtropical,46.39,Cumulus,0.295,4.792,49.19,17.67,1013.79,0.5,7786.6
2026-07-23T15:00:00+00:00,AR,Argentina,-38.4161,-63.6167,Temperate / Subtropical,50.4,Stratocumulus,0.5932,10.638,50.94,15.86,1012.21,0.5,1329.3
2026-07-23T16:00:00+00:00,AR,Argentina,-38.4161,-63.6167,Temperate / Subtropical,52.14,Cumulus,0.5753,16.841,52.97,14.31,1012.92,0.5,1731.1
2026-07-23T17:00:00+00:00,AR,Argentina,-38.4161,-63.6167,Temperate / Subtropical,69.75,Altocumulus,0.4653,13.355,52.76,14.52,1010.72,0.5,2446.9
2026-07-23T18:00:00+00:00,AR,Argentina,-38.4161,-63.6167,Temperate / Subtropical,55.83,Stratocumulus,0.3907,6.453,68.53,12.13,1011.57,0.5,1918.9
2026-07-23T19:00:00+00:00,AR,Argentina,-38.4161,-63.6167,Temperate / Subtropical,45.69,Cirrus,0.3321,2.722,69.47,9.02,1013.16,0.5,4923.4
2026-07-23T20:00:00+00:00,AR,Argentina,-38.4161,-63.6167,Temperate / Subtropical,57.55,Altocumulus,0.6372,15.975,68.98,9.63,1011.35,0.5,1104.7
2026-07-23T21:00:00+00:00,AR,Argentina,-38.4161,-63.6167,Temperate / Subtropical,45.51,Cumulus,0.3409,5.133,58.87,10.22,1017.79,0.5,5681.0
2026-07-23T22:00:00+00:00,AR,Argentina,-38.4161,-63.6167,Temperate / Subtropical,55.84,Stratocumulus,0.4196,16.497,63.5,7.98,1012.41,0.5,1166.0
2026-07-23T23:00:00+00:00,AR,Argentina,-38.4161,-63.6167,Temperate / Subtropical,47.23,Cirrus,0.1639,2.257,70.35,6.46,1014.53,0.5,4474.8
2026-07-24T00:00:00+00:00,AR,Argentina,-38.4161,-63.6167,Temperate / Subtropical,48.0,Altocumulus,0.3308,5.735,64.4,6.97,1010.63,0.5,7962.6
2026-07-24T01:00:00+00:00,AR,Argentina,-38.4161,-63.6167,Temperate / Subtropical,39.06,Altocumulus,0.1561,1.648,65.82,5.17,1017.02,0.5,8907.4
2026-07-24T02:00:00+00:00,AR,Argentina,-38.4161,-63.6167,Temperate / Subtropical,42.61,Altocumulus,0.2674,3.913,68.32,8.44,1013.95,0.5,6524.9
2026-07-24T03:00:00+00:00,AR,Argentina,-38.4161,-63.6167,Temperate / Subtropical,46.29,Cirrus,0.3712,3.958,62.48,11.23,1013.02,0.5,5804.6
2026-07-24T04:00:00+00:00,AR,Argentina,-38.4161,-63.6167,Temperate / Subtropical,49.2,Cirrus,0.2043,4.544,59.96,8.79,1013.39,0.5,6185.8
2026-07-24T05:00:00+00:00,AR,Argentina,-38.4161,-63.6167,Temperate / Subtropical,40.17,Altocumulus,0.1588,4.317,65.25,9.8,1013.3,0.5,8007.4
2026-07-24T06:00:00+00:00,AR,Argentina,-38.4161,-63.6167,Temperate / Subtropical,43.68,Cirrus,0.2606,3.14,60.18,11.83,1012.78,0.5,7297.8
2026-07-24T07:00:00+00:00,AR,Argentina,-38.4161,-63.6167,Temperate / Subtropical,35.6,Altocumulus,0.3753,3.283,57.61,11.73,1015.05,0.5,8908.5
2026-07-24T08:00:00+00:00,AR,Argentina,-38.4161,-63.6167,Temperate / Subtropical,39.23,Altocumulus,0.2204,4.882,54.36,14.89,1015.48,0.5,6715.9
2026-07-24T09:00:00+00:00,AR,Argentina,-38.4161,-63.6167,Temperate / Subtropical,42.92,Altocumulus,0.2952,5.295,51.64,15.3,1013.4,0.5,6236.5
2026-07-24T10:00:00+00:00,AR,Argentina,-38.4161,-63.6167,Temperate / Subtropical,44.86,Cirrus,0.2998,1.495,48.75,16.29,1016.38,0.5,4810.8
2026-07-24T11:00:00+00:00,AR,Argentina,-38.4161,-63.6167,Temperate / Subtropical,39.22,Cirrus,0.1619,1.322,55.66,15.87,1018.01,0.5,7694.7
2026-07-24T12:00:00+00:00,AR,Argentina,-38.4161,-63.6167,Temperate / Subtropical,37.76,Cumulus,0.3264,2.73,51.11,17.08,1015.8,0.5,7909.5
2026-07-24T13:00:00+00:00,AR,Argentina,-38.4161,-63.6167,Temperate / Subtropical,37.7,Cirrus,0.3529,5.181,50.69,16.45,1016.19,0.5,8399.8
2026-07-24T14:00:00+00:00,AR,Argentina,-38.4161,-63.6167,Temperate / Subtropical,37.23,Cirrus,0.3107,2.951,52.87,15.19,1015.23,0.5,5713.0
2026-07-24T15:00:00+00:00,AR,Argentina,-38.4161,-63.6167,Temperate / Subtropical,32.7,Cumulus,0.2137,3.554,55.64,12.49,1017.35,0.5,5742.0
2026-07-24T16:00:00+00:00,AR,Argentina,-38.4161,-63.6167,Temperate / Subtropical,28.77,Cumulus,0.2564,4.546,57.06,17.42,1015.96,0.5,4761.9
2026-07-24T17:00:00+00:00,AR,Argentina,-38.4161,-63.6167,Temperate / Subtropical,33.39,Cumulus,0.1959,3.673,60.31,11.91,1016.7,0.5,7440.6
2026-07-24T18:00:00+00:00,AR,Argentina,-38.4161,-63.6167,Temperate / Subtropical,39.05,Cirrus,0.2312,5.145,59.08,13.21,1013.89,0.5,5657.2
2026-07-24T19:00:00+00:00,AR,Argentina,-38.4161,-63.6167,Temperate / Subtropical,25.66,Cumulus,0.3253,2.336,61.63,8.99,1021.5,0.5,5092.1
2026-07-24T20:00:00+00:00,AR,Argentina,-38.4161,-63.6167,Temperate / Subtropical,24.16,Altocumulus,0.3633,4.998,59.66,10.48,1015.03,0.5,8997.8
2026-07-24T21:00:00+00:00,AR,Argentina,-38.4161,-63.6167,Temperate / Subtropical,17.23,Altocumulus,0.2628,1.361,62.61,9.0,1018.3,0.5,5348.5
2026-07-24T22:00:00+00:00,AR,Argentina,-38.4161,-63.6167,Temperate / Subtropical,18.8,Cirrus,0.2291,5.401,63.47,7.0,1016.59,0.5,7995.5
2026-07-24T23:00:00+00:00,AR,Argentina,-38.4161,-63.6167,Temperate / Subtropical,23.34,Altocumulus,0.3012,4.46,68.44,7.52,1016.77,0.5,4853.1
2026-07-25T00:00:00+00:00,AR,Argentina,-38.4161,-63.6167,Temperate / Subtropical,24.17,Cirrus,0.1703,3.528,66.77,7.87,1018.93,0.5,7636.0
2026-07-25T01:00:00+00:00,AR,Argentina,-38.4161,-63.6167,Temperate / Subtropical,23.33,Cumulus,0.3553,5.986,70.15,8.2,1019.44,0.5,8939.5
2026-07-25T02:00:00+00:00,AR,Argentina,-38.4161,-63.6167,Temperate / Subtropical,28.88,Cirrus,0.3675,1.221,63.52,7.44,1017.78,0.5,5369.6
2026-07-25T03:00:00+00:00,AR,Argentina,-38.4161,-63.6167,Temperate / Subtropical,12.93,Clear,0.0528,0.775,61.29,7.96,1015.39,0.5,0
2026-07-25T04:00:00+00:00,AR,Argentina,-38.4161,-63.6167,Temperate / Subtropical,18.5,Cirrus,0.3577,2.475,64.55,10.47,1017.69,0.5,5370.5
2026-07-25T05:00:00+00:00,AR,Argentina,-38.4161,-63.6167,Temperate / Subtropical,18.0,Altocumulus,0.1694,2.636,61.15,10.87,1018.03,0.5,6519.5
2026-07-25T06:00:00+00:00,AR,Argentina,-38.4161,-63.6167,Temperate / Subtropical,20.56,Altocumulus,0.3336,5.56,63.27,11.1,1016.75,0.5,6330.1
2026-07-25T07:00:00+00:00,AR,Argentina,-38.4161,-63.6167,Temperate / Subtropical,24.73,Cirrus,0.3202,5.134,57.27,14.54,1017.08,0.5,5083.6
2026-07-25T08:00:00+00:00,AR,Argentina,-38.4161,-63.6167,Temperate / Subtropical,26.09,Cirrus,0.1709,1.691,60.3,13.75,1014.33,0.5,4395.2
2026-07-25T09:00:00+00:00,AR,Argentina,-38.4161,-63.6167,Temperate / Subtropical,25.29,Cirrus,0.2611,5.823,53.5,16.54,1015.16,0.5,5057.0
2026-07-25T10:00:00+00:00,AR,Argentina,-38.4161,-63.6167,Temperate / Subtropical,26.01,Altocumulus,0.2924,5.233,49.64,14.7,1017.62,0.5,7824.9
2026-07-25T11:00:00+00:00,AR,Argentina,-38.4161,-63.6167,Temperate / Subtropical,34.22,Cirrus,0.2709,4.662,54.51,15.25,1017.15,0.5,6978.1
2026-07-25T12:00:00+00:00,AR,Argentina,-38.4161,-63.6167,Temperate / Subtropical,24.07,Cirrus,0.2903,3.318,54.71,17.77,1018.45,0.5,6000.8
2026-07-25T13:00:00+00:00,AR,Argentina,-38.4161,-63.6167,Temperate / Subtropical,20.48,Cirrus,0.3423,4.605,58.24,14.91,1017.48,0.5,5620.2
2026-07-25T14:00:00+00:00,AR,Argentina,-38.4161,-63.6167,Temperate / Subtropical,24.04,Cirrus,0.2873,4.479,49.56,15.92,1017.28,0.5,5285.7
2026-07-25T15:00:00+00:00,AR,Argentina,-38.4161,-63.6167,Temperate / Subtropical,27.75,Cumulus,0.3397,5.027,57.98,15.66,1012.71,0.5,8093.1
2026-07-25T16:00:00+00:00,AR,Argentina,-38.4161,-63.6167,Temperate / Subtropical,21.51,Cumulus,0.1939,5.856,51.25,15.04,1015.34,0.5,5266.5
2026-07-25T17:00:00+00:00,AR,Argentina,-38.4161,-63.6167,Temperate / Subtropical,31.48,Cumulus,0.2402,3.968,57.87,14.69,1015.49,0.5,6032.1
2026-07-25T18:00:00+00:00,AR,Argentina,-38.4161,-63.6167,Temperate / Subtropical,29.89,Altocumulus,0.1944,4.818,62.6,13.78,1019.18,0.5,6848.3
2026-07-25T19:00:00+00:00,AR,Argentina,-38.4161,-63.6167,Temperate / Subtropical,23.37,Altocumulus,0.2008,3.38,60.51,10.17,1018.32,0.5,8457.6
2026-07-25T20:00:00+00:00,AR,Argentina,-38.4161,-63.6167,Temperate / Subtropical,30.45,Altocumulus,0.2117,2.874,55.68,10.43,1015.41,0.5,5428.7
2026-07-25T21:00:00+00:00,AR,Argentina,-38.4161,-63.6167,Temperate / Subtropical,23.22,Altocumulus,0.2611,2.799,70.6,7.43,1018.37,0.5,4010.2
2026-07-25T22:00:00+00:00,AR,Argentina,-38.4161,-63.6167,Temperate / Subtropical,30.1,Cumulus,0.3278,2.54,64.79,7.15,1017.19,0.5,5725.7
2026-07-25T23:00:00+00:00,AR,Argentina,-38.4161,-63.6167,Temperate / Subtropical,41.86,Altocumulus,0.1879,1.472,66.81,9.3,1014.7,0.5,7221.6
2026-07-26T00:00:00+00:00,AR,Argentina,-38.4161,-63.6167,Temperate / Subtropical,39.65,Cumulus,0.3617,1.162,69.64,7.84,1013.57,0.5,4506.3
2026-07-26T01:00:00+00:00,AR,Argentina,-38.4161,-63.6167,Temperate / Subtropical,36.21,Cumulus,0.2812,4.593,61.2,5.65,1016.36,0.5,5965.9
2026-07-26T02:00:00+00:00,AR,Argentina,-38.4161,-63.6167,Temperate / Subtropical,43.06,Altocumulus,0.2872,2.328,64.0,7.72,1018.56,0.5,8850.2
2026-07-26T03:00:00+00:00,AR,Argentina,-38.4161,-63.6167,Temperate / Subtropical,39.97,Cumulus,0.2955,1.491,63.71,8.07,1014.12,0.5,6327.1
2026-07-26T04:00:00+00:00,AR,Argentina,-38.4161,-63.6167,Temperate / Subtropical,38.11,Cirrus,0.291,1.098,60.25,9.66,1014.79,0.5,6128.9
2026-07-26T05:00:00+00:00,AR,Argentina,-38.4161,-63.6167,Temperate / Subtropical,47.82,Cirrus,0.3299,1.65,61.22,8.96,1015.64,0.5,6187.6
2026-07-26T06:00:00+00:00,AR,Argentina,-38.4161,-63.6167,Temperate / Subtropical,42.36,Altocumulus,0.2512,1.608,58.22,8.98,1014.17,0.5,6860.7
2026-07-26T07:00:00+00:00,AR,Argentina,-38.4161,-63.6167,Temperate / Subtropical,46.01,Cumulus,0.3138,4.672,58.16,12.29,1013.43,0.5,6676.2
2026-07-26T08:00:00+00:00,AR,Argentina,-38.4161,-63.6167,Temperate / Subtropical,44.52,Cumulus,0.2887,3.179,55.46,15.12,1013.95,0.5,3741.2
2026-07-26T09:00:00+00:00,AR,Argentina,-38.4161,-63.6167,Temperate / Subtropical,54.41,Altocumulus,0.4986,5.326,63.24,16.16,1009.84,0.5,1542.3
2026-07-26T10:00:00+00:00,AR,Argentina,-38.4161,-63.6167,Temperate / Subtropical,50.19,Stratocumulus,0.5019,12.881,50.69,17.84,1015.93,0.5,2877.8
2026-07-26T11:00:00+00:00,AR,Argentina,-38.4161,-63.6167,Temperate / Subtropical,53.27,Altocumulus,0.6387,13.578,48.76,17.0,1015.7,0.5,2691.8
2026-07-26T12:00:00+00:00,AR,Argentina,-38.4161,-63.6167,Temperate / Subtropical,51.1,Stratocumulus,0.6175,12.199,52.96,16.24,1015.82,0.5,1327.4
2026-07-26T13:00:00+00:00,AR,Argentina,-38.4161,-63.6167,Temperate / Subtropical,55.16,Altocumulus,0.5742,10.165,52.47,16.65,1015.4,0.5,1109.7
2026-07-26T14:00:00+00:00,AR,Argentina,-38.4161,-63.6167,Temperate / Subtropical,51.18,Altocumulus,0.4539,15.469,50.21,15.21,1011.14,0.5,2218.2
2026-07-26T15:00:00+00:00,AR,Argentina,-38.4161,-63.6167,Temperate / Subtropical,51.54,Stratocumulus,0.38,7.786,60.05,12.79,1010.63,0.5,2459.7
2026-07-26T16:00:00+00:00,AR,Argentina,-38.4161,-63.6167,Temperate / Subtropical,61.1,Stratocumulus,0.5672,10.561,55.68,13.5,1009.19,0.5,2449.5
2026-07-26T17:00:00+00:00,AR,Argentina,-38.4161,-63.6167,Temperate / Subtropical,65.92,Altocumulus,0.614,8.378,59.02,15.17,1009.47,0.5,2261.3
2026-07-26T18:00:00+00:00,AR,Argentina,-38.4161,-63.6167,Temperate / Subtropical,58.8,Altocumulus,0.4754,17.796,65.09,10.97,1011.23,0.5,2666.6
2026-07-26T19:00:00+00:00,AR,Argentina,-38.4161,-63.6167,Temperate / Subtropical,54.49,Altocumulus,0.6378,7.222,60.23,10.82,1012.95,0.5,1020.6
2026-07-26T20:00:00+00:00,AR,Argentina,-38.4161,-63.6167,Temperate / Subtropical,58.23,Cumulus,0.6038,9.476,58.01,9.62,1014.8,0.5,2751.8
2026-07-26T21:00:00+00:00,AR,Argentina,-38.4161,-63.6167,Temperate / Subtropical,58.99,Altocumulus,0.5914,11.09,63.0,8.33,1011.23,0.5,2867.8
2026-07-26T22:00:00+00:00,AR,Argentina,-38.4161,-63.6167,Temperate / Subtropical,54.84,Cumulus,0.5625,7.175,68.04,8.21,1014.64,0.5,2873.8
2026-07-26T23:00:00+00:00,AR,Argentina,-38.4161,-63.6167,Temperate / Subtropical,54.86,Cumulus,0.3727,9.532,70.66,7.06,1012.26,0.5,1843.5
2026-07-27T00:00:00+00:00,AR,Argentina,-38.4161,-63.6167,Temperate / Subtropical,59.92,Altocumulus,0.5887,7.327,64.7,8.01,1011.36,0.5,1695.0
2026-07-27T01:00:00+00:00,AR,Argentina,-38.4161,-63.6167,Temperate / Subtropical,59.71,Altocumulus,0.5354,16.647,64.85,6.77,1015.02,0.5,2087.8
2026-07-27T02:00:00+00:00,AR,Argentina,-38.4161,-63.6167,Temperate / Subtropical,68.39,Altocumulus,0.4112,11.13,68.41,7.7,1012.71,0.5,2781.0
2026-07-27T03:00:00+00:00,AR,Argentina,-38.4161,-63.6167,Temperate / Subtropical,63.12,Cumulus,0.6476,15.97,60.39,6.48,1011.14,0.5,2339.6
2026-07-27T04:00:00+00:00,AR,Argentina,-38.4161,-63.6167,Temperate / Subtropical,59.56,Stratocumulus,0.6187,8.993,63.9,8.37,1010.24,0.5,2194.1
2026-07-27T05:00:00+00:00,AR,Argentina,-38.4161,-63.6167,Temperate / Subtropical,55.53,Stratocumulus,0.5085,10.672,62.56,10.69,1011.01,0.5,2924.1
2026-07-27T06:00:00+00:00,AR,Argentina,-38.4161,-63.6167,Temperate / Subtropical,52.42,Stratocumulus,0.4837,7.451,59.33,11.51,1014.53,0.5,2783.1
2026-07-27T07:00:00+00:00,AR,Argentina,-38.4161,-63.6167,Temperate / Subtropical,45.87,Cumulus,0.2124,3.737,61.17,11.93,1013.92,0.5,5394.2
2026-07-27T08:00:00+00:00,AR,Argentina,-38.4161,-63.6167,Temperate / Subtropical,57.7,Stratocumulus,0.5126,12.07,55.32,14.81,1013.17,0.5,1937.5
2026-07-27T09:00:00+00:00,AR,Argentina,-38.4161,-63.6167,Temperate / Subtropical,59.88,Altocumulus,0.4235,17.309,54.74,14.45,1012.32,0.5,1112.8
2026-07-27T10:00:00+00:00,AR,Argentina,-38.4161,-63.6167,Temperate / Subtropical,62.94,Altocumulus,0.5577,6.441,51.13,16.08,1010.05,0.5,1856.9
2026-07-27T11:00:00+00:00,AR,Argentina,-38.4161,-63.6167,Temperate / Subtropical,62.66,Cumulus,0.443,15.253,56.08,17.28,1010.67,0.5,2093.5
2026-07-27T12:00:00+00:00,AR,Argentina,-38.4161,-63.6167,Temperate / Subtropical,61.26,Stratocumulus,0.6298,11.193,50.56,18.92,1009.72,0.5,1672.6
2026-07-27T13:00:00+00:00,AR,Argentina,-38.4161,-63.6167,Temperate / Subtropical,51.62,Altocumulus,0.536,17.157,50.96,17.02,1016.09,0.5,1204.7
2026-07-27T14:00:00+00:00,AR,Argentina,-38.4161,-63.6167,Temperate / Subtropical,54.88,Cumulus,0.5357,9.272,51.95,14.56,1013.11,0.5,2882.8
2026-07-27T15:00:00+00:00,AR,Argentina,-38.4161,-63.6167,Temperate / Subtropical,49.78,Altocumulus,0.3414,2.055,59.06,15.79,1015.05,0.5,5107.5
2026-07-27T16:00:00+00:00,AR,Argentina,-38.4161,-63.6167,Temperate / Subtropical,53.61,Stratocumulus,0.3657,6.771,57.01,15.51,1014.15,0.5,2669.2
2026-07-27T17:00:00+00:00,AR,Argentina,-38.4161,-63.6167,Temperate / Subtropical,42.66,Cumulus,0.1711,3.426,61.19,12.42,1013.52,0.5,8731.3
2026-07-27T18:00:00+00:00,AR,Argentina,-38.4161,-63.6167,Temperate / Subtropical,54.35,Stratocumulus,0.5384,9.529,56.36,12.56,1014.09,0.5,2834.6
2026-07-27T19:00:00+00:00,AR,Argentina,-38.4161,-63.6167,Temperate / Subtropical,55.66,Altocumulus,0.4336,15.335,60.12,12.31,1009.76,0.5,2281.5
2026-07-27T20:00:00+00:00,AR,Argentina,-38.4161,-63.6167,Temperate / Subtropical,41.7,Cumulus,0.3222,1.869,61.99,10.34,1014.65,0.5,5620.1
2026-07-27T21:00:00+00:00,AR,Argentina,-38.4161,-63.6167,Temperate / Subtropical,47.69,Altocumulus,0.2557,3.476,69.66,8.13,1010.57,0.5,7290.7
2026-07-27T22:00:00+00:00,AR,Argentina,-38.4161,-63.6167,Temperate / Subtropical,41.16,Altocumulus,0.3148,5.102,68.61,7.43,1013.93,0.5,7038.7
2026-07-27T23:00:00+00:00,AR,Argentina,-38.4161,-63.6167,Temperate / Subtropical,42.9,Altocumulus,0.2247,1.909,66.45,8.4,1014.15,0.5,5752.5
2026-07-28T00:00:00+00:00,AR,Argentina,-38.4161,-63.6167,Temperate / Subtropical,52.67,Altocumulus,0.5191,17.948,66.23,6.23,1013.12,0.5,2376.5
2026-07-28T01:00:00+00:00,AR,Argentina,-38.4161,-63.6167,Temperate / Subtropical,40.58,Cumulus,0.1929,5.861,61.17,6.8,1012.11,0.5,6025.3
2026-07-28T02:00:00+00:00,AR,Argentina,-38.4161,-63.6167,Temperate / Subtropical,37.0,Cirrus,0.2145,1.919,72.26,8.86,1014.67,0.5,8200.8
2026-07-28T03:00:00+00:00,AR,Argentina,-38.4161,-63.6167,Temperate / Subtropical,38.54,Cirrus,0.2144,5.633,65.97,9.41,1014.76,0.5,4695.1
2026-07-28T04:00:00+00:00,AR,Argentina,-38.4161,-63.6167,Temperate / Subtropical,34.16,Cirrus,0.2974,4.61,63.52,8.45,1012.96,0.5,4864.8
2026-07-28T05:00:00+00:00,AR,Argentina,-38.4161,-63.6167,Temperate / Subtropical,37.41,Altocumulus,0.1681,5.208,61.05,12.12,1016.29,0.5,8091.5
2026-07-28T06:00:00+00:00,AR,Argentina,-38.4161,-63.6167,Temperate / Subtropical,38.13,Cirrus,0.3072,5.553,59.3,13.94,1016.13,0.5,6339.4
2026-07-28T07:00:00+00:00,AR,Argentina,-38.4161,-63.6167,Temperate / Subtropical,38.56,Altocumulus,0.3023,5.087,60.45,14.28,1015.22,0.5,8409.9
2026-07-28T08:00:00+00:00,AR,Argentina,-38.4161,-63.6167,Temperate / Subtropical,32.62,Altocumulus,0.3199,4.226,52.98,15.26,1014.67,0.5,3713.5
2026-07-28T09:00:00+00:00,AR,Argentina,-38.4161,-63.6167,Temperate / Subtropical,34.43,Cirrus,0.2191,4.228,52.67,12.92,1014.89,0.5,7888.0
2026-07-28T10:00:00+00:00,AR,Argentina,-38.4161,-63.6167,Temperate / Subtropical,35.02,Cirrus,0.2877,2.476,59.81,16.73,1015.33,0.5,8173.7
2026-07-28T11:00:00+00:00,AR,Argentina,-38.4161,-63.6167,Temperate / Subtropical,40.23,Cirrus,0.3577,2.209,52.85,16.7,1014.34,0.5,6789.6
2026-07-28T12:00:00+00:00,AR,Argentina,-38.4161,-63.6167,Temperate / Subtropical,28.42,Altocumulus,0.2556,1.857,54.82,16.7,1016.04,0.5,3686.6
2026-07-28T13:00:00+00:00,AR,Argentina,-38.4161,-63.6167,Temperate / Subtropical,30.89,Cirrus,0.3392,1.428,51.64,16.46,1016.86,0.5,3595.7
2026-07-28T14:00:00+00:00,AR,Argentina,-38.4161,-63.6167,Temperate / Subtropical,39.17,Altocumulus,0.2042,5.909,50.19,17.07,1014.7,0.5,6029.1
2026-07-28T15:00:00+00:00,AR,Argentina,-38.4161,-63.6167,Temperate / Subtropical,44.83,Cirrus,0.2903,4.886,55.44,16.97,1012.65,0.5,4309.9
2026-07-28T16:00:00+00:00,AR,Argentina,-38.4161,-63.6167,Temperate / Subtropical,39.88,Altocumulus,0.2022,2.44,56.32,13.14,1012.43,0.5,4994.2
2026-07-28T17:00:00+00:00,AR,Argentina,-38.4161,-63.6167,Temperate / Subtropical,42.34,Altocumulus,0.3601,1.565,57.02,14.63,1014.61,0.5,7288.6
2026-07-28T18:00:00+00:00,AR,Argentina,-38.4161,-63.6167,Temperate / Subtropical,41.34,Cirrus,0.2787,5.901,63.22,12.37,1016.16,0.5,3877.0
2026-07-28T19:00:00+00:00,AR,Argentina,-38.4161,-63.6167,Temperate / Subtropical,44.77,Cumulus,0.2669,3.329,61.13,10.96,1015.14,0.5,5603.1
2026-07-28T20:00:00+00:00,AR,Argentina,-38.4161,-63.6167,Temperate / Subtropical,38.48,Cirrus,0.3435,5.429,62.28,8.75,1014.18,0.5,7870.8
2026-07-28T21:00:00+00:00,AR,Argentina,-38.4161,-63.6167,Temperate / Subtropical,42.65,Cirrus,0.3732,2.03,65.04,7.15,1017.42,0.5,8178.3
2026-07-28T22:00:00+00:00,AR,Argentina,-38.4161,-63.6167,Temperate / Subtropical,37.83,Cirrus,0.1885,1.124,65.96,8.24,1015.13,0.5,7467.3
2026-07-28T23:00:00+00:00,AR,Argentina,-38.4161,-63.6167,Temperate / Subtropical,42.49,Altocumulus,0.1914,5.304,71.33,6.7,1013.39,0.5,8339.9
2026-07-29T00:00:00+00:00,AR,Argentina,-38.4161,-63.6167,Temperate / Subtropical,44.66,Altocumulus,0.2161,4.691,66.27,6.58,1011.98,0.5,4809.1
2026-07-29T01:00:00+00:00,AR,Argentina,-38.4161,-63.6167,Temperate / Subtropical,53.66,Altocumulus,0.64,5.571,64.49,5.98,1013.04,0.5,2687.4
2026-07-29T02:00:00+00:00,AR,Argentina,-38.4161,-63.6167,Temperate / Subtropical,47.98,Altocumulus,0.2942,2.846,69.09,7.21,1015.34,0.5,8954.6
2026-07-29T03:00:00+00:00,AR,Argentina,-38.4161,-63.6167,Temperate / Subtropical,56.02,Cumulus,0.5318,15.588,63.41,9.66,1011.31,0.5,2598.2
2026-07-29T04:00:00+00:00,AR,Argentina,-38.4161,-63.6167,Temperate / Subtropical,56.95,Altocumulus,0.377,12.668,65.39,9.5,1012.85,0.5,2017.5
2026-07-29T05:00:00+00:00,AR,Argentina,-38.4161,-63.6167,Temperate / Subtropical,49.46,Altocumulus,0.1998,4.194,66.08,9.83,1013.46,0.5,7934.1
2026-07-29T06:00:00+00:00,AR,Argentina,-38.4161,-63.6167,Temperate / Subtropical,56.01,Altocumulus,0.4558,13.379,61.64,15.04,1013.13,0.5,1267.0
2026-07-29T07:00:00+00:00,AR,Argentina,-38.4161,-63.6167,Temperate / Subtropical,60.61,Altocumulus,0.6486,11.897,55.9,13.08,1014.14,0.5,1237.1
2026-07-29T08:00:00+00:00,AR,Argentina,-38.4161,-63.6167,Temperate / Subtropical,55.99,Altocumulus,0.6446,7.728,54.08,16.08,1010.51,0.5,2125.2
2026-07-29T09:00:00+00:00,AR,Argentina,-38.4161,-63.6167,Temperate / Subtropical,54.34,Cumulus,0.5514,17.026,49.81,15.25,1012.33,0.5,2727.2
2026-07-29T10:00:00+00:00,AR,Argentina,-38.4161,-63.6167,Temperate / Subtropical,55.75,Stratocumulus,0.3651,7.655,50.43,14.73,1012.11,0.5,1348.7
2026-07-29T11:00:00+00:00,AR,Argentina,-38.4161,-63.6167,Temperate / Subtropical,70.35,Altocumulus,0.569,17.863,51.85,15.49,1010.66,0.5,1624.3
2026-07-29T12:00:00+00:00,AR,Argentina,-38.4161,-63.6167,Temperate / Subtropical,69.86,Cumulus,0.4995,8.049,54.97,17.56,1011.13,0.5,2045.0
2026-07-29T13:00:00+00:00,AR,Argentina,-38.4161,-63.6167,Temperate / Subtropical,67.98,Stratocumulus,0.4095,5.137,49.46,15.63,1012.66,0.5,2644.9
2026-07-29T14:00:00+00:00,AR,Argentina,-38.4161,-63.6167,Temperate / Subtropical,58.66,Cumulus,0.3578,7.948,57.36,17.09,1011.88,0.5,2023.8
2026-07-29T15:00:00+00:00,AR,Argentina,-38.4161,-63.6167,Temperate / Subtropical,55.88,Cumulus,0.5157,15.113,52.96,15.68,1012.29,0.5,2429.8
2026-07-29T16:00:00+00:00,AR,Argentina,-38.4161,-63.6167,Temperate / Subtropical,65.74,Altocumulus,0.4748,14.392,58.3,15.34,1009.79,0.5,1568.7
2026-07-29T17:00:00+00:00,AR,Argentina,-38.4161,-63.6167,Temperate / Subtropical,65.45,Stratocumulus,0.4824,17.707,57.32,12.24,1011.84,0.5,2718.9
2026-07-29T18:00:00+00:00,AR,Argentina,-38.4161,-63.6167,Temperate / Subtropical,59.6,Altocumulus,0.3857,16.79,61.25,11.8,1012.64,0.5,1873.6
2026-07-29T19:00:00+00:00,AR,Argentina,-38.4161,-63.6167,Temperate / Subtropical,68.74,Stratocumulus,0.4194,10.53,59.55,11.7,1012.64,0.5,2052.9
2026-07-29T20:00:00+00:00,AR,Argentina,-38.4161,-63.6167,Temperate / Subtropical,73.19,Cumulus,0.5379,9.458,56.4,9.89,1008.81,0.5,1615.7
2026-07-29T21:00:00+00:00,AR,Argentina,-38.4161,-63.6167,Temperate / Subtropical,64.47,Cumulus,0.358,17.603,61.19,7.85,1013.01,0.5,1037.9
2026-07-29T22:00:00+00:00,AR,Argentina,-38.4161,-63.6167,Temperate / Subtropical,69.12,Altocumulus,0.5913,16.995,57.75,6.68,1010.49,0.5,1150.0
2026-07-29T23:00:00+00:00,AR,Argentina,-38.4161,-63.6167,Temperate / Subtropical,72.06,Altocumulus,0.4593,14.474,66.89,8.94,1010.94,0.5,2934.9
2026-07-30T00:00:00+00:00,AR,Argentina,-38.4161,-63.6167,Temperate / Subtropical,69.48,Cumulus,0.3645,5.468,67.8,6.27,1008.0,0.5,2042.2
2026-07-30T01:00:00+00:00,AR,Argentina,-38.4161,-63.6167,Temperate / Subtropical,63.48,Altocumulus,0.366,11.692,63.73,7.73,1011.61,0.5,1541.0
2026-07-30T02:00:00+00:00,AR,Argentina,-38.4161,-63.6167,Temperate / Subtropical,72.72,Stratocumulus,0.573,11.343,63.77,9.07,1006.64,0.5,1387.4
2026-07-30T03:00:00+00:00,AR,Argentina,-38.4161,-63.6167,Temperate / Subtropical,62.23,Stratocumulus,0.5672,9.076,66.06,9.58,1014.26,0.5,2647.5
2026-07-30T04:00:00+00:00,AR,Argentina,-38.4161,-63.6167,Temperate / Subtropical,74.69,Cumulus,0.3691,15.979,61.84,10.77,1011.01,0.5,1601.3
2026-07-30T05:00:00+00:00,AR,Argentina,-38.4161,-63.6167,Temperate / Subtropical,74.98,Stratocumulus,0.5529,12.602,57.86,9.77,1011.07,0.5,1547.9
2026-07-30T06:00:00+00:00,AR,Argentina,-38.4161,-63.6167,Temperate / Subtropical,57.72,Altocumulus,0.4706,8.898,65.24,12.29,1013.12,0.5,2638.7
2026-07-30T07:00:00+00:00,AR,Argentina,-38.4161,-63.6167,Temperate / Subtropical,69.41,Stratocumulus,0.629,11.471,58.16,11.11,1008.84,0.5,2890.8
2026-07-30T08:00:00+00:00,AR,Argentina,-38.4161,-63.6167,Temperate / Subtropical,60.57,Stratocumulus,0.4285,9.088,60.03,13.06,1015.95,0.5,2684.0
2026-07-30T09:00:00+00:00,AR,Argentina,-38.4161,-63.6167,Temperate / Subtropical,65.44,Cumulus,0.4833,13.482,59.81,15.53,1010.68,0.5,2492.9
2026-07-30T10:00:00+00:00,AR,Argentina,-38.4161,-63.6167,Temperate / Subtropical,63.59,Stratocumulus,0.3731,15.752,56.08,15.13,1010.45,0.5,1786.7
2026-07-30T11:00:00+00:00,AR,Argentina,-38.4161,-63.6167,Temperate / Subtropical,65.03,Stratocumulus,0.5221,11.969,47.9,17.52,1012.86,0.5,2074.3
2026-07-30T12:00:00+00:00,AR,Argentina,-38.4161,-63.6167,Temperate / Subtropical,62.39,Cumulus,0.4968,11.333,50.64,16.43,1011.54,0.5,1718.9
2026-07-30T13:00:00+00:00,AR,Argentina,-38.4161,-63.6167,Temperate / Subtropical,52.58,Cumulus,0.608,6.055,59.0,15.86,1015.89,0.5,2841.4
2026-07-30T14:00:00+00:00,AR,Argentina,-38.4161,-63.6167,Temperate / Subtropical,56.93,Stratocumulus,0.6401,15.256,51.26,16.67,1011.28,0.5,2107.1
2026-07-30T15:00:00+00:00,AR,Argentina,-38.4161,-63.6167,Temperate / Subtropical,49.37,Cumulus,0.3413,1.467,53.88,16.18,1013.45,0.5,5419.9
2026-07-30T16:00:00+00:00,AR,Argentina,-38.4161,-63.6167,Temperate / Subtropical,52.88,Stratocumulus,0.4178,16.273,55.58,14.14,1012.62,0.5,2023.7
2026-07-30T17:00:00+00:00,AR,Argentina,-38.4161,-63.6167,Temperate / Subtropical,54.24,Altocumulus,0.434,13.844,57.38,14.05,1015.58,0.5,1262.6
2026-07-30T18:00:00+00:00,AR,Argentina,-38.4161,-63.6167,Temperate / Subtropical,57.22,Altocumulus,0.6318,17.004,65.51,12.44,1012.21,0.5,2095.5
2026-07-30T19:00:00+00:00,AR,Argentina,-38.4161,-63.6167,Temperate / Subtropical,50.47,Stratocumulus,0.5216,11.587,63.22,8.77,1011.55,0.5,2152.1
2026-07-30T20:00:00+00:00,AR,Argentina,-38.4161,-63.6167,Temperate / Subtropical,57.19,Altocumulus,0.525,6.675,66.11,9.24,1011.07,0.5,1661.2
2026-07-30T21:00:00+00:00,AR,Argentina,-38.4161,-63.6167,Temperate / Subtropical,48.89,Altocumulus,0.2782,3.969,63.27,11.28,1013.21,0.5,7706.2
2026-07-30T22:00:00+00:00,AR,Argentina,-38.4161,-63.6167,Temperate / Subtropical,49.85,Cumulus,0.174,1.614,70.54,6.76,1012.52,0.5,4130.8
2026-07-30T23:00:00+00:00,AR,Argentina,-38.4161,-63.6167,Temperate / Subtropical,49.98,Cirrus,0.3794,1.306,66.37,8.97,1011.43,0.5,5647.0
