timestamp,country_code,country_name,latitude,longitude,climate_zone,cloud_cover_pct,cloud_type,satellite_reflectance,optical_depth,humidity_pct,temperature_c,pressure_hpa,wind_speed_ms,cloud_base_altitude_m
2026-07-01T00:00:00+00:00,US,United States,37.0902,-95.7129,Continental / Subtropical,54.48,Altocumulus,0.5771,11.662,67.85,6.83,1013.54,0.5,2218.6
2026-07-01T01:00:00+00:00,US,United States,37.0902,-95.7129,Continental / Subtropical,64.07,Stratocumulus,0.4538,11.9,71.32,7.06,1012.6,0.5,2179.5
2026-07-01T02:00:00+00:00,US,United States,37.0902,-95.7129,Continental / Subtropical,54.36,Stratocumulus,0.3965,13.917,66.21,6.55,1012.64,0.5,1814.5
2026-07-01T03:00:00+00:00,US,United States,37.0902,-95.7129,Continental / Subtropical,55.09,Cumulus,0.5514,13.641,66.46,9.24,1013.6,0.5,1153.1
2026-07-01T04:00:00+00:00,US,United States,37.0902,-95.7129,Continental / Subtropical,59.96,Cumulus,0.4684,6.966,58.3,10.63,1012.75,0.5,2425.3
2026-07-01T05:00:00+00:00,US,United States,37.0902,-95.7129,Continental / Subtropical,63.88,Altocumulus,0.6209,15.56,65.34,11.55,1011.22,0.5,1068.5
2026-07-01T06:00:00+00:00,US,United States,37.0902,-95.7129,Continental / Subtropical,65.35,Cumulus,0.6174,7.507,56.28,13.25,1010.99,0.5,2802.0
2026-07-01T07:00:00+00:00,US,United States,37.0902,-95.7129,Continental / Subtropical,61.5,Altocumulus,0.362,6.764,61.94,11.1,1010.24,0.5,1568.3
2026-07-01T08:00:00+00:00,US,United States,37.0902,-95.7129,Continental / Subtropical,69.28,Cumulus,0.4206,11.887,62.33,13.86,1011.61,0.5,1781.4
2026-07-01T09:00:00+00:00,US,United States,37.0902,-95.7129,Continental / Subtropical,69.8,Cumulus,0.4929,11.117,52.46,15.87,1010.03,0.5,2971.4
2026-07-01T10:00:00+00:00,US,United States,37.0902,-95.7129,Continental / Subtropical,65.94,Altocumulus,0.5451,6.241,58.91,17.82,1013.64,0.5,1458.6
2026-07-01T11:00:00+00:00,US,United States,37.0902,-95.7129,Continental / Subtropical,72.17,Cumulus,0.4816,8.23,60.29,16.87,1011.84,0.5,2802.5
2026-07-01T12:00:00+00:00,US,United States,37.0902,-95.7129,Continental / Subtropical,62.92,Stratocumulus,0.5144,15.45,55.66,19.08,1012.69,0.5,2680.8
2026-07-01T13:00:00+00:00,US,United States,37.0902,-95.7129,Continental / Subtropical,73.75,Altocumulus,0.4251,9.215,51.38,17.58,1011.46,0.5,1105.8
2026-07-01T14:00:00+00:00,US,United States,37.0902,-95.7129,Continental / Subtropical,73.73,Stratocumulus,0.4057,7.797,48.63,17.83,1011.16,0.5,2898.7
2026-07-01T15:00:00+00:00,US,United States,37.0902,-95.7129,Continental / Subtropical,71.33,Altocumulus,0.374,17.497,54.07,18.55,1009.68,0.5,2076.7
2026-07-01T16:00:00+00:00,US,United States,37.0902,-95.7129,Continental / Subtropical,72.01,Altocumulus,0.5423,11.657,57.02,17.27,1012.39,0.5,1958.8
2026-07-01T17:00:00+00:00,US,United States,37.0902,-95.7129,Continental / Subtropical,68.07,Stratocumulus,0.5111,14.953,57.82,14.68,1012.25,0.5,2962.6
2026-07-01T18:00:00+00:00,US,United States,37.0902,-95.7129,Continental / Subtropical,70.73,Cumulus,0.4782,5.076,59.44,12.92,1011.18,0.5,2896.2
2026-07-01T19:00:00+00:00,US,United States,37.0902,-95.7129,Continental / Subtropical,60.56,Altocumulus,0.358,8.363,65.7,12.5,1014.42,0.5,2041.0
2026-07-01T20:00:00+00:00,US,United States,37.0902,-95.7129,Continental / Subtropical,65.3,Stratocumulus,0.611,6.5,63.19,9.45,1009.86,0.5,2113.2
2026-07-01T21:00:00+00:00,US,United States,37.0902,-95.7129,Continental / Subtropical,70.49,Altocumulus,0.632,12.913,64.68,8.99,1012.56,0.5,2767.9
2026-07-01T22:00:00+00:00,US,United States,37.0902,-95.7129,Continental / Subtropical,64.94,Cumulus,0.359,15.668,66.44,9.8,1012.11,0.5,2753.4
2026-07-01T23:00:00+00:00,US,United States,37.0902,-95.7129,Continental / Subtropical,67.21,Altocumulus,0.3877,7.443,62.01,7.47,1011.05,0.5,1392.9
2026-07-02T00:00:00+00:00,US,United States,37.0902,-95.7129,Continental / Subtropical,71.58,Stratocumulus,0.4102,17.827,66.04,6.79,1011.17,0.5,2705.0
2026-07-02T01:00:00+00:00,US,United States,37.0902,-95.7129,Continental / Subtropical,61.97,Cumulus,0.3819,8.4,65.8,7.12,1010.3,0.5,2050.0
2026-07-02T02:00:00+00:00,US,United States,37.0902,-95.7129,Continental / Subtropical,70.43,Cumulus,0.5404,5.127,71.35,6.9,1011.4,0.5,2678.7
2026-07-02T03:00:00+00:00,US,United States,37.0902,-95.7129,Continental / Subtropical,62.32,Stratocumulus,0.6098,7.125,60.36,9.29,1011.47,0.5,2033.5
2026-07-02T04:00:00+00:00,US,United States,37.0902,-95.7129,Continental / Subtropical,55.05,Cumulus,0.5393,6.562,64.03,12.64,1013.34,0.5,2691.4
2026-07-02T05:00:00+00:00,US,United States,37.0902,-95.7129,Continental / Subtropical,56.57,Altocumulus,0.5106,9.573,71.06,12.71,1015.63,0.5,2956.1
2026-07-02T06:00:00+00:00,US,United States,37.0902,-95.7129,Continental / Subtropical,65.1,Stratocumulus,0.4042,5.035,59.66,14.35,1008.33,0.5,1047.3
2026-07-02T07:00:00+00:00,US,United States,37.0902,-95.7129,Continental / Subtropical,67.87,Stratocumulus,0.3545,17.027,60.6,12.91,1012.32,0.5,1063.9
2026-07-02T08:00:00+00:00,US,United States,37.0902,-95.7129,Continental / Subtropical,59.51,Stratocumulus,0.5427,14.242,55.14,14.95,1013.38,0.5,1077.5
2026-07-02T09:00:00+00:00,US,United States,37.0902,-95.7129,Continental / Subtropical,51.08,Cumulus,0.5447,5.769,57.77,15.68,1014.55,0.5,1249.3
2026-07-02T10:00:00+00:00,US,United States,37.0902,-95.7129,Continental / Subtropical,58.35,Altocumulus,0.5736,17.023,51.35,18.19,1015.2,0.5,2962.3
2026-07-02T11:00:00+00:00,US,United States,37.0902,-95.7129,Continental / Subtropical,52.46,Stratocumulus,0.6132,6.391,55.15,17.17,1013.45,0.5,1976.3
2026-07-02T12:00:00+00:00,US,United States,37.0902,-95.7129,Continental / Subtropical,47.87,Cumulus,0.1622,2.847,46.84,16.14,1014.52,0.5,8635.9
2026-07-02T13:00:00+00:00,US,United States,37.0902,-95.7129,Continental / Subtropical,52.96,Stratocumulus,0.65,13.176,53.82,16.35,1012.93,0.5,1491.0
2026-07-02T14:00:00+00:00,US,United States,37.0902,-95.7129,Continental / Subtropical,60.05,Stratocumulus,0.4578,12.117,54.28,15.16,1010.5,0.5,1589.4
2026-07-02T15:00:00+00:00,US,United States,37.0902,-95.7129,Continental / Subtropical,47.92,Cumulus,0.2107,4.839,60.07,16.91,1012.83,0.5,7091.9
2026-07-02T16:00:00+00:00,US,United States,37.0902,-95.7129,Continental / Subtropical,45.77,Cumulus,0.2878,1.219,58.55,13.93,1012.63,0.5,3936.2
2026-07-02T17:00:00+00:00,US,United States,37.0902,-95.7129,Continental / Subtropical,60.39,Cumulus,0.5328,14.189,59.38,13.37,1012.22,0.5,2113.7
2026-07-02T18:00:00+00:00,US,United States,37.0902,-95.7129,Continental / Subtropical,45.34,Altocumulus,0.3147,3.866,58.45,14.98,1015.34,0.5,6364.5
2026-07-02T19:00:00+00:00,US,United States,37.0902,-95.7129,Continental / Subtropical,47.23,Cirrus,0.216,2.271,62.01,10.38,1012.89,0.5,8421.5
2026-07-02T20:00:00+00:00,US,United States,37.0902,-95.7129,Continental / Subtropical,35.66,Cirrus,0.3493,5.194,60.81,11.28,1012.9,0.5,4230.3
2026-07-02T21:00:00+00:00,US,United States,37.0902,-95.7129,Continental / Subtropical,33.13,Cumulus,0.2887,5.882,70.4,9.53,1014.59,0.5,5782.2
2026-07-02T22:00:00+00:00,US,United States,37.0902,-95.7129,Continental / Subtropical,35.96,Altocumulus,0.2783,5.986,59.69,7.25,1014.89,0.5,6637.8
2026-07-02T23:00:00+00:00,US,United States,37.0902,-95.7129,Continental / Subtropical,34.71,Altocumulus,0.3671,2.194,58.74,9.38,1018.03,0.5,8453.7
2026-07-03T00:00:00+00:00,US,United States,37.0902,-95.7129,Continental / Subtropical,33.56,Cirrus,0.2326,3.104,66.39,7.15,1016.39,0.5,4670.9
2026-07-03T01:00:00+00:00,US,United States,37.0902,-95.7129,Continental / Subtropical,39.0,Cumulus,0.2324,2.096,69.92,9.27,1015.13,0.5,5958.9
2026-07-03T02:00:00+00:00,US,United States,37.0902,-95.7129,Continental / Subtropical,35.04,Cumulus,0.2602,3.88,68.33,9.34,1016.45,0.5,3872.0
2026-07-03T03:00:00+00:00,US,United States,37.0902,-95.7129,Continental / Subtropical,26.86,Cumulus,0.2039,5.097,67.21,10.53,1018.5,0.5,5005.2
2026-07-03T04:00:00+00:00,US,United States,37.0902,-95.7129,Continental / Subtropical,23.31,Altocumulus,0.3045,3.867,62.79,11.0,1015.14,0.5,8106.6
2026-07-03T05:00:00+00:00,US,United States,37.0902,-95.7129,Continental / Subtropical,41.64,Altocumulus,0.3247,4.336,62.87,10.95,1013.74,0.5,6987.3
2026-07-03T06:00:00+00:00,US,United States,37.0902,-95.7129,Continental / Subtropical,35.1,Cumulus,0.1791,3.096,58.17,13.13,1015.27,0.5,7468.4
2026-07-03T07:00:00+00:00,US,United States,37.0902,-95.7129,Continental / Subtropical,25.42,Cirrus,0.1591,2.891,55.72,12.96,1014.49,0.5,5199.3
2026-07-03T08:00:00+00:00,US,United States,37.0902,-95.7129,Continental / Subtropical,34.48,Altocumulus,0.1664,3.163,58.34,14.47,1014.62,0.5,8420.7
2026-07-03T09:00:00+00:00,US,United States,37.0902,-95.7129,Continental / Subtropical,34.25,Cumulus,0.2667,3.568,55.88,17.63,1016.9,0.5,3740.0
2026-07-03T10:00:00+00:00,US,United States,37.0902,-95.7129,Continental / Subtropical,33.1,Cumulus,0.1836,1.274,57.46,17.9,1014.85,0.5,7154.0
2026-07-03T11:00:00+00:00,US,United States,37.0902,-95.7129,Continental / Subtropical,27.83,Cumulus,0.2722,4.735,50.56,19.11,1016.57,0.5,8580.1
2026-07-03T12:00:00+00:00,US,United States,37.0902,-95.7129,Continental / Subtropical,31.15,Cirrus,0.2404,4.091,52.92,16.88,1016.71,0.5,5872.8
2026-07-03T13:00:00+00:00,US,United States,37.0902,-95.7129,Continental / Subtropical,32.36,Cumulus,0.233,4.761,49.06,18.2,1015.53,0.5,3546.7
2026-07-03T14:00:00+00:00,US,United States,37.0902,-95.7129,Continental / Subtropical,24.88,Altocumulus,0.3426,4.573,46.14,16.62,1017.49,0.5,6887.6
2026-07-03T15:00:00+00:00,US,United States,37.0902,-95.7129,Continental / Subtropical,31.09,Altocumulus,0.31,1.64,55.4,15.99,1013.77,0.5,6347.1
2026-07-03T16:00:00+00:00,US,United States,37.0902,-95.7129,Continental / Subtropical,24.49,Altocumulus,0.2194,4.968,53.29,14.44,1018.59,0.5,8733.9
2026-07-03T17:00:00+00:00,US,United States,37.0902,-95.7129,Continental / Subtropical,37.61,Cirrus,0.2999,3.305,58.88,14.04,1014.01,0.5,7920.7
2026-07-03T18:00:00+00:00,US,United States,37.0902,-95.7129,Continental / Subtropical,27.92,Cirrus,0.2275,4.708,59.3,13.67,1016.81,0.5,8625.9
2026-07-03T19:00:00+00:00,US,United States,37.0902,-95.7129,Continental / Subtropical,30.18,Altocumulus,0.2049,3.953,65.48,11.86,1017.36,0.5,4827.8
2026-07-03T20:00:00+00:00,US,United States,37.0902,-95.7129,Continental / Subtropical,31.11,Altocumulus,0.3167,5.148,67.96,10.4,1012.89,0.5,5993.2
2026-07-03T21:00:00+00:00,US,United States,37.0902,-95.7129,Continental / Subtropical,32.58,Altocumulus,0.2382,5.403,64.89,9.86,1019.02,0.5,4404.2
2026-07-03T22:00:00+00:00,US,United States,37.0902,-95.7129,Continental / Subtropical,31.44,Altocumulus,0.3238,2.391,69.49,10.26,1016.03,0.5,6438.4
2026-07-03T23:00:00+00:00,US,United States,37.0902,-95.7129,Continental / Subtropical,36.44,Cirrus,0.2293,1.788,70.77,8.72,1014.99,0.5,3906.4
2026-07-04T00:00:00+00:00,US,United States,37.0902,-95.7129,Continental / Subtropical,32.86,Altocumulus,0.3678,5.92,69.51,8.58,1016.05,0.5,4320.9
2026-07-04T01:00:00+00:00,US,United States,37.0902,-95.7129,Continental / Subtropical,38.85,Cirrus,0.3178,2.22,62.63,6.24,1015.54,0.5,8692.6
2026-07-04T02:00:00+00:00,US,United States,37.0902,-95.7129,Continental / Subtropical,27.27,Cumulus,0.2982,3.15,68.91,7.37,1015.85,0.5,4779.9
2026-07-04T03:00:00+00:00,US,United States,37.0902,-95.7129,Continental / Subtropical,43.94,Altocumulus,0.2237,3.831,63.3,11.02,1012.67,0.5,3841.8
2026-07-04T04:00:00+00:00,US,United States,37.0902,-95.7129,Continental / Subtropical,41.91,Cirrus,0.2781,3.181,60.75,12.0,1013.85,0.5,5354.7
2026-07-04T05:00:00+00:00,US,United States,37.0902,-95.7129,Continental / Subtropical,40.59,Altocumulus,0.1743,2.843,62.54,11.05,1014.48,0.5,7688.4
2026-07-04T06:00:00+00:00,US,United States,37.0902,-95.7129,Continental / Subtropical,47.16,Cirrus,0.2839,1.087,63.33,12.33,1011.61,0.5,8873.5
2026-07-04T07:00:00+00:00,US,United States,37.0902,-95.7129,Continental / Subtropical,48.82,Altocumulus,0.3415,1.279,57.84,13.98,1014.49,0.5,7138.5
2026-07-04T08:00:00+00:00,US,United States,37.0902,-95.7129,Continental / Subtropical,48.39,Cumulus,0.3515,3.408,57.61,15.63,1017.44,0.5,6286.8
2026-07-04T09:00:00+00:00,US,United States,37.0902,-95.7129,Continental / Subtropical,49.83,Cirrus,0.205,3.851,51.31,15.78,1015.75,0.5,7460.2
2026-07-04T10:00:00+00:00,US,United States,37.0902,-95.7129,Continental / Subtropical,50.59,Altocumulus,0.3583,8.865,51.91,17.87,1013.92,0.5,1407.9
2026-07-04T11:00:00+00:00,US,United States,37.0902,-95.7129,Continental / Subtropical,51.49,Cumulus,0.4934,9.947,51.35,16.69,1012.43,0.5,1261.5
2026-07-04T12:00:00+00:00,US,United States,37.0902,-95.7129,Continental / Subtropical,48.93,Cirrus,0.1593,1.075,52.02,17.28,1013.53,0.5,7175.6
2026-07-04T13:00:00+00:00,US,United States,37.0902,-95.7129,Continental / Subtropical,38.88,Altocumulus,0.2998,4.446,48.59,16.69,1017.13,0.5,7272.1
2026-07-04T14:00:00+00:00,US,United States,37.0902,-95.7129,Continental / Subtropical,58.68,Stratocumulus,0.4455,8.376,53.72,17.97,1009.25,0.5,2724.7
2026-07-04T15:00:00+00:00,US,United States,37.0902,-95.7129,Continental / Subtropical,50.91,Cumulus,0.374,10.795,54.25,16.25,1013.23,0.5,2333.2
2026-07-04T16:00:00+00:00,US,United States,37.0902,-95.7129,Continental / Subtropical,49.5,Cumulus,0.1794,3.096,53.37,13.81,1013.43,0.5,8983.1
2026-07-04T17:00:00+00:00,US,United States,37.0902,-95.7129,Continental / Subtropical,57.47,Stratocumulus,0.3568,11.857,60.98,16.03,1012.91,0.5,1393.3
2026-07-04T18:00:00+00:00,US,United States,37.0902,-95.7129,Continental / Subtropical,55.35,Stratocumulus,0.3832,10.621,58.59,12.26,1010.13,0.5,2531.4
2026-07-04T19:00:00+00:00,US,United States,37.0902,-95.7129,Continental / Subtropical,50.89,Altocumulus,0.4971,13.892,63.8,13.01,1013.75,0.5,2050.0
2026-07-04T20:00:00+00:00,US,United States,37.0902,-95.7129,Continental / Subtropical,58.66,Cumulus,0.5283,11.68,56.13,7.06,1011.05,0.5,1827.0
2026-07-04T21:00:00+00:00,US,United States,37.0902,-95.7129,Continental / Subtropical,46.66,Cumulus,0.2278,2.79,63.94,11.9,1012.58,0.5,4588.1
2026-07-04T22:00:00+00:00,US,United States,37.0902,-95.7129,Continental / Subtropical,43.26,Cumulus,0.3427,2.074,68.94,8.64,1014.96,0.5,7078.5
2026-07-04T23:00:00+00:00,US,United States,37.0902,-95.7129,Continental / Subtropical,49.18,Cumulus,0.2956,4.545,70.04,6.01,1013.21,0.5,7624.6
2026-07-05T00:00:00+00:00,US,United States,37.0902,-95.7129,Continental / Subtropical,56.57,Altocumulus,0.495,13.945,69.82,7.02,1011.44,0.5,1242.8
2026-07-05T01:00:00+00:00,US,United States,37.0902,-95.7129,Continental / Subtropical,45.66,Cirrus,0.37,3.724,67.01,8.13,1013.21,0.5,8171.9
2026-07-05T02:00:00+00:00,US,United States,37.0902,-95.7129,Continental / Subtropical,52.83,Stratocumulus,0.3609,16.669,65.19,11.67,1012.68,0.5,2945.1
2026-07-05T03:00:00+00:00,US,United States,37.0902,-95.7129,Continental / Subtropical,51.79,Cumulus,0.4004,10.711,69.46,9.03,1011.8,0.5,1906.6
2026-07-05T04:00:00+00:00,US,United States,37.0902,-95.7129,Continental / Subtropical,50.81,Cumulus,0.618,9.23,64.12,10.4,1013.83,0.5,2559.3
2026-07-05T05:00:00+00:00,US,United States,37.0902,-95.7129,Continental / Subtropical,41.81,Altocumulus,0.252,3.407,60.0,10.73,1014.35,0.5,7606.8
2026-07-05T06:00:00+00:00,US,United States,37.0902,-95.7129,Continental / Subtropical,59.26,Stratocumulus,0.4032,12.741,67.78,11.45,1011.74,0.5,1305.4
2026-07-05T07:00:00+00:00,US,United States,37.0902,-95.7129,Continental / Subtropical,39.05,Cumulus,0.2664,1.698,56.46,13.02,1014.92,0.5,4718.8
2026-07-05T08:00:00+00:00,US,United States,37.0902,-95.7129,Continental / Subtropical,42.08,Altocumulus,0.3132,2.214,55.2,13.65,1018.21,0.5,7859.8
2026-07-05T09:00:00+00:00,US,United States,37.0902,-95.7129,Continental / Subtropical,47.75,Cirrus,0.1617,3.36,52.38,16.27,1013.58,0.5,8125.6
2026-07-05T10:00:00+00:00,US,United States,37.0902,-95.7129,Continental / Subtropical,51.56,Stratocumulus,0.3597,10.976,58.15,18.39,1012.6,0.5,1209.5
2026-07-05T11:00:00+00:00,US,United States,37.0902,-95.7129,Continental / Subtropical,40.44,Cumulus,0.3514,2.149,57.65,17.89,1014.92,0.5,5412.2
2026-07-05T12:00:00+00:00,US,United States,37.0902,-95.7129,Continental / Subtropical,40.68,Cirrus,0.23,3.991,46.09,15.86,1013.48,0.5,8702.8
2026-07-05T13:00:00+00:00,US,United States,37.0902,-95.7129,Continental / Subtropical,41.81,Altocumulus,0.1563,2.965,51.16,16.28,1017.95,0.5,5897.4
2026-07-05T14:00:00+00:00,US,United States,37.0902,-95.7129,Continental / Subtropical,32.76,Cumulus,0.2843,4.904,55.43,19.22,1013.84,0.5,7294.7
2026-07-05T15:00:00+00:00,US,United States,37.0902,-95.7129,Continental / Subtropical,40.24,Cumulus,0.3533,4.649,52.66,19.31,1017.43,0.5,4280.1
2026-07-05T16:00:00+00:00,US,United States,37.0902,-95.7129,Continental / Subtropical,44.0,Cumulus,0.2091,5.18,53.26,16.9,1014.04,0.5,3841.2
2026-07-05T17:00:00+00:00,US,United States,37.0902,-95.7129,Continental / Subtropical,30.74,Cirrus,0.1606,2.272,61.88,13.97,1014.79,0.5,7626.0
2026-07-05T18:00:00+00:00,US,United States,37.0902,-95.7129,Continental / Subtropical,37.8,Altocumulus,0.2328,2.779,61.05,13.74,1016.83,0.5,8207.5
2026-07-05T19:00:00+00:00,US,United States,37.0902,-95.7129,Continental / Subtropical,35.36,Altocumulus,0.2065,4.062,62.06,11.36,1014.59,0.5,4062.2
2026-07-05T20:00:00+00:00,US,United States,37.0902,-95.7129,Continental / Subtropical,33.83,Cumulus,0.2042,2.41,64.28,11.49,1015.97,0.5,8781.7
2026-07-05T21:00:00+00:00,US,United States,37.0902,-95.7129,Continental / Subtropical,23.26,Cumulus,0.2801,4.723,65.79,9.78,1018.18,0.5,5919.9
2026-07-05T22:00:00+00:00,US,United States,37.0902,-95.7129,Continental / Subtropical,31.91,Altocumulus,0.1785,5.818,66.09,10.5,1016.05,0.5,7138.9
2026-07-05T23:00:00+00:00,US,United States,37.0902,-95.7129,Continental / Subtropical,34.09,Altocumulus,0.3135,1.213,63.08,9.24,1016.7,0.5,4508.6
2026-07-06T00:00:00+00:00,US,United States,37.0902,-95.7129,Continental / Subtropical,25.81,Altocumulus,0.258,5.721,64.76,8.04,1017.43,0.5,8537.4
2026-07-06T01:00:00+00:00,US,United States,37.0902,-95.7129,Continental / Subtropical,28.38,Altocumulus,0.3167,1.593,70.43,8.21,1017.95,0.5,4017.0
2026-07-06T02:00:00+00:00,US,United States,37.0902,-95.7129,Continental / Subtropical,23.4,Cirrus,0.2165,4.895,68.2,8.85,1017.4,0.5,4778.0
2026-07-06T03:00:00+00:00,US,United States,37.0902,-95.7129,Continental / Subtropical,16.05,Altocumulus,0.2703,3.914,69.21,10.51,1017.31,0.5,4596.8
2026-07-06T04:00:00+00:00,US,United States,37.0902,-95.7129,Continental / Subtropical,25.71,Cumulus,0.1558,2.427,61.47,7.6,1020.13,0.5,7875.3
2026-07-06T05:00:00+00:00,US,United States,37.0902,-95.7129,Continental / Subtropical,19.95,Cirrus,0.2881,1.439,60.7,13.17,1018.24,0.5,8773.2
2026-07-06T06:00:00+00:00,US,United States,37.0902,-95.7129,Continental / Subtropical,23.2,Cirrus,0.2514,1.273,63.35,11.16,1016.11,0.5,4892.4
2026-07-06T07:00:00+00:00,US,United States,37.0902,-95.7129,Continental / Subtropical,23.38,Cirrus,0.1961,4.8,64.64,13.27,1018.79,0.5,4607.7
2026-07-06T08:00:00+00:00,US,United States,37.0902,-95.7129,Continental / Subtropical,22.67,Cirrus,0.2932,2.142,54.03,16.18,1017.66,0.5,4053.3
2026-07-06T09:00:00+00:00,US,United States,37.0902,-95.7129,Continental / Subtropical,20.67,Cumulus,0.3172,3.545,58.61,17.42,1016.44,0.5,6839.4
2026-07-06T10:00:00+00:00,US,United States,37.0902,-95.7129,Continental / Subtropical,20.53,Cirrus,0.2737,2.181,49.81,16.3,1020.9,0.5,3546.3
2026-07-06T11:00:00+00:00,US,United States,37.0902,-95.7129,Continental / Subtropical,23.11,Cumulus,0.3152,2.641,50.71,17.27,1018.79,0.5,8117.9
2026-07-06T12:00:00+00:00,US,United States,37.0902,-95.7129,Continental / Subtropical,25.76,Altocumulus,0.2984,1.486,59.11,17.82,1019.06,0.5,6787.7
2026-07-06T13:00:00+00:00,US,United States,37.0902,-95.7129,Continental / Subtropical,26.12,Cumulus,0.1707,1.384,51.71,17.46,1015.8,0.5,4051.8
2026-07-06T14:00:00+00:00,US,United States,37.0902,-95.7129,Continental / Subtropical,25.37,Cirrus,0.3019,5.699,58.77,14.57,1016.41,0.5,5765.0
2026-07-06T15:00:00+00:00,US,United States,37.0902,-95.7129,Continental / Subtropical,20.78,Altocumulus,0.1599,5.565,55.58,16.44,1018.04,0.5,6105.0
2026-07-06T16:00:00+00:00,US,United States,37.0902,-95.7129,Continental / Subtropical,18.16,Cumulus,0.3118,3.246,53.22,15.44,1017.32,0.5,4973.6
2026-07-06T17:00:00+00:00,US,United States,37.0902,-95.7129,Continental / Subtropical,26.29,Cumulus,0.3168,2.148,59.15,14.56,1014.77,0.5,4880.5
2026-07-06T18:00:00+00:00,US,United States,37.0902,-95.7129,Continental / Subtropical,27.3,Cirrus,0.2584,5.074,60.95,12.76,1017.91,0.5,4397.7
2026-07-06T19:00:00+00:00,US,United States,37.0902,-95.7129,Continental / Subtropical,28.75,Cumulus,0.3608,5.415,65.07,13.32,1017.1,0.5,6450.5
2026-07-06T20:00:00+00:00,US,United States,37.0902,-95.7129,Continental / Subtropical,11.31,Clear,0.0339,0.444,63.89,10.45,1018.21,0.5,0
2026-07-06T21:00:00+00:00,US,United States,37.0902,-95.7129,Continental / Subtropical,13.49,Clear,0.0899,0.678,68.03,9.27,1018.06,0.5,0
2026-07-06T22:00:00+00:00,US,United States,37.0902,-95.7129,Continental / Subtropical,30.17,Altocumulus,0.2133,3.653,68.51,8.53,1017.39,0.5,8662.6
2026-07-06T23:00:00+00:00,US,United States,37.0902,-95.7129,Continental / Subtropical,30.94,Cumulus,0.1657,5.842,66.82,8.6,1015.53,0.5,6887.6
2026-07-07T00:00:00+00:00,US,United States,37.0902,-95.7129,Continental / Subtropical,26.45,Cirrus,0.3732,5.031,70.79,7.47,1018.09,0.5,8628.1
2026-07-07T01:00:00+00:00,US,United States,37.0902,-95.7129,Continental / Subtropical,31.28,Cumulus,0.3217,3.437,64.3,7.5,1014.17,0.5,7044.3
2026-07-07T02:00:00+00:00,US,United States,37.0902,-95.7129,Continental / Subtropical,30.61,Cirrus,0.1764,5.47,68.35,11.36,1014.65,0.5,3989.6
2026-07-07T03:00:00+00:00,US,United States,37.0902,-95.7129,Continental / Subtropical,36.36,Cumulus,0.3331,1.572,66.22,9.39,1017.06,0.5,8434.6
2026-07-07T04:00:00+00:00,US,United States,37.0902,-95.7129,Continental / Subtropical,35.51,Altocumulus,0.2839,4.805,67.13,11.49,1015.1,0.5,5286.1
2026-07-07T05:00:00+00:00,US,United States,37.0902,-95.7129,Continental / Subtropical,45.58,Cumulus,0.1612,5.653,59.84,12.31,1014.2,0.5,6345.0
2026-07-07T06:00:00+00:00,US,United States,37.0902,-95.7129,Continental / Subtropical,38.63,Altocumulus,0.1765,3.683,57.33,11.67,1015.61,0.5,6997.1
2026-07-07T07:00:00+00:00,US,United States,37.0902,-95.7129,Continental / Subtropical,39.64,Cumulus,0.3163,4.254,56.9,15.73,1013.38,0.5,4319.0
2026-07-07T08:00:00+00:00,US,United States,37.0902,-95.7129,Continental / Subtropical,50.12,Cumulus,0.3801,14.809,52.54,17.16,1014.03,0.5,2402.5
2026-07-07T09:00:00+00:00,US,United States,37.0902,-95.7129,Continental / Subtropical,45.18,Cirrus,0.2614,1.695,55.91,16.62,1015.52,0.5,8490.6
2026-07-07T10:00:00+00:00,US,United States,37.0902,-95.7129,Continental / Subtropical,38.98,Altocumulus,0.2149,1.601,55.88,17.75,1014.59,0.5,5072.4
2026-07-07T11:00:00+00:00,US,United States,37.0902,-95.7129,Continental / Subtropical,38.04,Cirrus,0.2402,5.853,51.6,17.77,1015.62,0.5,6451.1
2026-07-07T12:00:00+00:00,US,United States,37.0902,-95.7129,Continental / Subtropical,43.41,Cirrus,0.2465,4.936,57.68,18.0,1017.51,0.5,5522.2
2026-07-07T13:00:00+00:00,US,United States,37.0902,-95.7129,Continental / Subtropical,49.61,Cirrus,0.3023,4.84,57.68,20.02,1013.14,0.5,6671.7
2026-07-07T14:00:00+00:00,US,United States,37.0902,-95.7129,Continental / Subtropical,56.24,Cumulus,0.5196,9.633,56.28,17.12,1009.23,0.5,1829.1
2026-07-07T15:00:00+00:00,US,United States,37.0902,-95.7129,Continental / Subtropical,57.22,Cumulus,0.5602,12.098,54.12,15.42,1010.11,0.5,2859.4
2026-07-07T16:00:00+00:00,US,United States,37.0902,-95.7129,Continental / Subtropical,56.6,Cumulus,0.4607,5.011,52.8,13.02,1010.78,0.5,1668.9
2026-07-07T17:00:00+00:00,US,United States,37.0902,-95.7129,Continental / Subtropical,53.46,Cumulus,0.5845,6.26,54.0,15.47,1013.42,0.5,2130.9
2026-07-07T18:00:00+00:00,US,United States,37.0902,-95.7129,Continental / Subtropical,60.6,Cumulus,0.5856,5.01,65.84,12.48,1014.39,0.5,2534.7
2026-07-07T19:00:00+00:00,US,United States,37.0902,-95.7129,Continental / Subtropical,44.97,Altocumulus,0.1911,2.879,67.24,12.13,1011.85,0.5,5215.4
2026-07-07T20:00:00+00:00,US,United States,37.0902,-95.7129,Continental / Subtropical,56.23,Stratocumulus,0.3979,12.645,63.35,11.86,1013.74,0.5,1795.9
2026-07-07T21:00:00+00:00,US,United States,37.0902,-95.7129,Continental / Subtropical,60.57,Stratocumulus,0.5127,7.856,64.15,6.65,1012.67,0.5,1269.4
2026-07-07T22:00:00+00:00,US,United States,37.0902,-95.7129,Continental / Subtropical,73.29,Altocumulus,0.3787,16.039,67.1,8.54,1009.52,0.5,2517.7
2026-07-07T23:00:00+00:00,US,United States,37.0902,-95.7129,Continental / Subtropical,52.99,Cumulus,0.3923,14.928,66.07,7.98,1015.34,0.5,2027.6
2026-07-08T00:00:00+00:00,US,United States,37.0902,-95.7129,Continental / Subtropical,59.69,Altocumulus,0.3851,17.687,73.25,6.41,1012.63,0.5,1902.5
2026-07-08T01:00:00+00:00,US,United States,37.0902,-95.7129,Continental / Subtropical,56.51,Stratocumulus,0.6444,10.121,69.5,8.7,1011.31,0.5,2720.2
2026-07-08T02:00:00+00:00,US,United States,37.0902,-95.7129,Continental / Subtropical,66.8,Cumulus,0.629,5.009,68.39,9.1,1010.18,0.5,2435.1
2026-07-08T03:00:00+00:00,US,United States,37.0902,-95.7129,Continental / Subtropical,58.2,Altocumulus,0.5929,14.813,70.5,7.38,1012.99,0.5,2864.5
2026-07-08T04:00:00+00:00,US,United States,37.0902,-95.7129,Continental / Subtropical,66.92,Altocumulus,0.5172,15.212,66.39,12.26,1010.62,0.5,2935.8
2026-07-08T05:00:00+00:00,US,United States,37.0902,-95.7129,Continental / Subtropical,63.6,Cumulus,0.4835,6.224,60.17,12.72,1011.18,0.5,2722.1
2026-07-08T06:00:00+00:00,US,United States,37.0902,-95.7129,Continental / Subtropical,66.33,Altocumulus,0.4013,14.154,55.62,13.28,1009.49,0.5,1382.2
2026-07-08T07:00:00+00:00,US,United States,37.0902,-95.7129,Continental / Subtropical,58.22,Altocumulus,0.4254,16.58,60.7,15.98,1007.28,0.5,2226.7
2026-07-08T08:00:00+00:00,US,United States,37.0902,-95.7129,Continental / Subtropical,61.17,Stratocumulus,0.4252,17.43,54.61,18.89,1012.51,0.5,1357.6
2026-07-08T09:00:00+00:00,US,United States,37.0902,-95.7129,Continental / Subtropical,52.42,Cumulus,0.6046,9.106,49.02,16.39,1013.48,0.5,1143.6
2026-07-08T10:00:00+00:00,US,United States,37.0902,-95.7129,Continental / Subtropical,53.97,Altocumulus,0.3572,8.31,52.81,16.78,1011.78,0.5,1848.8
2026-07-08T11:00:00+00:00,US,United States,37.0902,-95.7129,Continental / Subtropical,62.18,Cumulus,0.6045,12.288,51.63,16.91,1011.35,0.5,2510.0
2026-07-08T12:00:00+00:00,US,United States,37.0902,-95.7129,Continental / Subtropical,50.04,Cumulus,0.6199,7.725,58.85,20.27,1011.35,0.5,2098.4
2026-07-08T13:00:00+00:00,US,United States,37.0902,-95.7129,Continental / Subtropical,51.16,Stratocumulus,0.37,17.519,47.94,16.32,1013.05,0.5,1799.6
2026-07-08T14:00:00+00:00,US,United States,37.0902,-95.7129,Continental / Subtropical,64.29,Stratocumulus,0.5831,10.289,51.75,16.32,1011.85,0.5,1351.6
2026-07-08T15:00:00+00:00,US,United States,37.0902,-95.7129,Continental / Subtropical,56.36,Stratocumulus,0.6199,7.92,56.58,15.15,1012.79,0.5,1151.0
2026-07-08T16:00:00+00:00,US,United States,37.0902,-95.7129,Continental / Subtropical,56.18,Altocumulus,0.6453,15.801,57.83,14.77,1014.27,0.5,2836.3
2026-07-08T17:00:00+00:00,US,United States,37.0902,-95.7129,Continental / Subtropical,49.99,Cumulus,0.2455,4.539,58.6,14.74,1012.3,0.5,4605.8
2026-07-08T18:00:00+00:00,US,United States,37.0902,-95.7129,Continental / Subtropical,48.52,Cumulus,0.1682,4.036,62.62,13.2,1016.01,0.5,8765.2
2026-07-08T19:00:00+00:00,US,United States,37.0902,-95.7129,Continental / Subtropical,38.12,Altocumulus,0.2272,3.895,58.57,12.82,1015.62,0.5,6979.9
2026-07-08T20:00:00+00:00,US,United States,37.0902,-95.7129,Continental / Subtropical,45.83,Cirrus,0.1966,2.039,60.69,10.04,1015.19,0.5,5518.5
2026-07-08T21:00:00+00:00,US,United States,37.0902,-95.7129,Continental / Subtropical,53.07,Cumulus,0.5237,5.734,67.26,9.87,1015.08,0.5,1219.2
2026-07-08T22:00:00+00:00,US,United States,37.0902,-95.7129,Continental / Subtropical,51.19,Cumulus,0.4649,10.454,64.93,8.75,1013.7,0.5,1816.2
2026-07-08T23:00:00+00:00,US,United States,37.0902,-95.7129,Continental / Subtropical,34.96,Cirrus,0.3712,2.475,69.09,7.37,1016.02,0.5,5649.0
2026-07-09T00:00:00+00:00,US,United States,37.0902,-95.7129,Continental / Subtropical,41.92,Altocumulus,0.2384,1.505,64.89,8.18,1014.07,0.5,4311.0
2026-07-09T01:00:00+00:00,US,United States,37.0902,-95.7129,Continental / Subtropical,38.0,Cumulus,0.1602,2.624,67.95,5.53,1012.97,0.5,5509.7
2026-07-09T02:00:00+00:00,US,United States,37.0902,-95.7129,Continental / Subtropical,42.96,Cirrus,0.2146,2.609,68.46,8.24,1015.45,0.5,7899.7
2026-07-09T03:00:00+00:00,US,United States,37.0902,-95.7129,Continental / Subtropical,49.82,Altocumulus,0.1852,1.666,64.97,9.82,1013.52,0.5,4514.8
2026-07-09T04:00:00+00:00,US,United States,37.0902,-95.7129,Continental / Subtropical,45.14,Cumulus,0.2737,2.672,60.5,8.6,1014.73,0.5,8922.7
2026-07-09T05:00:00+00:00,US,United States,37.0902,-95.7129,Continental / Subtropical,37.29,Cirrus,0.3616,1.224,60.84,11.17,1016.0,0.5,6694.7
2026-07-09T06:00:00+00:00,US,United States,37.0902,-95.7129,Continental / Subtropical,35.46,Cirrus,0.343,4.281,62.5,12.0,1016.9,0.5,6755.8
2026-07-09T07:00:00+00:00,US,United States,37.0902,-95.7129,Continental / Subtropical,39.73,Cumulus,0.2227,5.704,53.99,13.92,1014.79,0.5,8031.2
2026-07-09T08:00:00+00:00,US,United States,37.0902,-95.7129,Continental / Subtropical,43.38,Altocumulus,0.269,3.466,59.82,13.76,1014.05,0.5,3772.5
2026-07-09T09:00:00+00:00,US,United States,37.0902,-95.7129,Continental / Subtropical,37.83,Altocumulus,0.3192,5.316,49.54,17.14,1013.9,0.5,5717.0
2026-07-09T10:00:00+00:00,US,United States,37.0902,-95.7129,Continental / Subtropical,37.37,Cirrus,0.2107,4.083,57.22,17.22,1017.11,0.5,4042.7
2026-07-09T11:00:00+00:00,US,United States,37.0902,-95.7129,Continental / Subtropical,43.45,Cumulus,0.2149,5.569,48.68,18.21,1013.93,0.5,4785.8
2026-07-09T12:00:00+00:00,US,United States,37.0902,-95.7129,Continental / Subtropical,44.51,Cumulus,0.3363,4.414,50.75,16.46,1015.85,0.5,8279.9
2026-07-09T13:00:00+00:00,US,United States,37.0902,-95.7129,Continental / Subtropical,36.2,Cumulus,0.2001,5.094,52.64,16.61,1017.17,0.5,6127.3
2026-07-09T14:00:00+00:00,US,United States,37.0902,-95.7129,Continental / Subtropical,33.74,Cirrus,0.1962,1.304,58.28,16.54,1013.22,0.5,5994.2
2026-07-09T15:00:00+00:00,US,United States,37.0902,-95.7129,Continental / Subtropical,47.16,Cumulus,0.2189,1.256,55.48,14.37,1015.58,0.5,8375.7
2026-07-09T16:00:00+00:00,US,United States,37.0902,-95.7129,Continental / Subtropical,45.75,Cirrus,0.3545,5.615,54.85,14.83,1015.02,0.5,8720.3
2026-07-09T17:00:00+00:00,US,United States,37.0902,-95.7129,Continental / Subtropical,43.16,Cirrus,0.157,1.764,55.98,12.61,1014.37,0.5,3578.4
2026-07-09T18:00:00+00:00,US,United States,37.0902,-95.7129,Continental / Subtropical,33.1,Cirrus,0.2174,4.919,64.15,14.13,1016.0,0.5,8459.9
2026-07-09T19:00:00+00:00,US,United States,37.0902,-95.7129,Continental / Subtropical,43.36,Cirrus,0.3395,3.836,60.24,10.76,1013.24,0.5,8682.0
2026-07-09T20:00:00+00:00,US,United States,37.0902,-95.7129,Continental / Subtropical,46.49,Altocumulus,0.2665,5.007,69.44,9.39,1014.86,0.5,8308.4
2026-07-09T21:00:00+00:00,US,United States,37.0902,-95.7129,Continental / Subtropical,37.08,Altocumulus,0.3629,3.182,66.37,10.0,1014.88,0.5,4395.0
2026-07-09T22:00:00+00:00,US,United States,37.0902,-95.7129,Continental / Subtropical,44.25,Cumulus,0.1682,5.59,67.0,6.59,1015.85,0.5,8176.6
2026-07-09T23:00:00+00:00,US,United States,37.0902,-95.7129,Continental / Subtropical,42.44,Cumulus,0.3645,5.876,66.96,8.41,1016.37,0.5,8631.2
2026-07-10T00:00:00+00:00,US,United States,37.0902,-95.7129,Continental / Subtropical,38.48,Cirrus,0.3349,4.279,73.82,9.71,1017.82,0.5,5946.9
2026-07-10T01:00:00+00:00,US,United States,37.0902,-95.7129,Continental / Subtropical,47.13,Cumulus,0.3794,3.051,64.63,8.96,1016.36,0.5,4958.2
2026-07-10T02:00:00+00:00,US,United States,37.0902,-95.7129,Continental / Subtropical,44.5,Cumulus,0.2455,3.722,63.27,8.0,1013.6,0.5,7879.0
2026-07-10T03:00:00+00:00,US,United States,37.0902,-95.7129,Continental / Subtropical,40.54,Cumulus,0.3597,2.915,66.63,9.23,1013.59,0.5,7440.0
2026-07-10T04:00:00+00:00,US,United States,37.0902,-95.7129,Continental / Subtropical,45.18,Cumulus,0.293,5.687,60.9,11.04,1012.96,0.5,3715.6
2026-07-10T05:00:00+00:00,US,United States,37.0902,-95.7129,Continental / Subtropical,52.98,Cumulus,0.4337,12.314,58.51,11.78,1015.23,0.5,2276.5
2026-07-10T06:00:00+00:00,US,United States,37.0902,-95.7129,Continental / Subtropical,56.61,Cumulus,0.4331,15.63,65.84,10.92,1012.6,0.5,1398.1
2026-07-10T07:00:00+00:00,US,United States,37.0902,-95.7129,Continental / Subtropical,51.6,Cumulus,0.4493,6.633,55.65,14.42,1014.29,0.5,2401.1
2026-07-10T08:00:00+00:00,US,United States,37.0902,-95.7129,Continental / Subtropical,55.71,Altocumulus,0.5247,12.995,54.5,14.09,1012.9,0.5,1995.1
2026-07-10T09:00:00+00:00,US,United States,37.0902,-95.7129,Continental / Subtropical,50.65,Stratocumulus,0.494,5.572,56.32,18.09,1015.44,0.5,1653.9
2026-07-10T10:00:00+00:00,US,United States,37.0902,-95.7129,Continental / Subtropical,56.65,Altocumulus,0.5815,5.91,49.88,18.37,1011.96,0.5,2970.8
2026-07-10T11:00:00+00:00,US,United States,37.0902,-95.7129,Continental / Subtropical,54.48,Altocumulus,0.5572,17.214,56.06,17.83,1010.85,0.5,1582.6
2026-07-10T12:00:00+00:00,US,United States,37.0902,-95.7129,Continental / Subtropical,58.73,Stratocumulus,0.505,8.426,52.96,16.51,1009.09,0.5,1568.3
2026-07-10T13:00:00+00:00,US,United States,37.0902,-95.7129,Continental / Subtropical,62.48,Cumulus,0.5728,16.728,55.82,17.26,1011.34,0.5,1604.4
2026-07-10T14:00:00+00:00,US,United States,37.0902,-95.7129,Continental / Subtropical,57.41,Cumulus,0.5242,7.38,56.11,16.69,1009.53,0.5,1662.8
2026-07-10T15:00:00+00:00,US,United States,37.0902,-95.7129,Continental / Subtropical,54.31,Altocumulus,0.4001,13.571,58.92,18.24,1012.09,0.5,1058.6
2026-07-10T16:00:00+00:00,US,United States,37.0902,-95.7129,Continental / Subtropical,60.42,Stratocumulus,0.4529,16.496,53.02,16.52,1011.71,0.5,1730.6
2026-07-10T17:00:00+00:00,US,United States,37.0902,-95.7129,Continental / Subtropical,56.52,Altocumulus,0.3592,14.606,57.29,14.08,1012.15,0.5,1255.3
2026-07-10T18:00:00+00:00,US,United States,37.0902,-95.7129,Continental / Subtropical,63.24,Altocumulus,0.3859,17.149,56.13,14.86,1009.99,0.5,2878.1
2026-07-10T19:00:00+00:00,US,United States,37.0902,-95.7129,Continental / Subtropical,70.47,Cumulus,0.4913,14.214,61.95,12.48,1007.69,0.5,1546.6
2026-07-10T20:00:00+00:00,US,United States,37.0902,-95.7129,Continental / Subtropical,66.18,Stratocumulus,0.4799,15.405,59.33,10.66,1012.38,0.5,2827.3
2026-07-10T21:00:00+00:00,US,United States,37.0902,-95.7129,Continental / Subtropical,75.95,Stratocumulus,0.5314,14.68,64.14,8.33,1007.48,0.5,1725.2
2026-07-10T22:00:00+00:00,US,United States,37.0902,-95.7129,Continental / Subtropical,66.34,Stratocumulus,0.428,14.785,62.43,9.49,1009.54,0.5,2293.8
2026-07-10T23:00:00+00:00,US,United States,37.0902,-95.7129,Continental / Subtropical,65.84,Cumulus,0.4021,17.617,69.91,7.72,1010.74,0.5,2033.5
2026-07-11T00:00:00+00:00,US,United States,37.0902,-95.7129,Continental / Subtropical,58.9,Stratocumulus,0.4823,5.705,69.37,6.69,1010.53,0.5,1060.5
2026-07-11T01:00:00+00:00,US,United States,37.0902,-95.7129,Continental / Subtropical,66.37,Stratocumulus,0.6,8.149,65.82,6.04,1011.06,0.5,1053.1
2026-07-11T02:00:00+00:00,US,United States,37.0902,-95.7129,Continental / Subtropical,66.85,Altocumulus,0.5085,15.907,65.08,7.62,1009.55,0.5,2493.0
2026-07-11T03:00:00+00:00,US,United States,37.0902,-95.7129,Continental / Subtropical,70.57,Cumulus,0.3697,11.041,65.26,11.15,1011.14,0.5,2317.0
2026-07-11T04:00:00+00:00,US,United States,37.0902,-95.7129,Continental / Subtropical,68.58,Cumulus,0.638,15.562,63.25,10.91,1012.17,0.5,2183.0
2026-07-11T05:00:00+00:00,US,United States,37.0902,-95.7129,Continental / Subtropical,73.55,Altocumulus,0.5831,12.067,64.45,12.1,1009.65,0.5,2320.7
2026-07-11T06:00:00+00:00,US,United States,37.0902,-95.7129,Continental / Subtropical,75.21,Stratocumulus,0.4059,8.178,63.66,12.26,1007.84,0.5,1987.1
2026-07-11T07:00:00+00:00,US,United States,37.0902,-95.7129,Continental / Subtropical,74.17,Altocumulus,0.4536,10.206,60.57,15.35,1011.2,0.5,2858.9
2026-07-11T08:00:00+00:00,US,United States,37.0902,-95.7129,Continental / Subtropical,62.45,Stratocumulus,0.4009,13.493,56.6,14.78,1011.49,0.5,2263.2
2026-07-11T09:00:00+00:00,US,United States,37.0902,-95.7129,Continental / Subtropical,67.12,Stratocumulus,0.5393,6.421,53.8,16.58,1012.36,0.5,1377.6
2026-07-11T10:00:00+00:00,US,United States,37.0902,-95.7129,Continental / Subtropical,66.69,Stratocumulus,0.3538,9.192,53.13,17.9,1013.41,0.5,1669.2
2026-07-11T11:00:00+00:00,US,United States,37.0902,-95.7129,Continental / Subtropical,62.26,Cumulus,0.4716,8.756,51.18,17.8,1014.47,0.5,2847.7
2026-07-11T12:00:00+00:00,US,United States,37.0902,-95.7129,Continental / Subtropical,61.7,Cumulus,0.45,5.787,50.86,17.9,1012.92,0.5,1996.9
2026-07-11T13:00:00+00:00,US,United States,37.0902,-95.7129,Continental / Subtropical,69.7,Stratocumulus,0.5826,13.164,48.08,18.06,1013.57,0.5,2227.7
2026-07-11T14:00:00+00:00,US,United States,37.0902,-95.7129,Continental / Subtropical,66.02,Cumulus,0.5648,7.002,51.42,18.35,1010.76,0.5,1471.5
2026-07-11T15:00:00+00:00,US,United States,37.0902,-95.7129,Continental / Subtropical,64.68,Altocumulus,0.4718,12.736,53.57,16.27,1012.9,0.5,1472.1
2026-07-11T16:00:00+00:00,US,United States,37.0902,-95.7129,Continental / Subtropical,56.62,Altocumulus,0.5428,17.311,58.24,14.87,1010.06,0.5,1058.4
2026-07-11T17:00:00+00:00,US,United States,37.0902,-95.7129,Continental / Subtropical,55.14,Altocumulus,0.5076,9.583,60.15,12.86,1009.6,0.5,2780.8
2026-07-11T18:00:00+00:00,US,United States,37.0902,-95.7129,Continental / Subtropical,51.34,Stratocumulus,0.5688,13.495,58.09,10.6,1014.63,0.5,2058.4
2026-07-11T19:00:00+00:00,US,United States,37.0902,-95.7129,Continental / Subtropical,58.32,Altocumulus,0.4028,8.114,64.51,11.2,1012.07,0.5,1234.4
2026-07-11T20:00:00+00:00,US,United States,37.0902,-95.7129,Continental / Subtropical,59.1,Stratocumulus,0.5339,12.899,67.26,12.4,1010.7,0.5,1317.4
2026-07-11T21:00:00+00:00,US,United States,37.0902,-95.7129,Continental / Subtropical,59.91,Altocumulus,0.4732,10.348,66.99,7.51,1012.64,0.5,1797.7
2026-07-11T22:00:00+00:00,US,United States,37.0902,-95.7129,Continental / Subtropical,50.07,Altocumulus,0.3575,16.91,63.04,8.9,1014.42,0.5,1305.1
2026-07-11T23:00:00+00:00,US,United States,37.0902,-95.7129,Continental / Subtropical,48.32,Cumulus,0.2632,1.911,64.32,8.64,1013.78,0.5,4036.8
2026-07-12T00:00:00+00:00,US,United States,37.0902,-95.7129,Continental / Subtropical,38.32,Cumulus,0.2737,2.523,69.65,9.0,1013.04,0.5,5380.5
2026-07-12T01:00:00+00:00,US,United States,37.0902,-95.7129,Continental / Subtropical,48.16,Altocumulus,0.2289,1.555,66.73,8.11,1013.93,0.5,4302.7
2026-07-12T02:00:00+00:00,US,United States,37.0902,-95.7129,Continental / Subtropical,41.96,Altocumulus,0.2327,3.006,62.92,10.77,1014.14,0.5,6589.1
2026-07-12T03:00:00+00:00,US,United States,37.0902,-95.7129,Continental / Subtropical,42.01,Cumulus,0.2324,3.741,64.1,8.83,1016.81,0.5,4489.8
2026-07-12T04:00:00+00:00,US,United States,37.0902,-95.7129,Continental / Subtropical,37.95,Altocumulus,0.2816,3.641,64.96,9.54,1013.29,0.5,7356.4
2026-07-12T05:00:00+00:00,US,United States,37.0902,-95.7129,Continental / Subtropical,43.18,Cumulus,0.2004,4.282,62.87,12.4,1015.12,0.5,6806.0
2026-07-12T06:00:00+00:00,US,United States,37.0902,-95.7129,Continental / Subtropical,45.1,Cumulus,0.1526,4.534,55.53,14.9,1013.4,0.5,6782.0
2026-07-12T07:00:00+00:00,US,United States,37.0902,-95.7129,Continental / Subtropical,30.7,Cumulus,0.2927,1.018,50.75,13.0,1015.02,0.5,6239.1
2026-07-12T08:00:00+00:00,US,United States,37.0902,-95.7129,Continental / Subtropical,41.59,Cirrus,0.3656,3.178,54.84,13.48,1014.82,0.5,8745.6
2026-07-12T09:00:00+00:00,US,United States,37.0902,-95.7129,Continental / Subtropical,31.52,Cumulus,0.2761,2.696,57.18,17.0,1017.96,0.5,5371.8
2026-07-12T10:00:00+00:00,US,United States,37.0902,-95.7129,Continental / Subtropical,23.17,Altocumulus,0.1601,1.987,58.52,15.6,1017.29,0.5,3736.4
2026-07-12T11:00:00+00:00,US,United States,37.0902,-95.7129,Continental / Subtropical,34.39,Cumulus,0.2271,4.621,52.5,17.95,1015.91,0.5,5271.6
2026-07-12T12:00:00+00:00,US,United States,37.0902,-95.7129,Continental / Subtropical,36.44,Altocumulus,0.1862,2.917,57.74,17.31,1015.81,0.5,8888.5
2026-07-12T13:00:00+00:00,US,United States,37.0902,-95.7129,Continental / Subtropical,28.38,Cumulus,0.2212,2.592,59.3,16.79,1018.43,0.5,3516.0
2026-07-12T14:00:00+00:00,US,United States,37.0902,-95.7129,Continental / Subtropical,39.12,Cirrus,0.1583,5.671,55.33,15.63,1013.31,0.5,6812.1
2026-07-12T15:00:00+00:00,US,United States,37.0902,-95.7129,Continental / Subtropical,27.54,Cirrus,0.3592,1.972,60.04,17.73,1013.35,0.5,4625.1
2026-07-12T16:00:00+00:00,US,United States,37.0902,-95.7129,Continental / Subtropical,32.3,Cirrus,0.2826,5.057,54.96,13.99,1016.81,0.5,4887.6
2026-07-12T17:00:00+00:00,US,United States,37.0902,-95.7129,Continental / Subtropical,27.69,Cumulus,0.2714,3.648,57.4,16.37,1016.83,0.5,5924.7
2026-07-12T18:00:00+00:00,US,United States,37.0902,-95.7129,Continental / Subtropical,29.13,Cumulus,0.3797,2.133,59.64,11.48,1015.22,0.5,6067.3
2026-07-12T19:00:00+00:00,US,United States,37.0902,-95.7129,Continental / Subtropical,25.4,Altocumulus,0.3246,2.229,64.14,14.22,1016.42,0.5,3749.6
2026-07-12T20:00:00+00:00,US,United States,37.0902,-95.7129,Continental / Subtropical,31.37,Cirrus,0.3048,1.567,64.2,11.18,1016.64,0.5,4225.3
2026-07-12T21:00:00+00:00,US,United States,37.0902,-95.7129,Continental / Subtropical,31.34,Cirrus,0.2884,4.029,69.62,9.5,1017.81,0.5,4520.9
2026-07-12T22:00:00+00:00,US,United States,37.0902,-95.7129,Continental / Subtropical,26.36,Altocumulus,0.2316,4.79,70.88,8.04,1016.2,0.5,6433.1
2026-07-12T23:00:00+00:00,US,United States,37.0902,-95.7129,Continental / Subtropical,31.49,Cumulus,0.2928,3.975,66.66,8.71,1015.56,0.5,5870.8
2026-07-13T00:00:00+00:00,US,United States,37.0902,-95.7129,Continental / Subtropical,26.68,Cirrus,0.2694,5.364,72.93,7.17,1017.69,0.5,8877.4
2026-07-13T01:00:00+00:00,US,United States,37.0902,-95.7129,Continental / Subtropical,33.96,Altocumulus,0.1523,5.538,71.19,6.61,1014.59,0.5,8190.2
2026-07-13T02:00:00+00:00,US,United States,37.0902,-95.7129,Continental / Subtropical,30.41,Altocumulus,0.2772,3.503,70.34,8.32,1016.81,0.5,3919.3
2026-07-13T03:00:00+00:00,US,United States,37.0902,-95.7129,Continental / Subtropical,23.72,Altocumulus,0.2973,3.504,63.33,9.66,1015.52,0.5,5883.9
2026-07-13T04:00:00+00:00,US,United States,37.0902,-95.7129,Continental / Subtropical,33.97,Altocumulus,0.3625,5.3,65.24,12.72,1016.64,0.5,3673.3
2026-07-13T05:00:00+00:00,US,United States,37.0902,-95.7129,Continental / Subtropical,35.31,Altocumulus,0.2573,1.016,60.44,11.38,1017.38,0.5,7019.1
2026-07-13T06:00:00+00:00,US,United States,37.0902,-95.7129,Continental / Subtropical,33.07,Cirrus,0.1651,4.267,65.11,13.47,1016.45,0.5,7023.7
2026-07-13T07:00:00+00:00,US,United States,37.0902,-95.7129,Continental / Subtropical,27.5,Cumulus,0.3488,5.34,59.54,14.61,1017.94,0.5,3731.9
2026-07-13T08:00:00+00:00,US,United States,37.0902,-95.7129,Continental / Subtropical,43.42,Cumulus,0.3758,2.074,52.71,14.56,1015.37,0.5,5444.9
2026-07-13T09:00:00+00:00,US,United States,37.0902,-95.7129,Continental / Subtropical,39.2,Cumulus,0.1621,2.4,51.65,14.89,1013.23,0.5,6516.2
2026-07-13T10:00:00+00:00,US,United States,37.0902,-95.7129,Continental / Subtropical,41.32,Cirrus,0.3459,2.301,57.16,15.87,1013.64,0.5,5006.8
2026-07-13T11:00:00+00:00,US,United States,37.0902,-95.7129,Continental / Subtropical,34.84,Altocumulus,0.1598,4.886,50.44,18.8,1015.64,0.5,7031.9
2026-07-13T12:00:00+00:00,US,United States,37.0902,-95.7129,Continental / Subtropical,36.5,Altocumulus,0.3486,3.505,56.21,16.17,1014.26,0.5,7629.3
2026-07-13T13:00:00+00:00,US,United States,37.0902,-95.7129,Continental / Subtropical,44.71,Cirrus,0.2125,2.576,48.59,19.29,1015.02,0.5,5574.4
2026-07-13T14:00:00+00:00,US,United States,37.0902,-95.7129,Continental / Subtropical,46.83,Cumulus,0.2563,5.927,49.91,17.31,1012.38,0.5,7427.9
2026-07-13T15:00:00+00:00,US,United States,37.0902,-95.7129,Continental / Subtropical,37.73,Cirrus,0.2296,5.204,52.17,15.4,1013.17,0.5,5395.8
2026-07-13T16:00:00+00:00,US,United States,37.0902,-95.7129,Continental / Subtropical,45.13,Altocumulus,0.1998,5.431,60.27,16.32,1013.46,0.5,5165.8
2026-07-13T17:00:00+00:00,US,United States,37.0902,-95.7129,Continental / Subtropical,38.46,Cumulus,0.3469,1.028,52.95,14.53,1013.96,0.5,5104.6
2026-07-13T18:00:00+00:00,US,United States,37.0902,-95.7129,Continental / Subtropical,37.93,Altocumulus,0.3606,3.2,61.26,13.54,1013.07,0.5,8756.4
2026-07-13T19:00:00+00:00,US,United States,37.0902,-95.7129,Continental / Subtropical,53.24,Altocumulus,0.6159,10.607,59.33,11.48,1011.19,0.5,2109.2
2026-07-13T20:00:00+00:00,US,United States,37.0902,-95.7129,Continental / Subtropical,52.26,Stratocumulus,0.456,16.462,61.22,9.92,1012.09,0.5,2235.5
2026-07-13T21:00:00+00:00,US,United States,37.0902,-95.7129,Continental / Subtropical,39.42,Altocumulus,0.251,1.15,66.98,8.88,1014.85,0.5,8462.5
2026-07-13T22:00:00+00:00,US,United States,37.0902,-95.7129,Continental / Subtropical,51.82,Altocumulus,0.3675,13.117,64.27,6.56,1013.69,0.5,2423.8
2026-07-13T23:00:00+00:00,US,United States,37.0902,-95.7129,Continental / Subtropical,50.69,Cumulus,0.3653,6.454,70.92,8.45,1013.76,0.5,2617.3
2026-07-14T00:00:00+00:00,US,United States,37.0902,-95.7129,Continental / Subtropical,49.43,Altocumulus,0.3379,1.63,68.93,9.84,1012.62,0.5,6322.6
2026-07-14T01:00:00+00:00,US,United States,37.0902,-95.7129,Continental / Subtropical,55.45,Cumulus,0.4163,14.546,66.5,7.62,1010.83,0.5,1303.9
2026-07-14T02:00:00+00:00,US,United States,37.0902,-95.7129,Continental / Subtropical,47.88,Cirrus,0.3302,4.232,65.85,8.07,1012.93,0.5,4694.3
2026-07-14T03:00:00+00:00,US,United States,37.0902,-95.7129,Continental / Subtropical,51.12,Altocumulus,0.4297,10.018,65.96,8.66,1012.03,0.5,1346.1
2026-07-14T04:00:00+00:00,US,United States,37.0902,-95.7129,Continental / Subtropical,51.11,Altocumulus,0.405,17.312,63.75,11.59,1014.11,0.5,1614.8
2026-07-14T05:00:00+00:00,US,United States,37.0902,-95.7129,Continental / Subtropical,55.85,Stratocumulus,0.4971,16.132,67.02,9.63,1011.32,0.5,2794.4
2026-07-14T06:00:00+00:00,US,United States,37.0902,-95.7129,Continental / Subtropical,48.95,Cirrus,0.1797,5.042,59.77,17.55,1012.63,0.5,8542.1
2026-07-14T07:00:00+00:00,US,United States,37.0902,-95.7129,Continental / Subtropical,58.25,Altocumulus,0.4735,12.458,60.1,11.03,1011.6,0.5,1638.5
2026-07-14T08:00:00+00:00,US,United States,37.0902,-95.7129,Continental / Subtropical,51.02,Altocumulus,0.3924,13.376,60.37,14.37,1011.77,0.5,1526.0
2026-07-14T09:00:00+00:00,US,United States,37.0902,-95.7129,Continental / Subtropical,52.11,Altocumulus,0.3824,7.189,59.18,16.22,1012.23,0.5,1715.7
2026-07-14T10:00:00+00:00,US,United States,37.0902,-95.7129,Continental / Subtropical,62.15,Stratocumulus,0.6232,17.318,51.83,18.04,1011.48,0.5,2755.8
2026-07-14T11:00:00+00:00,US,United States,37.0902,-95.7129,Continental / Subtropical,41.52,Cirrus,0.1556,1.798,51.2,17.7,1012.67,0.5,6449.9
2026-07-14T12:00:00+00:00,US,United States,37.0902,-95.7129,Continental / Subtropical,51.5,Altocumulus,0.5754,17.621,45.18,19.26,1014.56,0.5,2791.0
2026-07-14T13:00:00+00:00,US,United States,37.0902,-95.7129,Continental / Subtropical,48.66,Cumulus,0.2561,5.929,51.66,19.23,1013.62,0.5,4394.4
2026-07-14T14:00:00+00:00,US,United States,37.0902,-95.7129,Continental / Subtropical,43.95,Cumulus,0.1764,4.597,54.96,17.52,1010.78,0.5,5608.9
2026-07-14T15:00:00+00:00,US,United States,37.0902,-95.7129,Continental / Subtropical,49.67,Cumulus,0.2948,4.227,52.4,18.48,1011.83,0.5,7940.1
2026-07-14T16:00:00+00:00,US,United States,37.0902,-95.7129,Continental / Subtropical,50.51,Altocumulus,0.5618,8.841,60.8,17.77,1013.9,0.5,1350.3
2026-07-14T17:00:00+00:00,US,United States,37.0902,-95.7129,Continental / Subtropical,44.67,Cirrus,0.2389,3.162,57.82,13.44,1015.12,0.5,8932.3
2026-07-14T18:00:00+00:00,US,United States,37.0902,-95.7129,Continental / Subtropical,50.68,Altocumulus,0.5112,5.531,59.92,13.35,1014.41,0.5,1071.3
2026-07-14T19:00:00+00:00,US,United States,37.0902,-95.7129,Continental / Subtropical,40.01,Altocumulus,0.2013,4.73,60.79,12.11,1014.13,0.5,6012.9
2026-07-14T20:00:00+00:00,US,United States,37.0902,-95.7129,Continental / Subtropical,40.71,Cirrus,0.3298,4.247,66.49,9.7,1015.09,0.5,3591.8
2026-07-14T21:00:00+00:00,US,United States,37.0902,-95.7129,Continental / Subtropical,43.12,Cumulus,0.3676,2.975,64.01,8.06,1013.94,0.5,8665.5
2026-07-14T22:00:00+00:00,US,United States,37.0902,-95.7129,Continental / Subtropical,38.31,Altocumulus,0.2782,5.429,70.71,7.06,1015.86,0.5,4805.3
2026-07-14T23:00:00+00:00,US,United States,37.0902,-95.7129,Continental / Subtropical,37.68,Cirrus,0.3293,5.31,64.65,9.38,1017.95,0.5,4547.1
2026-07-15T00:00:00+00:00,US,United States,37.0902,-95.7129,Continental / Subtropical,42.95,Cumulus,0.2572,3.163,71.87,5.65,1013.73,0.5,7213.4
2026-07-15T01:00:00+00:00,US,United States,37.0902,-95.7129,Continental / Subtropical,32.64,Altocumulus,0.2468,4.404,72.19,6.8,1018.03,0.5,7618.5
2026-07-15T02:00:00+00:00,US,United States,37.0902,-95.7129,Continental / Subtropical,41.79,Cirrus,0.3387,4.081,65.7,8.16,1014.29,0.5,3581.7
2026-07-15T03:00:00+00:00,US,United States,37.0902,-95.7129,Continental / Subtropical,32.82,Cirrus,0.3582,1.843,69.49,8.78,1012.91,0.5,5351.9
2026-07-15T04:00:00+00:00,US,United States,37.0902,-95.7129,Continental / Subtropical,35.46,Altocumulus,0.1836,2.69,65.39,11.12,1014.33,0.5,6212.5
2026-07-15T05:00:00+00:00,US,United States,37.0902,-95.7129,Continental / Subtropical,27.55,Cumulus,0.369,5.933,63.9,11.64,1017.83,0.5,7650.5
2026-07-15T06:00:00+00:00,US,United States,37.0902,-95.7129,Continental / Subtropical,31.71,Altocumulus,0.2686,3.453,62.85,13.23,1017.48,0.5,4940.6
2026-07-15T07:00:00+00:00,US,United States,37.0902,-95.7129,Continental / Subtropical,30.4,Cirrus,0.3331,5.109,55.58,14.86,1016.65,0.5,4756.9
2026-07-15T08:00:00+00:00,US,United States,37.0902,-95.7129,Continental / Subtropical,29.73,Cirrus,0.3518,4.552,55.25,15.21,1013.01,0.5,4361.6
2026-07-15T09:00:00+00:00,US,United States,37.0902,-95.7129,Continental / Subtropical,37.43,Cumulus,0.1587,4.273,54.79,16.13,1018.82,0.5,6514.1
2026-07-15T10:00:00+00:00,US,United States,37.0902,-95.7129,Continental / Subtropical,26.87,Cirrus,0.264,4.136,55.55,17.45,1017.11,0.5,7525.9
2026-07-15T11:00:00+00:00,US,United States,37.0902,-95.7129,Continental / Subtropical,18.42,Cumulus,0.2005,1.84,53.82,16.87,1018.16,0.5,8635.6
2026-07-15T12:00:00+00:00,US,United States,37.0902,-95.7129,Continental / Subtropical,15.08,Cirrus,0.3102,2.522,51.24,19.25,1018.02,0.5,5106.6
2026-07-15T13:00:00+00:00,US,United States,37.0902,-95.7129,Continental / Subtropical,20.48,Cumulus,0.2608,4.73,53.41,18.24,1020.76,0.5,4247.4
2026-07-15T14:00:00+00:00,US,United States,37.0902,-95.7129,Continental / Subtropical,20.11,Cirrus,0.3405,4.633,56.34,17.33,1018.41,0.5,4502.2
2026-07-15T15:00:00+00:00,US,United States,37.0902,-95.7129,Continental / Subtropical,26.93,Cumulus,0.3335,4.013,55.24,15.85,1020.39,0.5,7777.4
2026-07-15T16:00:00+00:00,US,United States,37.0902,-95.7129,Continental / Subtropical,9.78,Clear,0.1018,0.098,58.6,17.4,1018.35,0.5,0
2026-07-15T17:00:00+00:00,US,United States,37.0902,-95.7129,Continental / Subtropical,27.19,Altocumulus,0.3546,1.118,53.85,12.95,1017.72,0.5,6035.2
2026-07-15T18:00:00+00:00,US,United States,37.0902,-95.7129,Continental / Subtropical,27.44,Altocumulus,0.1631,5.851,52.99,13.99,1015.12,0.5,5841.9
2026-07-15T19:00:00+00:00,US,United States,37.0902,-95.7129,Continental / Subtropical,25.68,Cirrus,0.2104,3.52,62.09,10.5,1016.33,0.5,6984.2
2026-07-15T20:00:00+00:00,US,United States,37.0902,-95.7129,Continental / Subtropical,33.09,Altocumulus,0.326,3.859,64.64,10.61,1017.27,0.5,7800.1
2026-07-15T21:00:00+00:00,US,United States,37.0902,-95.7129,Continental / Subtropical,28.78,Cirrus,0.3315,1.63,67.87,10.01,1016.32,0.5,7253.9
2026-07-15T22:00:00+00:00,US,United States,37.0902,-95.7129,Continental / Subtropical,12.11,Clear,0.0984,0.663,63.98,8.21,1019.69,0.5,0
2026-07-15T23:00:00+00:00,US,United States,37.0902,-95.7129,Continental / Subtropical,17.16,Altocumulus,0.1552,1.647,65.04,7.9,1018.58,0.5,4159.2
2026-07-16T00:00:00+00:00,US,United States,37.0902,-95.7129,Continental / Subtropical,25.15,Cumulus,0.1522,4.225,72.2,8.38,1018.75,0.5,8909.6
2026-07-16T01:00:00+00:00,US,United States,37.0902,-95.7129,Continental / Subtropical,17.85,Altocumulus,0.3652,1.479,66.44,8.92,1018.01,0.5,6763.5
2026-07-16T02:00:00+00:00,US,United States,37.0902,-95.7129,Continental / Subtropical,19.44,Cirrus,0.3344,2.454,66.4,9.26,1017.94,0.5,8044.3
2026-07-16T03:00:00+00:00,US,United States,37.0902,-95.7129,Continental / Subtropical,27.17,Altocumulus,0.171,4.716,64.76,10.97,1017.65,0.5,7946.7
2026-07-16T04:00:00+00:00,US,United States,37.0902,-95.7129,Continental / Subtropical,21.28,Altocumulus,0.3661,5.859,56.53,12.33,1017.48,0.5,6981.5
2026-07-16T05:00:00+00:00,US,United States,37.0902,-95.7129,Continental / Subtropical,16.47,Cirrus,0.2976,5.476,62.12,11.88,1018.59,0.5,6504.7
2026-07-16T06:00:00+00:00,US,United States,37.0902,-95.7129,Continental / Subtropical,26.13,Cumulus,0.3718,1.51,57.56,12.68,1017.77,0.5,7955.8
2026-07-16T07:00:00+00:00,US,United States,37.0902,-95.7129,Continental / Subtropical,26.95,Cumulus,0.1695,3.987,60.47,12.61,1015.55,0.5,6465.3
2026-07-16T08:00:00+00:00,US,United States,37.0902,-95.7129,Continental / Subtropical,32.03,Cirrus,0.1617,3.187,57.02,15.82,1013.59,0.5,3982.5
2026-07-16T09:00:00+00:00,US,United States,37.0902,-95.7129,Continental / Subtropical,31.18,Cumulus,0.2293,2.855,54.74,19.52,1014.4,0.5,6591.2
2026-07-16T10:00:00+00:00,US,United States,37.0902,-95.7129,Continental / Subtropical,22.11,Cirrus,0.2131,5.974,58.06,15.2,1019.85,0.5,8420.0
2026-07-16T11:00:00+00:00,US,United States,37.0902,-95.7129,Continental / Subtropical,29.25,Cirrus,0.2328,4.745,47.05,18.28,1016.92,0.5,3563.0
2026-07-16T12:00:00+00:00,US,United States,37.0902,-95.7129,Continental / Subtropical,45.91,Cumulus,0.2105,4.03,54.26,17.74,1012.09,0.5,8089.4
2026-07-16T13:00:00+00:00,US,United States,37.0902,-95.7129,Continental / Subtropical,41.0,Cirrus,0.1751,1.801,51.51,18.9,1013.02,0.5,8749.7
2026-07-16T14:00:00+00:00,US,United States,37.0902,-95.7129,Continental / Subtropical,36.57,Cirrus,0.1732,2.476,54.78,18.33,1015.14,0.5,3977.4
2026-07-16T15:00:00+00:00,US,United States,37.0902,-95.7129,Continental / Subtropical,35.16,Altocumulus,0.2805,3.326,55.76,18.28,1013.8,0.5,3548.7
2026-07-16T16:00:00+00:00,US,United States,37.0902,-95.7129,Continental / Subtropical,36.71,Cirrus,0.2523,3.835,56.8,14.95,1017.06,0.5,3624.0
2026-07-16T17:00:00+00:00,US,United States,37.0902,-95.7129,Continental / Subtropical,41.76,Altocumulus,0.3353,3.88,52.12,17.41,1014.32,0.5,8608.1
2026-07-16T18:00:00+00:00,US,United States,37.0902,-95.7129,Continental / Subtropical,37.61,Cumulus,0.247,4.937,57.56,13.28,1018.93,0.5,5895.9
2026-07-16T19:00:00+00:00,US,United States,37.0902,-95.7129,Continental / Subtropical,41.94,Cumulus,0.2289,4.202,63.81,14.73,1016.92,0.5,4441.1
2026-07-16T20:00:00+00:00,US,United States,37.0902,-95.7129,Continental / Subtropical,39.25,Cumulus,0.3004,2.19,66.74,14.0,1013.53,0.5,6162.4
2026-07-16T21:00:00+00:00,US,United States,37.0902,-95.7129,Continental / Subtropical,35.75,Cumulus,0.3725,2.309,67.79,9.09,1015.66,0.5,7168.5
2026-07-16T22:00:00+00:00,US,United States,37.0902,-95.7129,Continental / Subtropical,54.71,Altocumulus,0.461,12.013,63.54,8.79,1013.19,0.5,2479.5
2026-07-16T23:00:00+00:00,US,United States,37.0902,-95.7129,Continental / Subtropical,46.59,Altocumulus,0.1573,5.959,67.0,8.25,1012.61,0.5,5850.2
2026-07-17T00:00:00+00:00,US,United States,37.0902,-95.7129,Continental / Subtropical,52.91,Altocumulus,0.4391,7.036,64.33,9.1,1013.27,0.5,2416.5
2026-07-17T01:00:00+00:00,US,United States,37.0902,-95.7129,Continental / Subtropical,48.71,Altocumulus,0.3351,2.448,71.88,8.58,1015.04,0.5,4698.0
2026-07-17T02:00:00+00:00,US,United States,37.0902,-95.7129,Continental / Subtropical,53.6,Altocumulus,0.3953,13.539,67.39,8.22,1011.97,0.5,1197.1
2026-07-17T03:00:00+00:00,US,United States,37.0902,-95.7129,Continental / Subtropical,54.74,Cumulus,0.6174,11.238,65.68,8.56,1010.97,0.5,2567.3
2026-07-17T04:00:00+00:00,US,United States,37.0902,-95.7129,Continental / Subtropical,52.41,Stratocumulus,0.5006,8.424,58.29,9.6,1013.33,0.5,1763.1
2026-07-17T05:00:00+00:00,US,United States,37.0902,-95.7129,Continental / Subtropical,59.05,Stratocumulus,0.5832,15.777,63.35,11.75,1010.42,0.5,1883.8
2026-07-17T06:00:00+00:00,US,United States,37.0902,-95.7129,Continental / Subtropical,58.43,Cumulus,0.3527,9.334,56.7,12.57,1011.97,0.5,1179.3
2026-07-17T07:00:00+00:00,US,United States,37.0902,-95.7129,Continental / Subtropical,48.17,Altocumulus,0.2361,2.175,56.85,14.55,1013.2,0.5,6813.0
2026-07-17T08:00:00+00:00,US,United States,37.0902,-95.7129,Continental / Subtropical,50.77,Cumulus,0.3924,6.728,54.67,17.4,1012.95,0.5,2204.2
2026-07-17T09:00:00+00:00,US,United States,37.0902,-95.7129,Continental / Subtropical,57.69,Altocumulus,0.3985,6.369,56.75,16.38,1012.54,0.5,2164.2
2026-07-17T10:00:00+00:00,US,United States,37.0902,-95.7129,Continental / Subtropical,57.42,Altocumulus,0.3731,6.382,50.39,15.23,1011.93,0.5,2341.6
2026-07-17T11:00:00+00:00,US,United States,37.0902,-95.7129,Continental / Subtropical,54.46,Stratocumulus,0.4432,8.128,51.06,18.03,1012.13,0.5,1932.5
2026-07-17T12:00:00+00:00,US,United States,37.0902,-95.7129,Continental / Subtropical,61.81,Altocumulus,0.5027,17.908,52.11,16.87,1011.3,0.5,2943.6
2026-07-17T13:00:00+00:00,US,United States,37.0902,-95.7129,Continental / Subtropical,65.16,Stratocumulus,0.4633,14.316,51.44,17.24,1012.2,0.5,1817.8
2026-07-17T14:00:00+00:00,US,United States,37.0902,-95.7129,Continental / Subtropical,63.91,Cumulus,0.4235,5.55,52.89,16.43,1011.71,0.5,2384.0
2026-07-17T15:00:00+00:00,US,United States,37.0902,-95.7129,Continental / Subtropical,59.05,Stratocumulus,0.4709,15.12,55.99,16.74,1013.36,0.5,2837.3
2026-07-17T16:00:00+00:00,US,United States,37.0902,-95.7129,Continental / Subtropical,59.73,Cumulus,0.6491,5.177,62.1,16.73,1012.02,0.5,2377.8
2026-07-17T17:00:00+00:00,US,United States,37.0902,-95.7129,Continental / Subtropical,74.21,Stratocumulus,0.4484,5.161,57.86,15.29,1007.4,0.5,1430.2
2026-07-17T18:00:00+00:00,US,United States,37.0902,-95.7129,Continental / Subtropical,61.84,Cumulus,0.5688,15.378,55.12,12.6,1012.42,0.5,1125.1
2026-07-17T19:00:00+00:00,US,United States,37.0902,-95.7129,Continental / Subtropical,56.2,Altocumulus,0.4384,13.091,63.98,13.23,1008.58,0.5,2528.8
2026-07-17T20:00:00+00:00,US,United States,37.0902,-95.7129,Continental / Subtropical,62.18,Stratocumulus,0.5535,8.619,63.22,8.56,1011.9,0.5,1389.1
2026-07-17T21:00:00+00:00,US,United States,37.0902,-95.7129,Continental / Subtropical,58.97,Stratocumulus,0.3517,5.764,68.21,9.45,1013.9,0.5,2071.6
2026-07-17T22:00:00+00:00,US,United States,37.0902,-95.7129,Continental / Subtropical,55.44,Altocumulus,0.4016,15.961,69.46,10.73,1013.05,0.5,2982.5
2026-07-17T23:00:00+00:00,US,United States,37.0902,-95.7129,Continental / Subtropical,61.14,Altocumulus,0.4501,13.634,67.97,7.06,1011.27,0.5,1532.5
2026-07-18T00:00:00+00:00,US,United States,37.0902,-95.7129,Continental / Subtropical,61.56,Altocumulus,0.5417,12.404,65.97,6.33,1010.73,0.5,2844.6
2026-07-18T01:00:00+00:00,US,United States,37.0902,-95.7129,Continental / Subtropical,56.44,Cumulus,0.6207,13.223,67.51,9.59,1012.72,0.5,1940.0
2026-07-18T02:00:00+00:00,US,United States,37.0902,-95.7129,Continental / Subtropical,44.03,Altocumulus,0.3331,5.517,65.96,7.05,1014.34,0.5,3779.5
2026-07-18T03:00:00+00:00,US,United States,37.0902,-95.7129,Continental / Subtropical,51.33,Altocumulus,0.6406,7.037,61.16,9.87,1011.86,0.5,2752.1
2026-07-18T04:00:00+00:00,US,United States,37.0902,-95.7129,Continental / Subtropical,54.68,Altocumulus,0.3516,15.774,65.59,9.99,1012.83,0.5,2390.4
2026-07-18T05:00:00+00:00,US,United States,37.0902,-95.7129,Continental / Subtropical,53.47,Cumulus,0.5614,14.44,59.74,9.48,1013.12,0.5,1158.4
2026-07-18T06:00:00+00:00,US,United States,37.0902,-95.7129,Continental / Subtropical,53.88,Altocumulus,0.5026,13.184,60.02,12.3,1007.87,0.5,1215.7
2026-07-18T07:00:00+00:00,US,United States,37.0902,-95.7129,Continental / Subtropical,53.27,Altocumulus,0.6219,12.18,57.3,12.53,1013.51,0.5,2909.3
2026-07-18T08:00:00+00:00,US,United States,37.0902,-95.7129,Continental / Subtropical,47.91,Altocumulus,0.2475,3.455,53.58,14.74,1013.05,0.5,6802.2
2026-07-18T09:00:00+00:00,US,United States,37.0902,-95.7129,Continental / Subtropical,45.51,Cirrus,0.162,3.999,53.75,17.93,1013.25,0.5,5769.8
2026-07-18T10:00:00+00:00,US,United States,37.0902,-95.7129,Continental / Subtropical,46.28,Cumulus,0.1984,4.693,53.47,16.47,1015.1,0.5,3975.4
2026-07-18T11:00:00+00:00,US,United States,37.0902,-95.7129,Continental / Subtropical,43.29,Cumulus,0.1608,4.04,56.49,17.6,1014.72,0.5,7580.7
2026-07-18T12:00:00+00:00,US,United States,37.0902,-95.7129,Continental / Subtropical,37.07,Cirrus,0.1514,1.749,49.51,18.64,1016.86,0.5,8581.8
2026-07-18T13:00:00+00:00,US,United States,37.0902,-95.7129,Continental / Subtropical,42.13,Cumulus,0.2348,2.982,52.04,15.32,1015.97,0.5,4215.6
2026-07-18T14:00:00+00:00,US,United States,37.0902,-95.7129,Continental / Subtropical,40.93,Cirrus,0.1677,5.802,50.88,15.66,1012.93,0.5,6396.0
2026-07-18T15:00:00+00:00,US,United States,37.0902,-95.7129,Continental / Subtropical,45.99,Altocumulus,0.3203,1.757,51.78,17.44,1014.5,0.5,5703.9
2026-07-18T16:00:00+00:00,US,United States,37.0902,-95.7129,Continental / Subtropical,38.6,Cumulus,0.2661,4.413,53.5,14.71,1010.22,0.5,7649.7
2026-07-18T17:00:00+00:00,US,United States,37.0902,-95.7129,Continental / Subtropical,40.82,Altocumulus,0.2858,2.103,59.04,15.06,1013.63,0.5,8944.5
2026-07-18T18:00:00+00:00,US,United States,37.0902,-95.7129,Continental / Subtropical,48.65,Altocumulus,0.3595,2.563,60.47,11.96,1013.43,0.5,5851.2
2026-07-18T19:00:00+00:00,US,United States,37.0902,-95.7129,Continental / Subtropical,51.11,Altocumulus,0.4438,8.022,63.65,12.54,1014.23,0.5,2091.7
2026-07-18T20:00:00+00:00,US,United States,37.0902,-95.7129,Continental / Subtropical,41.17,Altocumulus,0.349,3.155,68.83,12.5,1016.63,0.5,6197.0
2026-07-18T21:00:00+00:00,US,United States,37.0902,-95.7129,Continental / Subtropical,38.56,Altocumulus,0.2687,1.969,69.73,9.68,1014.38,0.5,5393.1
2026-07-18T22:00:00+00:00,US,United States,37.0902,-95.7129,Continental / Subtropical,51.27,Cumulus,0.4546,11.269,65.24,8.76,1013.29,0.5,2631.3
2026-07-18T23:00:00+00:00,US,United States,37.0902,-95.7129,Continental / Subtropical,33.07,Cirrus,0.1784,1.994,68.48,8.6,1016.82,0.5,7698.4
2026-07-19T00:00:00+00:00,US,United States,37.0902,-95.7129,Continental / Subtropical,40.73,Cumulus,0.2104,3.55,72.34,7.38,1015.87,0.5,6810.4
2026-07-19T01:00:00+00:00,US,United States,37.0902,-95.7129,Continental / Subtropical,36.76,Cumulus,0.292,5.163,69.86,7.68,1013.21,0.5,6332.0
2026-07-19T02:00:00+00:00,US,United States,37.0902,-95.7129,Continental / Subtropical,37.87,Cirrus,0.3775,1.725,68.34,8.38,1014.52,0.5,8012.6
2026-07-19T03:00:00+00:00,US,United States,37.0902,-95.7129,Continental / Subtropical,37.47,Cumulus,0.1551,1.69,64.0,11.1,1015.79,0.5,7430.3
2026-07-19T04:00:00+00:00,US,United States,37.0902,-95.7129,Continental / Subtropical,37.54,Altocumulus,0.1738,5.907,62.95,10.0,1013.35,0.5,8311.0
2026-07-19T05:00:00+00:00,US,United States,37.0902,-95.7129,Continental / Subtropical,41.7,Cumulus,0.2462,5.024,65.6,11.79,1015.04,0.5,4069.3
2026-07-19T06:00:00+00:00,US,United States,37.0902,-95.7129,Continental / Subtropical,37.27,Cumulus,0.1725,1.53,57.99,12.59,1014.68,0.5,4996.4
2026-07-19T07:00:00+00:00,US,United States,37.0902,-95.7129,Continental / Subtropical,41.7,Altocumulus,0.2046,3.674,58.59,14.7,1015.62,0.5,8057.1
2026-07-19T08:00:00+00:00,US,United States,37.0902,-95.7129,Continental / Subtropical,45.97,Cumulus,0.199,4.359,54.41,14.51,1014.18,0.5,3790.0
2026-07-19T09:00:00+00:00,US,United States,37.0902,-95.7129,Continental / Subtropical,34.99,Cumulus,0.2856,4.144,52.62,15.47,1013.58,0.5,7690.7
2026-07-19T10:00:00+00:00,US,United States,37.0902,-95.7129,Continental / Subtropical,49.99,Altocumulus,0.2255,5.693,48.06,17.3,1015.15,0.5,8716.0
2026-07-19T11:00:00+00:00,US,United States,37.0902,-95.7129,Continental / Subtropical,46.85,Cirrus,0.1975,1.421,53.38,18.3,1011.98,0.5,4207.3
2026-07-19T12:00:00+00:00,US,United States,37.0902,-95.7129,Continental / Subtropical,44.15,Altocumulus,0.1819,4.637,46.95,20.65,1013.56,0.5,6071.1
2026-07-19T13:00:00+00:00,US,United States,37.0902,-95.7129,Continental / Subtropical,44.64,Altocumulus,0.2824,1.004,49.26,16.67,1015.22,0.5,8977.5
2026-07-19T14:00:00+00:00,US,United States,37.0902,-95.7129,Continental / Subtropical,48.91,Cirrus,0.2786,2.322,54.4,18.72,1013.39,0.5,6371.6
2026-07-19T15:00:00+00:00,US,United States,37.0902,-95.7129,Continental / Subtropical,50.2,Cumulus,0.4663,12.891,52.56,15.92,1012.81,0.5,2938.2
2026-07-19T16:00:00+00:00,US,United States,37.0902,-95.7129,Continental / Subtropical,46.9,Altocumulus,0.2458,1.299,49.33,17.2,1012.27,0.5,7423.6
2026-07-19T17:00:00+00:00,US,United States,37.0902,-95.7129,Continental / Subtropical,60.71,Stratocumulus,0.5002,8.207,61.59,14.41,1010.33,0.5,2832.5
2026-07-19T18:00:00+00:00,US,United States,37.0902,-95.7129,Continental / Subtropical,56.94,Cumulus,0.4609,15.568,59.38,15.31,1013.84,0.5,2476.5
2026-07-19T19:00:00+00:00,US,United States,37.0902,-95.7129,Continental / Subtropical,50.63,Altocumulus,0.5478,15.049,62.66,12.14,1016.01,0.5,1330.1
2026-07-19T20:00:00+00:00,US,United States,37.0902,-95.7129,Continental / Subtropical,58.53,Cumulus,0.4887,7.563,63.56,10.63,1013.08,0.5,1256.7
2026-07-19T21:00:00+00:00,US,United States,37.0902,-95.7129,Continental / Subtropical,60.69,Altocumulus,0.6318,11.418,63.32,10.89,1010.05,0.5,2354.3
2026-07-19T22:00:00+00:00,US,United States,37.0902,-95.7129,Continental / Subtropical,57.97,Cumulus,0.4762,6.125,70.02,8.41,1010.97,0.5,2993.9
2026-07-19T23:00:00+00:00,US,United States,37.0902,-95.7129,Continental / Subtropical,54.57,Altocumulus,0.3517,15.856,70.09,9.06,1012.83,0.5,1755.0
2026-07-20T00:00:00+00:00,US,United States,37.0902,-95.7129,Continental / Subtropical,61.28,Stratocumulus,0.3583,14.474,64.15,6.75,1011.7,0.5,1953.0
2026-07-20T01:00:00+00:00,US,United States,37.0902,-95.7129,Continental / Subtropical,69.4,Stratocumulus,0.3911,13.789,65.87,6.74,1008.89,0.5,2186.6
2026-07-20T02:00:00+00:00,US,United States,37.0902,-95.7129,Continental / Subtropical,62.0,Stratocumulus,0.4657,14.325,66.65,10.25,1010.01,0.5,1093.2
2026-07-20T03:00:00+00:00,US,United States,37.0902,-95.7129,Continental / Subtropical,59.45,Cumulus,0.4926,7.0,65.25,11.3,1012.88,0.5,2974.8
2026-07-20T04:00:00+00:00,US,United States,37.0902,-95.7129,Continental / Subtropical,64.35,Stratocumulus,0.4817,8.693,65.81,10.77,1008.99,0.5,1440.8
2026-07-20T05:00:00+00:00,US,United States,37.0902,-95.7129,Continental / Subtropical,64.3,Stratocumulus,0.3513,8.964,67.93,12.37,1008.7,0.5,2748.8
2026-07-20T06:00:00+00:00,US,United States,37.0902,-95.7129,Continental / Subtropical,60.57,Cumulus,0.3992,6.792,63.18,12.56,1011.29,0.5,1887.2
2026-07-20T07:00:00+00:00,US,United States,37.0902,-95.7129,Continental / Subtropical,74.07,Cumulus,0.5878,9.373,59.81,13.47,1009.84,0.5,1231.1
2026-07-20T08:00:00+00:00,US,United States,37.0902,-95.7129,Continental / Subtropical,61.2,Stratocumulus,0.4373,12.943,51.79,15.08,1010.17,0.5,1173.1
2026-07-20T09:00:00+00:00,US,United States,37.0902,-95.7129,Continental / Subtropical,71.56,Stratocumulus,0.5194,9.371,54.05,15.32,1007.22,0.5,2915.0
2026-07-20T10:00:00+00:00,US,United States,37.0902,-95.7129,Continental / Subtropical,72.4,Altocumulus,0.4453,8.959,55.52,16.69,1011.07,0.5,1926.1
2026-07-20T11:00:00+00:00,US,United States,37.0902,-95.7129,Continental / Subtropical,64.86,Cumulus,0.4563,15.911,55.57,16.89,1009.64,0.5,2991.5
2026-07-20T12:00:00+00:00,US,United States,37.0902,-95.7129,Continental / Subtropical,68.9,Altocumulus,0.6028,6.119,53.98,17.27,1010.41,0.5,1274.5
2026-07-20T13:00:00+00:00,US,United States,37.0902,-95.7129,Continental / Subtropical,73.18,Altocumulus,0.4933,14.59,50.69,19.06,1007.54,0.5,2082.0
2026-07-20T14:00:00+00:00,US,United States,37.0902,-95.7129,Continental / Subtropical,66.74,Altocumulus,0.3975,17.647,47.99,13.26,1010.58,0.5,2493.2
2026-07-20T15:00:00+00:00,US,United States,37.0902,-95.7129,Continental / Subtropical,67.34,Altocumulus,0.6381,9.708,57.04,15.31,1011.61,0.5,2979.3
2026-07-20T16:00:00+00:00,US,United States,37.0902,-95.7129,Continental / Subtropical,72.88,Stratocumulus,0.4388,5.09,56.82,15.01,1008.54,0.5,1268.2
2026-07-20T17:00:00+00:00,US,United States,37.0902,-95.7129,Continental / Subtropical,74.76,Altocumulus,0.4146,14.032,61.33,14.17,1009.46,0.5,2373.0
2026-07-20T18:00:00+00:00,US,United States,37.0902,-95.7129,Continental / Subtropical,63.69,Cumulus,0.6437,13.061,64.32,13.67,1009.68,0.5,2582.0
2026-07-20T19:00:00+00:00,US,United States,37.0902,-95.7129,Continental / Subtropical,66.21,Stratocumulus,0.5985,17.632,61.51,10.07,1011.04,0.5,1111.7
2026-07-20T20:00:00+00:00,US,United States,37.0902,-95.7129,Continental / Subtropical,73.98,Altocumulus,0.4762,9.31,66.49,10.02,1010.79,0.5,2544.0
2026-07-20T21:00:00+00:00,US,United States,37.0902,-95.7129,Continental / Subtropical,70.98,Stratocumulus,0.5841,11.376,60.71,11.09,1009.6,0.5,1463.1
2026-07-20T22:00:00+00:00,US,United States,37.0902,-95.7129,Continental / Subtropical,68.6,Altocumulus,0.577,13.388,64.41,8.97,1011.31,0.5,2809.9
2026-07-20T23:00:00+00:00,US,United States,37.0902,-95.7129,Continental / Subtropical,69.34,Cumulus,0.3818,5.617,68.21,7.5,1010.24,0.5,2973.8
2026-07-21T00:00:00+00:00,US,United States,37.0902,-95.7129,Continental / Subtropical,63.42,Stratocumulus,0.508,11.024,66.99,7.2,1009.21,0.5,1216.4
2026-07-21T01:00:00+00:00,US,United States,37.0902,-95.7129,Continental / Subtropical,71.35,Cumulus,0.3585,14.901,68.12,7.22,1007.68,0.5,1875.0
2026-07-21T02:00:00+00:00,US,United States,37.0902,-95.7129,Continental / Subtropical,60.93,Altocumulus,0.4229,11.844,65.54,9.37,1013.82,0.5,2643.4
2026-07-21T03:00:00+00:00,US,United States,37.0902,-95.7129,Continental / Subtropical,63.21,Cumulus,0.4738,10.621,64.54,10.6,1012.09,0.5,1392.9
2026-07-21T04:00:00+00:00,US,United States,37.0902,-95.7129,Continental / Subtropical,58.9,Stratocumulus,0.4583,14.671,61.58,11.28,1014.11,0.5,2193.6
2026-07-21T05:00:00+00:00,US,United States,37.0902,-95.7129,Continental / Subtropical,58.32,Cumulus,0.4385,10.113,60.49,11.66,1010.35,0.5,1207.4
2026-07-21T06:00:00+00:00,US,United States,37.0902,-95.7129,Continental / Subtropical,48.49,Cirrus,0.3145,5.564,58.88,13.5,1014.15,0.5,5364.9
2026-07-21T07:00:00+00:00,US,United States,37.0902,-95.7129,Continental / Subtropical,59.79,Altocumulus,0.3659,13.106,65.95,14.39,1009.45,0.5,1443.7
2026-07-21T08:00:00+00:00,US,United States,37.0902,-95.7129,Continental / Subtropical,50.31,Cumulus,0.6008,12.403,47.71,17.76,1012.55,0.5,2205.2
2026-07-21T09:00:00+00:00,US,United States,37.0902,-95.7129,Continental / Subtropical,47.1,Altocumulus,0.1645,5.327,56.7,15.23,1012.33,0.5,4730.3
2026-07-21T10:00:00+00:00,US,United States,37.0902,-95.7129,Continental / Subtropical,50.15,Altocumulus,0.396,7.218,53.82,18.27,1012.03,0.5,2572.9
2026-07-21T11:00:00+00:00,US,United States,37.0902,-95.7129,Continental / Subtropical,44.92,Cumulus,0.3136,1.219,48.59,18.45,1013.56,0.5,5215.5
2026-07-21T12:00:00+00:00,US,United States,37.0902,-95.7129,Continental / Subtropical,39.52,Cirrus,0.1846,2.355,55.28,16.89,1013.5,0.5,4276.9
2026-07-21T13:00:00+00:00,US,United States,37.0902,-95.7129,Continental / Subtropical,44.12,Altocumulus,0.1942,4.715,55.03,17.57,1012.44,0.5,4757.2
2026-07-21T14:00:00+00:00,US,United States,37.0902,-95.7129,Continental / Subtropical,45.39,Cirrus,0.3187,2.225,51.54,18.67,1013.99,0.5,4723.3
2026-07-21T15:00:00+00:00,US,United States,37.0902,-95.7129,Continental / Subtropical,37.26,Cumulus,0.2586,2.315,55.0,15.22,1016.95,0.5,4260.3
2026-07-21T16:00:00+00:00,US,United States,37.0902,-95.7129,Continental / Subtropical,44.12,Cumulus,0.3679,5.408,58.42,15.95,1013.72,0.5,4903.8
2026-07-21T17:00:00+00:00,US,United States,37.0902,-95.7129,Continental / Subtropical,41.56,Altocumulus,0.3522,3.31,56.67,14.65,1013.26,0.5,4028.3
2026-07-21T18:00:00+00:00,US,United States,37.0902,-95.7129,Continental / Subtropical,34.33,Cirrus,0.3557,3.272,60.6,12.7,1015.45,0.5,5318.5
2026-07-21T19:00:00+00:00,US,United States,37.0902,-95.7129,Continental / Subtropical,33.33,Cirrus,0.158,5.268,58.25,12.54,1014.98,0.5,8633.6
2026-07-21T20:00:00+00:00,US,United States,37.0902,-95.7129,Continental / Subtropical,28.08,Cumulus,0.1977,1.029,65.91,11.76,1017.76,0.5,3748.4
2026-07-21T21:00:00+00:00,US,United States,37.0902,-95.7129,Continental / Subtropical,44.37,Altocumulus,0.3192,3.115,60.31,9.88,1010.71,0.5,8569.3
2026-07-21T22:00:00+00:00,US,United States,37.0902,-95.7129,Continental / Subtropical,39.43,Cirrus,0.2249,3.72,65.37,6.36,1016.88,0.5,8415.1
2026-07-21T23:00:00+00:00,US,United States,37.0902,-95.7129,Continental / Subtropical,33.01,Cumulus,0.2468,1.674,68.62,8.42,1016.16,0.5,5495.1
2026-07-22T00:00:00+00:00,US,United States,37.0902,-95.7129,Continental / Subtropical,38.6,Cirrus,0.2251,3.451,67.79,9.53,1016.29,0.5,8476.9
2026-07-22T01:00:00+00:00,US,United States,37.0902,-95.7129,Continental / Subtropical,28.01,Cirrus,0.3695,3.614,68.68,8.92,1017.8,0.5,8827.4
2026-07-22T02:00:00+00:00,US,United States,37.0902,-95.7129,Continental / Subtropical,38.94,Altocumulus,0.3301,1.088,65.81,7.86,1013.57,0.5,4637.1
2026-07-22T03:00:00+00:00,US,United States,37.0902,-95.7129,Continental / Subtropical,36.98,Cirrus,0.3287,1.212,64.96,9.31,1014.53,0.5,5526.0
2026-07-22T04:00:00+00:00,US,United States,37.0902,-95.7129,Continental / Subtropical,32.69,Cirrus,0.2825,5.373,66.9,11.96,1017.73,0.5,7096.8
2026-07-22T05:00:00+00:00,US,United States,37.0902,-95.7129,Continental / Subtropical,30.0,Altocumulus,0.2837,1.692,59.46,11.39,1014.85,0.5,7550.3
2026-07-22T06:00:00+00:00,US,United States,37.0902,-95.7129,Continental / Subtropical,35.29,Altocumulus,0.1974,1.971,63.43,13.6,1014.63,0.5,8342.2
2026-07-22T07:00:00+00:00,US,United States,37.0902,-95.7129,Continental / Subtropical,27.37,Cumulus,0.2071,1.47,52.52,12.76,1018.02,0.5,3527.7
2026-07-22T08:00:00+00:00,US,United States,37.0902,-95.7129,Continental / Subtropical,29.68,Altocumulus,0.163,3.167,60.65,14.58,1017.32,0.5,5351.1
2026-07-22T09:00:00+00:00,US,United States,37.0902,-95.7129,Continental / Subtropical,27.11,Cumulus,0.245,1.295,54.43,17.19,1013.46,0.5,7948.5
2026-07-22T10:00:00+00:00,US,United States,37.0902,-95.7129,Continental / Subtropical,38.36,Cumulus,0.323,2.417,46.85,17.44,1013.39,0.5,5540.4
2026-07-22T11:00:00+00:00,US,United States,37.0902,-95.7129,Continental / Subtropical,29.29,Altocumulus,0.1925,5.325,57.14,20.47,1018.4,0.5,3712.3
2026-07-22T12:00:00+00:00,US,United States,37.0902,-95.7129,Continental / Subtropical,36.73,Cumulus,0.2819,5.946,50.79,19.93,1015.91,0.5,7803.1
2026-07-22T13:00:00+00:00,US,United States,37.0902,-95.7129,Continental / Subtropical,25.83,Altocumulus,0.2394,2.685,52.74,17.46,1018.18,0.5,5996.7
2026-07-22T14:00:00+00:00,US,United States,37.0902,-95.7129,Continental / Subtropical,32.82,Cirrus,0.3687,3.568,50.61,17.58,1018.11,0.5,8363.9
2026-07-22T15:00:00+00:00,US,United States,37.0902,-95.7129,Continental / Subtropical,26.65,Cumulus,0.2405,2.747,55.3,16.58,1018.91,0.5,7568.7
2026-07-22T16:00:00+00:00,US,United States,37.0902,-95.7129,Continental / Subtropical,26.95,Cumulus,0.2986,4.956,60.61,15.7,1015.61,0.5,7171.9
2026-07-22T17:00:00+00:00,US,United States,37.0902,-95.7129,Continental / Subtropical,37.59,Cirrus,0.2208,4.9,60.45,14.92,1011.64,0.5,7397.0
2026-07-22T18:00:00+00:00,US,United States,37.0902,-95.7129,Continental / Subtropical,42.08,Cirrus,0.2853,5.417,58.59,13.05,1012.59,0.5,5096.8
2026-07-22T19:00:00+00:00,US,United States,37.0902,-95.7129,Continental / Subtropical,39.53,Altocumulus,0.371,2.114,55.73,12.52,1013.32,0.5,5803.5
2026-07-22T20:00:00+00:00,US,United States,37.0902,-95.7129,Continental / Subtropical,35.88,Altocumulus,0.2248,3.668,66.94,9.28,1015.13,0.5,8755.6
2026-07-22T21:00:00+00:00,US,United States,37.0902,-95.7129,Continental / Subtropical,40.76,Cumulus,0.3343,4.619,64.47,9.69,1016.79,0.5,4581.1
2026-07-22T22:00:00+00:00,US,United States,37.0902,-95.7129,Continental / Subtropical,37.86,Altocumulus,0.2725,1.765,69.39,9.49,1013.7,0.5,8933.8
2026-07-22T23:00:00+00:00,US,United States,37.0902,-95.7129,Continental / Subtropical,37.95,Cirrus,0.2075,4.815,66.93,6.57,1016.31,0.5,8054.0
2026-07-23T00:00:00+00:00,US,United States,37.0902,-95.7129,Continental / Subtropical,44.2,Cumulus,0.2825,2.643,68.93,6.93,1015.64,0.5,6060.2
2026-07-23T01:00:00+00:00,US,United States,37.0902,-95.7129,Continental / Subtropical,35.73,Cumulus,0.1743,5.43,68.46,6.8,1014.76,0.5,6157.8
2026-07-23T02:00:00+00:00,US,United States,37.0902,-95.7129,Continental / Subtropical,43.47,Cirrus,0.2431,2.893,67.79,9.87,1012.5,0.5,6514.6
2026-07-23T03:00:00+00:00,US,United States,37.0902,-95.7129,Continental / Subtropical,42.07,Cumulus,0.2172,1.054,67.27,8.88,1015.41,0.5,8474.3
2026-07-23T04:00:00+00:00,US,United States,37.0902,-95.7129,Continental / Subtropical,43.79,Altocumulus,0.2532,5.551,64.94,12.01,1012.67,0.5,8811.3
2026-07-23T05:00:00+00:00,US,United States,37.0902,-95.7129,Continental / Subtropical,44.31,Cumulus,0.3605,1.113,59.65,10.93,1014.62,0.5,4311.7
2026-07-23T06:00:00+00:00,US,United States,37.0902,-95.7129,Continental / Subtropical,44.28,Cirrus,0.3473,5.499,63.53,13.61,1016.99,0.5,7307.1
2026-07-23T07:00:00+00:00,US,United States,37.0902,-95.7129,Continental / Subtropical,49.72,Cumulus,0.295,3.545,56.0,15.77,1014.04,0.5,3959.4
2026-07-23T08:00:00+00:00,US,United States,37.0902,-95.7129,Continental / Subtropical,45.91,Cumulus,0.2174,4.096,49.22,14.96,1012.41,0.5,7161.2
2026-07-23T09:00:00+00:00,US,United States,37.0902,-95.7129,Continental / Subtropical,48.9,Cirrus,0.2506,3.808,54.89,16.75,1014.99,0.5,6614.0
2026-07-23T10:00:00+00:00,US,United States,37.0902,-95.7129,Continental / Subtropical,51.56,Altocumulus,0.4086,11.493,48.28,17.38,1011.45,0.5,2916.0
2026-07-23T11:00:00+00:00,US,United States,37.0902,-95.7129,Continental / Subtropical,45.4,Cirrus,0.2959,3.074,54.48,17.76,1013.27,0.5,5961.5
2026-07-23T12:00:00+00:00,US,United States,37.0902,-95.7129,Continental / Subtropical,49.47,Cirrus,0.2718,3.961,50.69,18.19,1015.54,0.5,8968.1
2026-07-23T13:00:00+00:00,US,United States,37.0902,-95.7129,Continental / Subtropical,54.72,Cumulus,0.6159,15.619,57.5,17.5,1011.35,0.5,2064.4
2026-07-23T14:00:00+00:00,US,United States,37.0902,-95.7129,Continental / Subtropical,53.98,Altocumulus,0.3622,14.808,55.37,18.37,1011.74,0.5,1995.2
2026-07-23T15:00:00+00:00,US,United States,37.0902,-95.7129,Continental / Subtropical,47.05,Cumulus,0.3137,1.07,54.15,16.73,1014.35,0.5,8882.6
2026-07-23T16:00:00+00:00,US,United States,37.0902,-95.7129,Continental / Subtropical,43.53,Cirrus,0.2682,3.152,56.88,14.62,1015.88,0.5,7524.7
2026-07-23T17:00:00+00:00,US,United States,37.0902,-95.7129,Continental / Subtropical,52.29,Cumulus,0.6477,11.832,55.54,14.0,1011.73,0.5,2377.0
2026-07-23T18:00:00+00:00,US,United States,37.0902,-95.7129,Continental / Subtropical,52.71,Stratocumulus,0.4583,11.784,60.93,13.17,1010.21,0.5,2818.5
2026-07-23T19:00:00+00:00,US,United States,37.0902,-95.7129,Continental / Subtropical,49.9,Altocumulus,0.3703,5.943,61.72,12.87,1015.71,0.5,4243.4
2026-07-23T20:00:00+00:00,US,United States,37.0902,-95.7129,Continental / Subtropical,55.0,Altocumulus,0.419,8.578,62.9,10.01,1011.66,0.5,2359.4
2026-07-23T21:00:00+00:00,US,United States,37.0902,-95.7129,Continental / Subtropical,44.62,Altocumulus,0.1969,4.626,65.42,10.56,1013.19,0.5,5862.5
2026-07-23T22:00:00+00:00,US,United States,37.0902,-95.7129,Continental / Subtropical,43.77,Cirrus,0.3388,5.331,65.99,5.1,1016.09,0.5,3731.8
2026-07-23T23:00:00+00:00,US,United States,37.0902,-95.7129,Continental / Subtropical,52.09,Cumulus,0.5268,9.923,68.18,8.55,1014.63,0.5,2946.6
2026-07-24T00:00:00+00:00,US,United States,37.0902,-95.7129,Continental / Subtropical,39.11,Cirrus,0.199,4.808,64.25,7.66,1014.69,0.5,8836.0
2026-07-24T01:00:00+00:00,US,United States,37.0902,-95.7129,Continental / Subtropical,42.6,Altocumulus,0.3229,1.184,67.59,8.55,1014.32,0.5,7272.7
2026-07-24T02:00:00+00:00,US,United States,37.0902,-95.7129,Continental / Subtropical,41.94,Cumulus,0.3298,1.302,64.25,8.33,1013.96,0.5,4184.0
2026-07-24T03:00:00+00:00,US,United States,37.0902,-95.7129,Continental / Subtropical,48.35,Cumulus,0.3206,2.912,65.67,8.57,1013.96,0.5,8499.7
2026-07-24T04:00:00+00:00,US,United States,37.0902,-95.7129,Continental / Subtropical,47.89,Cumulus,0.1927,3.11,65.49,9.18,1013.0,0.5,8672.3
2026-07-24T05:00:00+00:00,US,United States,37.0902,-95.7129,Continental / Subtropical,50.2,Stratocumulus,0.4167,11.993,61.37,11.71,1009.67,0.5,2282.6
2026-07-24T06:00:00+00:00,US,United States,37.0902,-95.7129,Continental / Subtropical,48.08,Cumulus,0.2892,5.373,62.66,12.08,1011.63,0.5,3875.1
2026-07-24T07:00:00+00:00,US,United States,37.0902,-95.7129,Continental / Subtropical,35.44,Cirrus,0.2466,5.415,60.28,13.48,1016.19,0.5,7223.9
2026-07-24T08:00:00+00:00,US,United States,37.0902,-95.7129,Continental / Subtropical,33.64,Altocumulus,0.305,4.024,55.83,14.74,1013.61,0.5,7114.8
2026-07-24T09:00:00+00:00,US,United States,37.0902,-95.7129,Continental / Subtropical,37.78,Altocumulus,0.1981,3.811,55.79,19.41,1013.37,0.5,4909.0
2026-07-24T10:00:00+00:00,US,United States,37.0902,-95.7129,Continental / Subtropical,35.17,Cumulus,0.2837,3.96,57.69,17.02,1017.12,0.5,8227.6
2026-07-24T11:00:00+00:00,US,United States,37.0902,-95.7129,Continental / Subtropical,43.49,Altocumulus,0.1856,5.401,53.61,17.07,1009.86,0.5,7912.0
2026-07-24T12:00:00+00:00,US,United States,37.0902,-95.7129,Continental / Subtropical,30.24,Cirrus,0.3432,4.92,52.71,16.24,1014.73,0.5,6176.5
2026-07-24T13:00:00+00:00,US,United States,37.0902,-95.7129,Continental / Subtropical,27.84,Altocumulus,0.2402,5.548,54.18,18.69,1015.97,0.5,7449.9
2026-07-24T14:00:00+00:00,US,United States,37.0902,-95.7129,Continental / Subtropical,41.86,Cumulus,0.3726,4.215,48.58,19.48,1015.12,0.5,7623.4
2026-07-24T15:00:00+00:00,US,United States,37.0902,-95.7129,Continental / Subtropical,31.95,Cumulus,0.3677,4.813,57.24,17.45,1015.86,0.5,3601.0
2026-07-24T16:00:00+00:00,US,United States,37.0902,-95.7129,Continental / Subtropical,27.98,Cumulus,0.2218,3.825,53.71,13.87,1016.71,0.5,7460.1
2026-07-24T17:00:00+00:00,US,United States,37.0902,-95.7129,Continental / Subtropical,25.77,Cirrus,0.2282,5.72,55.3,14.08,1018.56,0.5,8274.9
2026-07-24T18:00:00+00:00,US,United States,37.0902,-95.7129,Continental / Subtropical,25.71,Altocumulus,0.1561,2.182,62.83,11.67,1017.32,0.5,5046.6
2026-07-24T19:00:00+00:00,US,United States,37.0902,-95.7129,Continental / Subtropical,29.61,Altocumulus,0.2053,5.27,64.93,12.15,1014.88,0.5,4582.7
2026-07-24T20:00:00+00:00,US,United States,37.0902,-95.7129,Continental / Subtropical,34.18,Cumulus,0.2914,4.706,66.58,10.45,1016.3,0.5,3790.0
2026-07-24T21:00:00+00:00,US,United States,37.0902,-95.7129,Continental / Subtropical,25.28,Cumulus,0.3671,5.591,64.08,8.6,1017.27,0.5,4560.6
2026-07-24T22:00:00+00:00,US,United States,37.0902,-95.7129,Continental / Subtropical,24.21,Cumulus,0.2402,3.704,70.71,8.12,1015.96,0.5,4485.2
2026-07-24T23:00:00+00:00,US,United States,37.0902,-95.7129,Continental / Subtropical,26.12,Cumulus,0.2383,2.512,67.77,8.61,1017.76,0.5,7416.5
2026-07-25T00:00:00+00:00,US,United States,37.0902,-95.7129,Continental / Subtropical,22.98,Cumulus,0.3551,5.487,71.22,9.2,1016.47,0.5,5556.2
2026-07-25T01:00:00+00:00,US,United States,37.0902,-95.7129,Continental / Subtropical,19.34,Altocumulus,0.2699,4.648,64.9,6.51,1015.22,0.5,7242.3
2026-07-25T02:00:00+00:00,US,United States,37.0902,-95.7129,Continental / Subtropical,24.39,Cumulus,0.2521,1.341,66.19,10.28,1017.77,0.5,3563.3
2026-07-25T03:00:00+00:00,US,United States,37.0902,-95.7129,Continental / Subtropical,17.83,Altocumulus,0.2172,5.539,64.63,8.51,1020.74,0.5,5380.3
2026-07-25T04:00:00+00:00,US,United States,37.0902,-95.7129,Continental / Subtropical,21.02,Cirrus,0.1622,3.908,63.01,10.09,1018.04,0.5,4303.2
2026-07-25T05:00:00+00:00,US,United States,37.0902,-95.7129,Continental / Subtropical,31.28,Altocumulus,0.3379,5.945,62.94,12.82,1014.62,0.5,8324.6
2026-07-25T06:00:00+00:00,US,United States,37.0902,-95.7129,Continental / Subtropical,17.02,Cumulus,0.1582,1.816,58.29,13.65,1019.02,0.5,4152.0
2026-07-25T07:00:00+00:00,US,United States,37.0902,-95.7129,Continental / Subtropical,11.41,Clear,0.0462,0.317,59.37,14.76,1019.44,0.5,0
2026-07-25T08:00:00+00:00,US,United States,37.0902,-95.7129,Continental / Subtropical,23.66,Altocumulus,0.234,2.337,54.78,16.52,1015.42,0.5,8154.6
2026-07-25T09:00:00+00:00,US,United States,37.0902,-95.7129,Continental / Subtropical,16.62,Cumulus,0.259,1.629,52.27,17.18,1018.82,0.5,6635.6
2026-07-25T10:00:00+00:00,US,United States,37.0902,-95.7129,Continental / Subtropical,17.52,Cirrus,0.3387,4.789,54.11,14.8,1019.35,0.5,6933.5
2026-07-25T11:00:00+00:00,US,United States,37.0902,-95.7129,Continental / Subtropical,23.93,Cumulus,0.3282,2.431,45.67,18.52,1015.04,0.5,4984.7
2026-07-25T12:00:00+00:00,US,United States,37.0902,-95.7129,Continental / Subtropical,18.34,Altocumulus,0.3414,2.322,51.15,18.08,1018.43,0.5,3922.5
2026-07-25T13:00:00+00:00,US,United States,37.0902,-95.7129,Continental / Subtropical,27.96,Cumulus,0.2846,3.019,53.83,20.14,1017.54,0.5,8869.1
2026-07-25T14:00:00+00:00,US,United States,37.0902,-95.7129,Continental / Subtropical,16.13,Altocumulus,0.1703,2.914,45.39,18.44,1022.33,0.5,6947.0
2026-07-25T15:00:00+00:00,US,United States,37.0902,-95.7129,Continental / Subtropical,25.95,Altocumulus,0.1721,1.839,54.72,17.25,1017.4,0.5,6026.4
2026-07-25T16:00:00+00:00,US,United States,37.0902,-95.7129,Continental / Subtropical,30.11,Cirrus,0.3775,1.184,56.42,17.28,1015.41,0.5,4310.0
2026-07-25T17:00:00+00:00,US,United States,37.0902,-95.7129,Continental / Subtropical,27.16,Cumulus,0.3341,1.942,52.74,15.13,1018.88,0.5,3630.8
2026-07-25T18:00:00+00:00,US,United States,37.0902,-95.7129,Continental / Subtropical,21.26,Altocumulus,0.2875,2.295,56.92,16.19,1019.58,0.5,4657.1
2026-07-25T19:00:00+00:00,US,United States,37.0902,-95.7129,Continental / Subtropical,40.64,Altocumulus,0.2217,1.384,59.44,12.16,1015.99,0.5,4010.1
2026-07-25T20:00:00+00:00,US,United States,37.0902,-95.7129,Continental / Subtropical,34.28,Cumulus,0.2765,4.863,62.08,10.5,1013.63,0.5,8386.5
2026-07-25T21:00:00+00:00,US,United States,37.0902,-95.7129,Continental / Subtropical,24.47,Cumulus,0.2658,3.504,58.77,9.23,1018.12,0.5,5215.0
2026-07-25T22:00:00+00:00,US,United States,37.0902,-95.7129,Continental / Subtropical,25.11,Altocumulus,0.2431,4.427,64.1,9.52,1017.02,0.5,7485.0
2026-07-25T23:00:00+00:00,US,United States,37.0902,-95.7129,Continental / Subtropical,41.69,Cirrus,0.1779,3.143,67.52,6.48,1014.97,0.5,6523.6
2026-07-26T00:00:00+00:00,US,United States,37.0902,-95.7129,Continental / Subtropical,40.39,Cumulus,0.2357,5.703,64.33,7.23,1013.64,0.5,5898.4
2026-07-26T01:00:00+00:00,US,United States,37.0902,-95.7129,Continental / Subtropical,40.35,Cumulus,0.3705,5.993,70.09,7.1,1013.94,0.5,3696.6
2026-07-26T02:00:00+00:00,US,United States,37.0902,-95.7129,Continental / Subtropical,39.52,Altocumulus,0.3369,4.727,66.88,9.37,1015.48,0.5,6168.9
2026-07-26T03:00:00+00:00,US,United States,37.0902,-95.7129,Continental / Subtropical,40.31,Cumulus,0.1755,3.091,64.03,9.05,1014.33,0.5,7138.2
2026-07-26T04:00:00+00:00,US,United States,37.0902,-95.7129,Continental / Subtropical,34.22,Cumulus,0.2977,1.447,62.52,10.69,1016.76,0.5,3902.4
2026-07-26T05:00:00+00:00,US,United States,37.0902,-95.7129,Continental / Subtropical,40.85,Cumulus,0.2212,2.491,61.67,12.13,1013.85,0.5,8875.2
2026-07-26T06:00:00+00:00,US,United States,37.0902,-95.7129,Continental / Subtropical,37.04,Altocumulus,0.27,1.475,61.39,12.31,1013.68,0.5,6010.6
2026-07-26T07:00:00+00:00,US,United States,37.0902,-95.7129,Continental / Subtropical,43.34,Cirrus,0.3186,4.665,58.79,15.56,1011.07,0.5,5804.1
2026-07-26T08:00:00+00:00,US,United States,37.0902,-95.7129,Continental / Subtropical,54.47,Altocumulus,0.5213,13.341,59.38,16.03,1014.05,0.5,1394.0
2026-07-26T09:00:00+00:00,US,United States,37.0902,-95.7129,Continental / Subtropical,40.61,Altocumulus,0.2703,2.143,56.92,16.99,1018.35,0.5,6252.8
2026-07-26T10:00:00+00:00,US,United States,37.0902,-95.7129,Continental / Subtropical,51.33,Stratocumulus,0.6263,6.47,54.15,16.61,1012.01,0.5,1096.2
2026-07-26T11:00:00+00:00,US,United States,37.0902,-95.7129,Continental / Subtropical,52.22,Altocumulus,0.6352,15.501,54.18,20.28,1014.19,0.5,1547.6
2026-07-26T12:00:00+00:00,US,United States,37.0902,-95.7129,Continental / Subtropical,56.58,Stratocumulus,0.6187,15.685,51.44,17.64,1014.37,0.5,2700.3
2026-07-26T13:00:00+00:00,US,United States,37.0902,-95.7129,Continental / Subtropical,44.99,Altocumulus,0.2814,4.024,53.29,17.41,1012.4,0.5,3543.8
2026-07-26T14:00:00+00:00,US,United States,37.0902,-95.7129,Continental / Subtropical,50.74,Stratocumulus,0.5319,14.546,53.19,17.09,1012.31,0.5,1282.9
2026-07-26T15:00:00+00:00,US,United States,37.0902,-95.7129,Continental / Subtropical,55.39,Stratocumulus,0.5278,15.907,54.95,16.66,1009.76,0.5,2374.2
2026-07-26T16:00:00+00:00,US,United States,37.0902,-95.7129,Continental / Subtropical,59.66,Altocumulus,0.3916,14.029,55.16,15.35,1011.55,0.5,1755.6
2026-07-26T17:00:00+00:00,US,United States,37.0902,-95.7129,Continental / Subtropical,57.32,Altocumulus,0.5974,12.928,52.69,12.73,1012.05,0.5,1561.0
2026-07-26T18:00:00+00:00,US,United States,37.0902,-95.7129,Continental / Subtropical,56.09,Altocumulus,0.5765,14.019,55.52,11.37,1011.22,0.5,1663.7
2026-07-26T19:00:00+00:00,US,United States,37.0902,-95.7129,Continental / Subtropical,62.53,Cumulus,0.4799,17.892,64.17,12.31,1008.88,0.5,2890.3
2026-07-26T20:00:00+00:00,US,United States,37.0902,-95.7129,Continental / Subtropical,57.48,Cumulus,0.4224,5.517,64.43,11.39,1011.5,0.5,2038.0
2026-07-26T21:00:00+00:00,US,United States,37.0902,-95.7129,Continental / Subtropical,65.84,Altocumulus,0.3684,11.698,64.68,8.74,1008.76,0.5,1298.7
2026-07-26T22:00:00+00:00,US,United States,37.0902,-95.7129,Continental / Subtropical,60.67,Altocumulus,0.3677,8.31,71.4,8.18,1012.64,0.5,2131.2
2026-07-26T23:00:00+00:00,US,United States,37.0902,-95.7129,Continental / Subtropical,60.5,Altocumulus,0.5985,15.536,70.85,6.38,1010.97,0.5,1004.1
2026-07-27T00:00:00+00:00,US,United States,37.0902,-95.7129,Continental / Subtropical,66.72,Stratocumulus,0.3766,9.52,66.64,6.88,1013.19,0.5,1979.7
2026-07-27T01:00:00+00:00,US,United States,37.0902,-95.7129,Continental / Subtropical,65.16,Cumulus,0.4252,5.014,72.32,9.36,1010.99,0.5,2353.4
2026-07-27T02:00:00+00:00,US,United States,37.0902,-95.7129,Continental / Subtropical,55.85,Stratocumulus,0.4081,5.769,73.83,8.33,1012.83,0.5,2986.9
2026-07-27T03:00:00+00:00,US,United States,37.0902,-95.7129,Continental / Subtropical,59.03,Stratocumulus,0.365,10.754,72.3,9.23,1010.03,0.5,2502.3
2026-07-27T04:00:00+00:00,US,United States,37.0902,-95.7129,Continental / Subtropical,57.47,Altocumulus,0.5055,13.636,67.96,9.93,1012.02,0.5,2685.4
2026-07-27T05:00:00+00:00,US,United States,37.0902,-95.7129,Continental / Subtropical,60.24,Cumulus,0.6016,6.473,62.25,11.44,1014.28,0.5,2903.9
2026-07-27T06:00:00+00:00,US,United States,37.0902,-95.7129,Continental / Subtropical,53.89,Stratocumulus,0.4853,15.239,58.03,13.02,1013.33,0.5,2424.1
2026-07-27T07:00:00+00:00,US,United States,37.0902,-95.7129,Continental / Subtropical,54.07,Altocumulus,0.5313,17.607,57.82,14.62,1013.59,0.5,2553.2
2026-07-27T08:00:00+00:00,US,United States,37.0902,-95.7129,Continental / Subtropical,61.69,Altocumulus,0.4603,13.025,60.24,15.82,1011.29,0.5,1354.3
2026-07-27T09:00:00+00:00,US,United States,37.0902,-95.7129,Continental / Subtropical,52.08,Cumulus,0.4913,11.223,56.5,15.42,1012.93,0.5,2688.8
2026-07-27T10:00:00+00:00,US,United States,37.0902,-95.7129,Continental / Subtropical,55.84,Stratocumulus,0.4985,5.097,54.56,15.58,1013.64,0.5,1652.4
2026-07-27T11:00:00+00:00,US,United States,37.0902,-95.7129,Continental / Subtropical,53.88,Stratocumulus,0.4458,12.795,53.69,18.85,1014.07,0.5,2318.1
2026-07-27T12:00:00+00:00,US,United States,37.0902,-95.7129,Continental / Subtropical,58.86,Cumulus,0.5452,14.813,49.32,20.39,1011.82,0.5,1705.9
2026-07-27T13:00:00+00:00,US,United States,37.0902,-95.7129,Continental / Subtropical,53.34,Cumulus,0.4085,13.531,56.94,17.53,1015.71,0.5,2044.1
2026-07-27T14:00:00+00:00,US,United States,37.0902,-95.7129,Continental / Subtropical,58.99,Altocumulus,0.428,15.106,59.27,17.73,1011.12,0.5,1935.9
2026-07-27T15:00:00+00:00,US,United States,37.0902,-95.7129,Continental / Subtropical,50.15,Altocumulus,0.6408,14.191,57.73,15.39,1013.15,0.5,1659.9
2026-07-27T16:00:00+00:00,US,United States,37.0902,-95.7129,Continental / Subtropical,45.27,Cumulus,0.172,4.876,49.88,14.99,1011.72,0.5,8043.0
2026-07-27T17:00:00+00:00,US,United States,37.0902,-95.7129,Continental / Subtropical,51.3,Cumulus,0.4672,12.64,58.72,14.38,1014.64,0.5,1059.2
2026-07-27T18:00:00+00:00,US,United States,37.0902,-95.7129,Continental / Subtropical,48.74,Cirrus,0.3679,2.849,61.27,14.16,1011.17,0.5,8597.1
2026-07-27T19:00:00+00:00,US,United States,37.0902,-95.7129,Continental / Subtropical,40.76,Cirrus,0.1593,5.386,64.65,12.97,1015.42,0.5,4042.2
2026-07-27T20:00:00+00:00,US,United States,37.0902,-95.7129,Continental / Subtropical,48.9,Cumulus,0.1982,3.129,67.24,9.35,1015.49,0.5,3744.4
2026-07-27T21:00:00+00:00,US,United States,37.0902,-95.7129,Continental / Subtropical,46.91,Cumulus,0.3619,4.181,70.03,8.22,1013.43,0.5,3556.7
2026-07-27T22:00:00+00:00,US,United States,37.0902,-95.7129,Continental / Subtropical,38.73,Cirrus,0.2534,5.148,62.95,6.98,1013.21,0.5,8501.8
2026-07-27T23:00:00+00:00,US,United States,37.0902,-95.7129,Continental / Subtropical,47.53,Cumulus,0.2686,5.282,70.02,6.07,1014.53,0.5,6396.8
2026-07-28T00:00:00+00:00,US,United States,37.0902,-95.7129,Continental / Subtropical,44.35,Cumulus,0.3479,1.304,68.09,7.99,1015.93,0.5,8946.3
2026-07-28T01:00:00+00:00,US,United States,37.0902,-95.7129,Continental / Subtropical,38.8,Altocumulus,0.2931,1.458,67.67,8.57,1014.29,0.5,4871.1
2026-07-28T02:00:00+00:00,US,United States,37.0902,-95.7129,Continental / Subtropical,51.91,Cumulus,0.4774,11.865,63.76,8.9,1012.16,0.5,2923.7
2026-07-28T03:00:00+00:00,US,United States,37.0902,-95.7129,Continental / Subtropical,39.86,Cumulus,0.2123,2.293,64.46,9.02,1016.35,0.5,7300.9
2026-07-28T04:00:00+00:00,US,United States,37.0902,-95.7129,Continental / Subtropical,38.28,Cumulus,0.3683,2.548,61.06,9.32,1015.98,0.5,4283.8
2026-07-28T05:00:00+00:00,US,United States,37.0902,-95.7129,Continental / Subtropical,38.28,Altocumulus,0.1733,1.591,61.13,11.01,1014.98,0.5,8692.6
2026-07-28T06:00:00+00:00,US,United States,37.0902,-95.7129,Continental / Subtropical,36.4,Altocumulus,0.1956,1.107,62.59,13.61,1018.56,0.5,3937.1
2026-07-28T07:00:00+00:00,US,United States,37.0902,-95.7129,Continental / Subtropical,41.36,Cirrus,0.3452,1.892,60.09,15.49,1013.82,0.5,5709.9
2026-07-28T08:00:00+00:00,US,United States,37.0902,-95.7129,Continental / Subtropical,33.32,Cumulus,0.3452,3.099,54.52,17.38,1015.6,0.5,4586.1
2026-07-28T09:00:00+00:00,US,United States,37.0902,-95.7129,Continental / Subtropical,36.21,Cirrus,0.27,5.205,58.29,15.23,1013.98,0.5,4540.3
2026-07-28T10:00:00+00:00,US,United States,37.0902,-95.7129,Continental / Subtropical,43.4,Cirrus,0.3442,4.81,49.26,17.93,1014.09,0.5,7319.1
2026-07-28T11:00:00+00:00,US,United States,37.0902,-95.7129,Continental / Subtropical,42.28,Cumulus,0.2867,4.133,54.06,18.96,1013.49,0.5,6752.0
2026-07-28T12:00:00+00:00,US,United States,37.0902,-95.7129,Continental / Subtropical,43.98,Altocumulus,0.3497,1.312,51.51,16.34,1015.55,0.5,5418.2
2026-07-28T13:00:00+00:00,US,United States,37.0902,-95.7129,Continental / Subtropical,34.33,Altocumulus,0.3366,1.801,55.17,18.42,1013.99,0.5,6765.0
2026-07-28T14:00:00+00:00,US,United States,37.0902,-95.7129,Continental / Subtropical,27.11,Altocumulus,0.246,3.716,50.63,18.57,1015.97,0.5,4244.6
2026-07-28T15:00:00+00:00,US,United States,37.0902,-95.7129,Continental / Subtropical,32.19,Cumulus,0.2509,3.913,57.17,15.33,1017.18,0.5,6017.9
2026-07-28T16:00:00+00:00,US,United States,37.0902,-95.7129,Continental / Subtropical,35.87,Altocumulus,0.3748,4.619,52.81,14.37,1016.03,0.5,4128.7
2026-07-28T17:00:00+00:00,US,United States,37.0902,-95.7129,Continental / Subtropical,34.47,Cirrus,0.157,4.028,51.85,15.82,1015.4,0.5,5775.7
2026-07-28T18:00:00+00:00,US,United States,37.0902,-95.7129,Continental / Subtropical,41.47,Cumulus,0.2291,3.758,59.03,12.81,1013.17,0.5,5306.3
2026-07-28T19:00:00+00:00,US,United States,37.0902,-95.7129,Continental / Subtropical,48.59,Cumulus,0.3604,2.246,62.71,10.85,1012.02,0.5,7380.8
2026-07-28T20:00:00+00:00,US,United States,37.0902,-95.7129,Continental / Subtropical,39.58,Cirrus,0.2918,2.193,63.73,11.53,1014.42,0.5,7174.3
2026-07-28T21:00:00+00:00,US,United States,37.0902,-95.7129,Continental / Subtropical,37.68,Cumulus,0.2677,4.611,70.8,9.25,1014.17,0.5,4175.9
2026-07-28T22:00:00+00:00,US,United States,37.0902,-95.7129,Continental / Subtropical,43.68,Cirrus,0.3012,3.043,62.15,7.56,1014.05,0.5,5447.8
2026-07-28T23:00:00+00:00,US,United States,37.0902,-95.7129,Continental / Subtropical,38.58,Cirrus,0.2052,5.706,62.81,8.04,1011.45,0.5,7849.8
2026-07-29T00:00:00+00:00,US,United States,37.0902,-95.7129,Continental / Subtropical,48.72,Cumulus,0.3465,1.161,67.32,7.73,1011.66,0.5,4197.9
2026-07-29T01:00:00+00:00,US,United States,37.0902,-95.7129,Continental / Subtropical,38.39,Altocumulus,0.3368,2.045,72.58,7.98,1014.41,0.5,6282.4
2026-07-29T02:00:00+00:00,US,United States,37.0902,-95.7129,Continental / Subtropical,45.33,Cumulus,0.1534,1.474,67.0,10.33,1014.17,0.5,6949.4
2026-07-29T03:00:00+00:00,US,United States,37.0902,-95.7129,Continental / Subtropical,50.33,Cumulus,0.4931,13.822,69.74,8.88,1014.37,0.5,1226.7
2026-07-29T04:00:00+00:00,US,United States,37.0902,-95.7129,Continental / Subtropical,47.64,Cirrus,0.3775,3.974,64.61,11.78,1013.83,0.5,4355.8
2026-07-29T05:00:00+00:00,US,United States,37.0902,-95.7129,Continental / Subtropical,59.53,Cumulus,0.4949,12.178,60.42,10.18,1012.1,0.5,2614.5
2026-07-29T06:00:00+00:00,US,United States,37.0902,-95.7129,Continental / Subtropical,52.53,Cumulus,0.458,5.134,60.17,12.53,1009.55,0.5,1529.3
2026-07-29T07:00:00+00:00,US,United States,37.0902,-95.7129,Continental / Subtropical,58.91,Stratocumulus,0.5562,16.917,51.77,15.11,1012.43,0.5,2704.9
2026-07-29T08:00:00+00:00,US,United States,37.0902,-95.7129,Continental / Subtropical,50.57,Altocumulus,0.398,17.822,54.94,15.06,1014.16,0.5,2355.7
2026-07-29T09:00:00+00:00,US,United States,37.0902,-95.7129,Continental / Subtropical,54.03,Altocumulus,0.6422,12.615,58.17,15.68,1010.42,0.5,1433.2
2026-07-29T10:00:00+00:00,US,United States,37.0902,-95.7129,Continental / Subtropical,64.23,Cumulus,0.4723,14.575,51.28,16.06,1011.68,0.5,1008.5
2026-07-29T11:00:00+00:00,US,United States,37.0902,-95.7129,Continental / Subtropical,52.74,Cumulus,0.6324,7.206,50.68,17.69,1012.74,0.5,2979.6
2026-07-29T12:00:00+00:00,US,United States,37.0902,-95.7129,Continental / Subtropical,56.02,Stratocumulus,0.4561,7.781,51.41,18.05,1010.51,0.5,2785.3
2026-07-29T13:00:00+00:00,US,United States,37.0902,-95.7129,Continental / Subtropical,62.14,Cumulus,0.481,13.786,51.47,17.32,1008.69,0.5,1970.7
2026-07-29T14:00:00+00:00,US,United States,37.0902,-95.7129,Continental / Subtropical,62.72,Stratocumulus,0.4202,12.729,53.93,18.93,1010.59,0.5,1378.9
2026-07-29T15:00:00+00:00,US,United States,37.0902,-95.7129,Continental / Subtropical,58.05,Cumulus,0.5922,15.648,48.37,15.93,1014.51,0.5,1676.3
2026-07-29T16:00:00+00:00,US,United States,37.0902,-95.7129,Continental / Subtropical,71.46,Stratocumulus,0.4832,17.856,56.7,17.17,1009.48,0.5,1186.3
2026-07-29T17:00:00+00:00,US,United States,37.0902,-95.7129,Continental / Subtropical,68.6,Cumulus,0.5623,5.3,58.19,15.1,1009.44,0.5,1415.3
2026-07-29T18:00:00+00:00,US,United States,37.0902,-95.7129,Continental / Subtropical,69.48,Cumulus,0.4762,11.353,60.77,13.71,1010.06,0.5,2468.1
2026-07-29T19:00:00+00:00,US,United States,37.0902,-95.7129,Continental / Subtropical,62.93,Cumulus,0.4715,11.212,64.73,11.94,1011.06,0.5,1300.9
2026-07-29T20:00:00+00:00,US,United States,37.0902,-95.7129,Continental / Subtropical,65.93,Cumulus,0.3514,16.187,64.12,8.7,1011.6,0.5,2689.9
2026-07-29T21:00:00+00:00,US,United States,37.0902,-95.7129,Continental / Subtropical,68.17,Altocumulus,0.4334,16.739,61.61,8.64,1010.01,0.5,2004.3
2026-07-29T22:00:00+00:00,US,United States,37.0902,-95.7129,Continental / Subtropical,67.2,Stratocumulus,0.4377,16.336,66.16,9.88,1011.44,0.5,1356.1
2026-07-29T23:00:00+00:00,US,United States,37.0902,-95.7129,Continental / Subtropical,65.24,Cumulus,0.3915,9.922,68.73,8.36,1012.17,0.5,2845.9
2026-07-30T00:00:00+00:00,US,United States,37.0902,-95.7129,Continental / Subtropical,71.12,Altocumulus,0.3842,10.778,68.31,6.52,1008.42,0.5,1110.0
2026-07-30T01:00:00+00:00,US,United States,37.0902,-95.7129,Continental / Subtropical,59.08,Stratocumulus,0.6121,11.092,69.49,8.49,1013.14,0.5,1787.8
2026-07-30T02:00:00+00:00,US,United States,37.0902,-95.7129,Continental / Subtropical,71.61,Altocumulus,0.5657,17.113,66.95,8.99,1009.28,0.5,1892.7
2026-07-30T03:00:00+00:00,US,United States,37.0902,-95.7129,Continental / Subtropical,64.63,Cumulus,0.4425,7.923,70.17,8.1,1012.48,0.5,2941.9
2026-07-30T04:00:00+00:00,US,United States,37.0902,-95.7129,Continental / Subtropical,66.94,Cumulus,0.5037,5.413,68.37,8.53,1008.22,0.5,2981.2
2026-07-30T05:00:00+00:00,US,United States,37.0902,-95.7129,Continental / Subtropical,73.23,Cumulus,0.3557,10.032,63.75,11.0,1009.38,0.5,1952.4
2026-07-30T06:00:00+00:00,US,United States,37.0902,-95.7129,Continental / Subtropical,65.35,Altocumulus,0.4918,11.236,57.17,16.51,1012.9,0.5,1996.0
2026-07-30T07:00:00+00:00,US,United States,37.0902,-95.7129,Continental / Subtropical,63.47,Altocumulus,0.5993,10.776,54.23,12.65,1007.72,0.5,2676.0
2026-07-30T08:00:00+00:00,US,United States,37.0902,-95.7129,Continental / Subtropical,66.18,Altocumulus,0.3938,12.04,54.01,15.02,1012.94,0.5,1113.6
2026-07-30T09:00:00+00:00,US,United States,37.0902,-95.7129,Continental / Subtropical,66.23,Cumulus,0.4236,13.965,55.07,18.9,1010.59,0.5,2696.4
2026-07-30T10:00:00+00:00,US,United States,37.0902,-95.7129,Continental / Subtropical,67.87,Cumulus,0.4617,14.48,49.07,17.34,1009.92,0.5,1020.0
2026-07-30T11:00:00+00:00,US,United States,37.0902,-95.7129,Continental / Subtropical,60.43,Cumulus,0.5829,5.348,61.6,18.17,1014.74,0.5,1233.2
2026-07-30T12:00:00+00:00,US,United States,37.0902,-95.7129,Continental / Subtropical,60.12,Altocumulus,0.4542,17.142,57.33,19.79,1013.08,0.5,2782.4
2026-07-30T13:00:00+00:00,US,United States,37.0902,-95.7129,Continental / Subtropical,59.27,Cumulus,0.3746,12.484,56.45,16.72,1012.23,0.5,2818.9
2026-07-30T14:00:00+00:00,US,United States,37.0902,-95.7129,Continental / Subtropical,56.94,Altocumulus,0.4396,8.634,50.38,16.67,1010.89,0.5,2196.1
2026-07-30T15:00:00+00:00,US,United States,37.0902,-95.7129,Continental / Subtropical,51.61,Stratocumulus,0.5044,17.293,57.95,15.09,1013.14,0.5,1066.4
2026-07-30T16:00:00+00:00,US,United States,37.0902,-95.7129,Continental / Subtropical,54.47,Altocumulus,0.5416,12.495,53.49,15.54,1010.86,0.5,2971.3
2026-07-30T17:00:00+00:00,US,United States,37.0902,-95.7129,Continental / Subtropical,60.7,Cumulus,0.5682,7.274,57.58,14.15,1012.56,0.5,2587.2
2026-07-30T18:00:00+00:00,US,United States,37.0902,-95.7129,Continental / Subtropical,50.17,Stratocumulus,0.6068,7.603,59.2,13.19,1013.72,0.5,1199.8
2026-07-30T19:00:00+00:00,US,United States,37.0902,-95.7129,Continental / Subtropical,49.15,Cirrus,0.3322,3.207,64.7,12.75,1013.53,0.5,4397.3
2026-07-30T20:00:00+00:00,US,United States,37.0902,-95.7129,Continental / Subtropical,57.0,Stratocumulus,0.5545,7.425,65.4,11.49,1011.21,0.5,1848.0
2026-07-30T21:00:00+00:00,US,United States,37.0902,-95.7129,Continental / Subtropical,46.1,Cirrus,0.2425,4.246,63.77,9.52,1011.92,0.5,6568.6
2026-07-30T22:00:00+00:00,US,United States,37.0902,-95.7129,Continental / Subtropical,44.84,Cumulus,0.2275,5.929,68.4,5.22,1014.97,0.5,6264.2
2026-07-30T23:00:00+00:00,US,United States,37.0902,-95.7129,Continental / Subtropical,40.36,Cumulus,0.3253,1.053,72.3,5.4,1015.22,0.5,4153.9
