timestamp,country_code,country_name,latitude,longitude,climate_zone,cloud_cover_pct,cloud_type,satellite_reflectance,optical_depth,humidity_pct,temperature_c,pressure_hpa,wind_speed_ms,cloud_base_altitude_m
2026-07-01T00:00:00+00:00,RU,Russia,61.524,105.3188,Subarctic / Humid Continental,57.76,Altocumulus,0.5729,6.079,72.52,-1.54,1011.55,0.5,1004.4
2026-07-01T01:00:00+00:00,RU,Russia,61.524,105.3188,Subarctic / Humid Continental,57.55,Altocumulus,0.3947,6.474,65.13,-1.6,1009.0,0.5,2839.7
2026-07-01T02:00:00+00:00,RU,Russia,61.524,105.3188,Subarctic / Humid Continental,54.74,Cumulus,0.6367,11.502,67.17,-2.25,1012.07,0.5,1185.7
2026-07-01T03:00:00+00:00,RU,Russia,61.524,105.3188,Subarctic / Humid Continental,52.1,Stratocumulus,0.3554,13.631,60.75,-2.01,1015.34,0.5,2453.9
2026-07-01T04:00:00+00:00,RU,Russia,61.524,105.3188,Subarctic / Humid Continental,50.81,Altocumulus,0.6034,9.975,65.37,-0.87,1012.63,0.5,1375.2
2026-07-01T05:00:00+00:00,RU,Russia,61.524,105.3188,Subarctic / Humid Continental,65.89,Cumulus,0.4863,10.281,63.98,1.42,1009.09,0.5,1805.6
2026-07-01T06:00:00+00:00,RU,Russia,61.524,105.3188,Subarctic / Humid Continental,69.33,Altocumulus,0.5384,17.653,59.63,2.91,1010.22,0.5,2465.3
2026-07-01T07:00:00+00:00,RU,Russia,61.524,105.3188,Subarctic / Humid Continental,66.2,Stratocumulus,0.5303,15.192,57.01,4.92,1011.06,0.5,1615.6
2026-07-01T08:00:00+00:00,RU,Russia,61.524,105.3188,Subarctic / Humid Continental,66.72,Cumulus,0.5735,10.947,54.79,3.85,1010.43,0.5,1316.3
2026-07-01T09:00:00+00:00,RU,Russia,61.524,105.3188,Subarctic / Humid Continental,67.11,Altocumulus,0.6074,13.375,64.09,8.1,1010.35,0.5,2946.3
2026-07-01T10:00:00+00:00,RU,Russia,61.524,105.3188,Subarctic / Humid Continental,74.16,Cumulus,0.508,13.215,54.5,5.97,1010.57,0.5,1064.5
2026-07-01T11:00:00+00:00,RU,Russia,61.524,105.3188,Subarctic / Humid Continental,65.17,Cumulus,0.45,6.962,53.01,6.14,1010.99,0.5,2488.8
2026-07-01T12:00:00+00:00,RU,Russia,61.524,105.3188,Subarctic / Humid Continental,60.1,Stratocumulus,0.4258,8.985,51.98,7.57,1011.0,0.5,2725.5
2026-07-01T13:00:00+00:00,RU,Russia,61.524,105.3188,Subarctic / Humid Continental,67.19,Stratocumulus,0.6176,16.343,53.14,5.49,1010.46,0.5,1535.6
2026-07-01T14:00:00+00:00,RU,Russia,61.524,105.3188,Subarctic / Humid Continental,67.16,Stratocumulus,0.4824,11.607,50.1,7.36,1010.95,0.5,1125.2
2026-07-01T15:00:00+00:00,RU,Russia,61.524,105.3188,Subarctic / Humid Continental,62.87,Cumulus,0.4837,9.145,54.57,5.49,1010.65,0.5,2108.1
2026-07-01T16:00:00+00:00,RU,Russia,61.524,105.3188,Subarctic / Humid Continental,70.07,Altocumulus,0.4329,11.611,57.28,3.91,1010.51,0.5,1735.7
2026-07-01T17:00:00+00:00,RU,Russia,61.524,105.3188,Subarctic / Humid Continental,65.25,Stratocumulus,0.3885,7.945,60.52,2.54,1012.75,0.5,2659.7
2026-07-01T18:00:00+00:00,RU,Russia,61.524,105.3188,Subarctic / Humid Continental,66.15,Cumulus,0.3521,14.781,60.25,3.28,1013.26,0.5,2179.8
2026-07-01T19:00:00+00:00,RU,Russia,61.524,105.3188,Subarctic / Humid Continental,75.91,Stratocumulus,0.5687,9.507,62.65,-1.87,1008.68,0.5,2560.4
2026-07-01T20:00:00+00:00,RU,Russia,61.524,105.3188,Subarctic / Humid Continental,67.27,Cumulus,0.3846,7.229,58.89,1.44,1009.03,0.5,1356.2
2026-07-01T21:00:00+00:00,RU,Russia,61.524,105.3188,Subarctic / Humid Continental,70.94,Altocumulus,0.3768,8.642,65.3,-1.74,1008.95,0.5,2911.1
2026-07-01T22:00:00+00:00,RU,Russia,61.524,105.3188,Subarctic / Humid Continental,64.47,Cumulus,0.4581,9.996,65.15,-2.06,1009.47,0.5,1494.7
2026-07-01T23:00:00+00:00,RU,Russia,61.524,105.3188,Subarctic / Humid Continental,70.91,Altocumulus,0.4253,6.092,66.26,-4.07,1009.94,0.5,2678.0
2026-07-02T00:00:00+00:00,RU,Russia,61.524,105.3188,Subarctic / Humid Continental,66.81,Cumulus,0.5373,16.47,67.74,-3.5,1011.62,0.5,1863.1
2026-07-02T01:00:00+00:00,RU,Russia,61.524,105.3188,Subarctic / Humid Continental,63.16,Cumulus,0.5575,6.945,64.52,-3.33,1013.34,0.5,2643.7
2026-07-02T02:00:00+00:00,RU,Russia,61.524,105.3188,Subarctic / Humid Continental,62.58,Stratocumulus,0.4717,17.185,64.96,-0.93,1010.72,0.5,2987.4
2026-07-02T03:00:00+00:00,RU,Russia,61.524,105.3188,Subarctic / Humid Continental,61.91,Altocumulus,0.5633,5.033,65.47,0.38,1009.39,0.5,1654.4
2026-07-02T04:00:00+00:00,RU,Russia,61.524,105.3188,Subarctic / Humid Continental,62.69,Altocumulus,0.4535,17.394,60.66,0.14,1011.59,0.5,1851.9
2026-07-02T05:00:00+00:00,RU,Russia,61.524,105.3188,Subarctic / Humid Continental,57.83,Cumulus,0.4828,8.212,60.88,1.48,1012.27,0.5,2930.5
2026-07-02T06:00:00+00:00,RU,Russia,61.524,105.3188,Subarctic / Humid Continental,64.62,Stratocumulus,0.5968,10.316,63.4,1.67,1012.96,0.5,2939.1
2026-07-02T07:00:00+00:00,RU,Russia,61.524,105.3188,Subarctic / Humid Continental,70.65,Stratocumulus,0.5989,16.726,53.44,2.4,1010.83,0.5,2253.5
2026-07-02T08:00:00+00:00,RU,Russia,61.524,105.3188,Subarctic / Humid Continental,49.72,Altocumulus,0.2589,3.227,56.1,4.66,1011.43,0.5,4668.6
2026-07-02T09:00:00+00:00,RU,Russia,61.524,105.3188,Subarctic / Humid Continental,63.46,Stratocumulus,0.5069,9.277,53.29,3.58,1010.82,0.5,1179.9
2026-07-02T10:00:00+00:00,RU,Russia,61.524,105.3188,Subarctic / Humid Continental,58.72,Stratocumulus,0.4981,16.246,47.88,5.47,1009.17,0.5,2960.4
2026-07-02T11:00:00+00:00,RU,Russia,61.524,105.3188,Subarctic / Humid Continental,50.37,Stratocumulus,0.4203,15.793,50.8,8.41,1012.08,0.5,1176.1
2026-07-02T12:00:00+00:00,RU,Russia,61.524,105.3188,Subarctic / Humid Continental,50.63,Stratocumulus,0.46,6.177,51.16,6.35,1013.13,0.5,1963.0
2026-07-02T13:00:00+00:00,RU,Russia,61.524,105.3188,Subarctic / Humid Continental,51.44,Stratocumulus,0.5329,9.027,49.91,5.39,1015.13,0.5,2719.0
2026-07-02T14:00:00+00:00,RU,Russia,61.524,105.3188,Subarctic / Humid Continental,40.89,Cumulus,0.2093,3.491,48.93,5.04,1014.53,0.5,7383.9
2026-07-02T15:00:00+00:00,RU,Russia,61.524,105.3188,Subarctic / Humid Continental,44.45,Cumulus,0.2551,4.725,55.35,6.96,1013.04,0.5,6309.0
2026-07-02T16:00:00+00:00,RU,Russia,61.524,105.3188,Subarctic / Humid Continental,41.5,Cirrus,0.2598,3.127,57.58,3.79,1015.96,0.5,7858.7
2026-07-02T17:00:00+00:00,RU,Russia,61.524,105.3188,Subarctic / Humid Continental,50.46,Stratocumulus,0.5471,14.646,55.28,3.8,1012.36,0.5,1716.2
2026-07-02T18:00:00+00:00,RU,Russia,61.524,105.3188,Subarctic / Humid Continental,38.07,Cumulus,0.2268,1.262,60.99,-0.32,1015.85,0.5,4717.4
2026-07-02T19:00:00+00:00,RU,Russia,61.524,105.3188,Subarctic / Humid Continental,41.34,Cumulus,0.1605,5.672,66.0,0.09,1015.61,0.5,5195.0
2026-07-02T20:00:00+00:00,RU,Russia,61.524,105.3188,Subarctic / Humid Continental,41.78,Cumulus,0.2695,3.467,64.05,1.06,1016.79,0.5,4621.7
2026-07-02T21:00:00+00:00,RU,Russia,61.524,105.3188,Subarctic / Humid Continental,34.64,Altocumulus,0.1887,2.367,69.46,-0.56,1015.69,0.5,3590.8
2026-07-02T22:00:00+00:00,RU,Russia,61.524,105.3188,Subarctic / Humid Continental,29.29,Cirrus,0.1692,4.78,61.72,-2.07,1016.06,0.5,6419.2
2026-07-02T23:00:00+00:00,RU,Russia,61.524,105.3188,Subarctic / Humid Continental,36.0,Altocumulus,0.1603,2.345,71.9,-1.0,1015.97,0.5,5015.1
2026-07-03T00:00:00+00:00,RU,Russia,61.524,105.3188,Subarctic / Humid Continental,33.38,Altocumulus,0.3591,3.678,71.85,-3.91,1016.54,0.5,5155.5
2026-07-03T01:00:00+00:00,RU,Russia,61.524,105.3188,Subarctic / Humid Continental,38.25,Cumulus,0.2856,3.743,66.34,0.48,1015.46,0.5,6734.8
2026-07-03T02:00:00+00:00,RU,Russia,61.524,105.3188,Subarctic / Humid Continental,32.89,Cumulus,0.3488,5.512,71.81,-1.77,1013.6,0.5,4348.6
2026-07-03T03:00:00+00:00,RU,Russia,61.524,105.3188,Subarctic / Humid Continental,34.53,Cumulus,0.3521,3.206,62.54,-0.38,1014.88,0.5,4164.9
2026-07-03T04:00:00+00:00,RU,Russia,61.524,105.3188,Subarctic / Humid Continental,33.94,Altocumulus,0.3191,3.176,61.0,-0.84,1015.72,0.5,6813.0
2026-07-03T05:00:00+00:00,RU,Russia,61.524,105.3188,Subarctic / Humid Continental,30.08,Altocumulus,0.3554,1.339,62.83,0.83,1018.63,0.5,6998.1
2026-07-03T06:00:00+00:00,RU,Russia,61.524,105.3188,Subarctic / Humid Continental,32.28,Altocumulus,0.2876,2.572,65.41,0.44,1014.25,0.5,6313.2
2026-07-03T07:00:00+00:00,RU,Russia,61.524,105.3188,Subarctic / Humid Continental,25.23,Altocumulus,0.1871,2.533,57.5,3.0,1018.21,0.5,8854.3
2026-07-03T08:00:00+00:00,RU,Russia,61.524,105.3188,Subarctic / Humid Continental,25.11,Cumulus,0.3065,2.775,56.41,4.39,1017.43,0.5,8751.6
2026-07-03T09:00:00+00:00,RU,Russia,61.524,105.3188,Subarctic / Humid Continental,31.6,Altocumulus,0.161,5.663,57.18,5.86,1015.76,0.5,7274.5
2026-07-03T10:00:00+00:00,RU,Russia,61.524,105.3188,Subarctic / Humid Continental,32.32,Altocumulus,0.186,4.99,57.21,10.58,1017.05,0.5,8476.7
2026-07-03T11:00:00+00:00,RU,Russia,61.524,105.3188,Subarctic / Humid Continental,26.35,Cirrus,0.212,2.895,54.05,9.1,1015.79,0.5,5086.8
2026-07-03T12:00:00+00:00,RU,Russia,61.524,105.3188,Subarctic / Humid Continental,25.58,Cumulus,0.2315,3.399,50.0,8.07,1017.84,0.5,8427.6
2026-07-03T13:00:00+00:00,RU,Russia,61.524,105.3188,Subarctic / Humid Continental,32.65,Cirrus,0.2525,2.388,54.93,8.52,1018.71,0.5,4325.6
2026-07-03T14:00:00+00:00,RU,Russia,61.524,105.3188,Subarctic / Humid Continental,29.22,Altocumulus,0.3045,2.142,52.8,7.41,1017.82,0.5,7203.7
2026-07-03T15:00:00+00:00,RU,Russia,61.524,105.3188,Subarctic / Humid Continental,30.93,Cirrus,0.2236,2.366,56.02,4.47,1016.9,0.5,5316.1
2026-07-03T16:00:00+00:00,RU,Russia,61.524,105.3188,Subarctic / Humid Continental,33.87,Altocumulus,0.2899,2.685,56.55,4.92,1017.13,0.5,6296.3
2026-07-03T17:00:00+00:00,RU,Russia,61.524,105.3188,Subarctic / Humid Continental,32.0,Cirrus,0.2763,2.957,60.05,4.25,1015.96,0.5,4875.9
2026-07-03T18:00:00+00:00,RU,Russia,61.524,105.3188,Subarctic / Humid Continental,27.33,Altocumulus,0.3436,4.87,62.01,1.8,1016.59,0.5,7620.6
2026-07-03T19:00:00+00:00,RU,Russia,61.524,105.3188,Subarctic / Humid Continental,24.32,Cirrus,0.3041,2.553,66.17,2.07,1017.54,0.5,8772.0
2026-07-03T20:00:00+00:00,RU,Russia,61.524,105.3188,Subarctic / Humid Continental,36.5,Cumulus,0.2866,1.58,57.86,-0.54,1015.3,0.5,3818.6
2026-07-03T21:00:00+00:00,RU,Russia,61.524,105.3188,Subarctic / Humid Continental,34.56,Cirrus,0.3679,2.302,68.28,1.03,1016.4,0.5,5012.3
2026-07-03T22:00:00+00:00,RU,Russia,61.524,105.3188,Subarctic / Humid Continental,34.63,Cirrus,0.1668,3.996,65.64,-3.22,1017.21,0.5,8824.3
2026-07-03T23:00:00+00:00,RU,Russia,61.524,105.3188,Subarctic / Humid Continental,41.39,Cumulus,0.196,3.625,63.24,-3.17,1013.77,0.5,8934.8
2026-07-04T00:00:00+00:00,RU,Russia,61.524,105.3188,Subarctic / Humid Continental,36.42,Cirrus,0.2932,4.163,64.32,-2.06,1013.88,0.5,8461.1
2026-07-04T01:00:00+00:00,RU,Russia,61.524,105.3188,Subarctic / Humid Continental,36.1,Cumulus,0.3187,1.128,72.49,-2.92,1017.21,0.5,8736.4
2026-07-04T02:00:00+00:00,RU,Russia,61.524,105.3188,Subarctic / Humid Continental,42.69,Cirrus,0.246,3.668,61.83,-2.89,1013.11,0.5,6982.8
2026-07-04T03:00:00+00:00,RU,Russia,61.524,105.3188,Subarctic / Humid Continental,42.39,Altocumulus,0.3212,1.043,60.42,-2.56,1015.09,0.5,8443.0
2026-07-04T04:00:00+00:00,RU,Russia,61.524,105.3188,Subarctic / Humid Continental,51.94,Altocumulus,0.4895,7.39,63.15,0.54,1011.54,0.5,2219.4
2026-07-04T05:00:00+00:00,RU,Russia,61.524,105.3188,Subarctic / Humid Continental,51.22,Stratocumulus,0.5881,9.453,64.0,0.91,1012.81,0.5,1477.8
2026-07-04T06:00:00+00:00,RU,Russia,61.524,105.3188,Subarctic / Humid Continental,39.55,Altocumulus,0.2049,5.001,55.73,1.95,1015.27,0.5,8328.3
2026-07-04T07:00:00+00:00,RU,Russia,61.524,105.3188,Subarctic / Humid Continental,36.19,Cumulus,0.1646,4.854,51.5,1.41,1014.18,0.5,7597.8
2026-07-04T08:00:00+00:00,RU,Russia,61.524,105.3188,Subarctic / Humid Continental,47.36,Altocumulus,0.311,5.936,55.22,3.95,1010.96,0.5,5398.4
2026-07-04T09:00:00+00:00,RU,Russia,61.524,105.3188,Subarctic / Humid Continental,46.39,Cirrus,0.2403,1.733,50.05,4.56,1013.16,0.5,3888.1
2026-07-04T10:00:00+00:00,RU,Russia,61.524,105.3188,Subarctic / Humid Continental,49.82,Cumulus,0.3396,2.572,54.29,5.41,1013.08,0.5,7410.0
2026-07-04T11:00:00+00:00,RU,Russia,61.524,105.3188,Subarctic / Humid Continental,47.15,Cirrus,0.2585,5.842,52.67,8.68,1014.68,0.5,8694.5
2026-07-04T12:00:00+00:00,RU,Russia,61.524,105.3188,Subarctic / Humid Continental,45.37,Altocumulus,0.3319,3.655,55.57,7.0,1014.65,0.5,8241.8
2026-07-04T13:00:00+00:00,RU,Russia,61.524,105.3188,Subarctic / Humid Continental,50.99,Altocumulus,0.4375,9.934,55.71,8.48,1011.96,0.5,2580.3
2026-07-04T14:00:00+00:00,RU,Russia,61.524,105.3188,Subarctic / Humid Continental,48.75,Altocumulus,0.3534,4.965,54.47,5.43,1016.03,0.5,6293.0
2026-07-04T15:00:00+00:00,RU,Russia,61.524,105.3188,Subarctic / Humid Continental,52.53,Cumulus,0.5144,12.409,52.79,8.85,1014.6,0.5,2464.3
2026-07-04T16:00:00+00:00,RU,Russia,61.524,105.3188,Subarctic / Humid Continental,53.28,Stratocumulus,0.3608,5.411,53.22,1.86,1013.92,0.5,1049.0
2026-07-04T17:00:00+00:00,RU,Russia,61.524,105.3188,Subarctic / Humid Continental,52.15,Stratocumulus,0.6259,13.699,61.09,3.28,1012.42,0.5,2564.0
2026-07-04T18:00:00+00:00,RU,Russia,61.524,105.3188,Subarctic / Humid Continental,52.96,Stratocumulus,0.6413,7.614,54.65,1.69,1013.71,0.5,1576.7
2026-07-04T19:00:00+00:00,RU,Russia,61.524,105.3188,Subarctic / Humid Continental,48.48,Cumulus,0.2782,1.682,61.28,0.64,1013.06,0.5,5031.9
2026-07-04T20:00:00+00:00,RU,Russia,61.524,105.3188,Subarctic / Humid Continental,52.83,Stratocumulus,0.3501,5.312,63.55,-1.34,1012.69,0.5,1784.8
2026-07-04T21:00:00+00:00,RU,Russia,61.524,105.3188,Subarctic / Humid Continental,49.62,Cumulus,0.3205,2.526,68.22,-2.53,1012.95,0.5,6394.7
2026-07-04T22:00:00+00:00,RU,Russia,61.524,105.3188,Subarctic / Humid Continental,45.96,Cirrus,0.2135,4.656,62.03,-1.48,1013.59,0.5,4475.9
2026-07-04T23:00:00+00:00,RU,Russia,61.524,105.3188,Subarctic / Humid Continental,51.1,Cumulus,0.3866,7.638,62.99,-0.89,1012.73,0.5,2525.0
2026-07-05T00:00:00+00:00,RU,Russia,61.524,105.3188,Subarctic / Humid Continental,48.29,Cirrus,0.1894,5.031,63.03,-4.1,1011.81,0.5,8642.4
2026-07-05T01:00:00+00:00,RU,Russia,61.524,105.3188,Subarctic / Humid Continental,47.3,Cirrus,0.362,4.416,74.52,-2.32,1013.81,0.5,4166.0
2026-07-05T02:00:00+00:00,RU,Russia,61.524,105.3188,Subarctic / Humid Continental,48.57,Cumulus,0.2266,3.233,58.57,-2.56,1012.17,0.5,6748.9
2026-07-05T03:00:00+00:00,RU,Russia,61.524,105.3188,Subarctic / Humid Continental,50.0,Cumulus,0.2673,4.599,62.08,-1.32,1012.65,0.5,4677.9
2026-07-05T04:00:00+00:00,RU,Russia,61.524,105.3188,Subarctic / Humid Continental,54.34,Altocumulus,0.646,7.951,57.06,0.29,1012.29,0.5,1800.3
2026-07-05T05:00:00+00:00,RU,Russia,61.524,105.3188,Subarctic / Humid Continental,48.01,Cirrus,0.2745,4.13,62.74,3.44,1014.72,0.5,8962.2
2026-07-05T06:00:00+00:00,RU,Russia,61.524,105.3188,Subarctic / Humid Continental,59.15,Altocumulus,0.5812,16.225,61.55,1.21,1010.87,0.5,2480.5
2026-07-05T07:00:00+00:00,RU,Russia,61.524,105.3188,Subarctic / Humid Continental,50.26,Altocumulus,0.4427,12.349,60.29,5.0,1011.16,0.5,2341.4
2026-07-05T08:00:00+00:00,RU,Russia,61.524,105.3188,Subarctic / Humid Continental,48.52,Cumulus,0.1719,1.504,62.24,4.6,1013.87,0.5,4421.6
2026-07-05T09:00:00+00:00,RU,Russia,61.524,105.3188,Subarctic / Humid Continental,43.85,Altocumulus,0.2841,3.338,57.86,4.87,1014.96,0.5,8820.1
2026-07-05T10:00:00+00:00,RU,Russia,61.524,105.3188,Subarctic / Humid Continental,51.22,Cumulus,0.3985,10.898,49.96,7.24,1014.21,0.5,1571.7
2026-07-05T11:00:00+00:00,RU,Russia,61.524,105.3188,Subarctic / Humid Continental,47.58,Cirrus,0.2441,4.3,57.5,7.61,1014.38,0.5,4320.8
2026-07-05T12:00:00+00:00,RU,Russia,61.524,105.3188,Subarctic / Humid Continental,34.13,Cirrus,0.2295,5.164,54.91,7.71,1014.78,0.5,7993.9
2026-07-05T13:00:00+00:00,RU,Russia,61.524,105.3188,Subarctic / Humid Continental,45.63,Cirrus,0.3327,2.913,53.6,6.72,1014.42,0.5,8781.7
2026-07-05T14:00:00+00:00,RU,Russia,61.524,105.3188,Subarctic / Humid Continental,44.29,Cirrus,0.2796,4.811,46.14,4.25,1012.53,0.5,5704.1
2026-07-05T15:00:00+00:00,RU,Russia,61.524,105.3188,Subarctic / Humid Continental,43.03,Cirrus,0.1516,5.561,57.0,5.23,1015.01,0.5,6833.6
2026-07-05T16:00:00+00:00,RU,Russia,61.524,105.3188,Subarctic / Humid Continental,37.23,Cirrus,0.1774,1.555,55.08,1.88,1015.67,0.5,8156.2
2026-07-05T17:00:00+00:00,RU,Russia,61.524,105.3188,Subarctic / Humid Continental,29.18,Altocumulus,0.2987,2.715,62.38,2.66,1015.24,0.5,5900.2
2026-07-05T18:00:00+00:00,RU,Russia,61.524,105.3188,Subarctic / Humid Continental,30.4,Cumulus,0.1967,5.499,60.51,0.99,1015.52,0.5,6201.0
2026-07-05T19:00:00+00:00,RU,Russia,61.524,105.3188,Subarctic / Humid Continental,36.8,Cirrus,0.26,5.136,65.53,2.61,1014.65,0.5,6958.4
2026-07-05T20:00:00+00:00,RU,Russia,61.524,105.3188,Subarctic / Humid Continental,26.44,Cirrus,0.3446,5.146,62.9,-1.29,1017.12,0.5,6536.0
2026-07-05T21:00:00+00:00,RU,Russia,61.524,105.3188,Subarctic / Humid Continental,32.51,Cirrus,0.1945,1.815,67.32,-3.27,1014.68,0.5,6064.3
2026-07-05T22:00:00+00:00,RU,Russia,61.524,105.3188,Subarctic / Humid Continental,20.86,Cirrus,0.2367,1.21,67.41,-1.52,1017.16,0.5,5441.1
2026-07-05T23:00:00+00:00,RU,Russia,61.524,105.3188,Subarctic / Humid Continental,20.51,Cumulus,0.2916,5.678,68.17,0.04,1014.8,0.5,7300.2
2026-07-06T00:00:00+00:00,RU,Russia,61.524,105.3188,Subarctic / Humid Continental,35.43,Cumulus,0.2207,1.34,67.7,-0.58,1014.83,0.5,7524.7
2026-07-06T01:00:00+00:00,RU,Russia,61.524,105.3188,Subarctic / Humid Continental,25.68,Cumulus,0.156,2.271,61.78,-1.35,1014.51,0.5,7101.0
2026-07-06T02:00:00+00:00,RU,Russia,61.524,105.3188,Subarctic / Humid Continental,20.05,Altocumulus,0.2621,2.158,63.88,-2.99,1018.04,0.5,7672.9
2026-07-06T03:00:00+00:00,RU,Russia,61.524,105.3188,Subarctic / Humid Continental,27.54,Cumulus,0.2793,4.933,62.98,-2.36,1016.62,0.5,5976.2
2026-07-06T04:00:00+00:00,RU,Russia,61.524,105.3188,Subarctic / Humid Continental,29.2,Cirrus,0.2436,5.263,68.16,1.39,1017.55,0.5,6315.9
2026-07-06T05:00:00+00:00,RU,Russia,61.524,105.3188,Subarctic / Humid Continental,28.23,Cirrus,0.3554,4.7,58.64,1.83,1018.22,0.5,7092.9
2026-07-06T06:00:00+00:00,RU,Russia,61.524,105.3188,Subarctic / Humid Continental,19.31,Cirrus,0.1721,5.371,59.62,3.0,1016.88,0.5,5743.6
2026-07-06T07:00:00+00:00,RU,Russia,61.524,105.3188,Subarctic / Humid Continental,23.25,Altocumulus,0.2838,3.678,52.8,4.01,1016.32,0.5,6624.7
2026-07-06T08:00:00+00:00,RU,Russia,61.524,105.3188,Subarctic / Humid Continental,16.73,Altocumulus,0.353,1.802,55.05,4.04,1019.72,0.5,8385.8
2026-07-06T09:00:00+00:00,RU,Russia,61.524,105.3188,Subarctic / Humid Continental,19.02,Cumulus,0.226,4.788,52.3,5.73,1018.37,0.5,3830.8
2026-07-06T10:00:00+00:00,RU,Russia,61.524,105.3188,Subarctic / Humid Continental,10.89,Clear,0.0899,0.627,59.12,7.14,1023.36,0.5,0
2026-07-06T11:00:00+00:00,RU,Russia,61.524,105.3188,Subarctic / Humid Continental,18.69,Altocumulus,0.1716,3.074,52.75,6.58,1018.42,0.5,8212.5
2026-07-06T12:00:00+00:00,RU,Russia,61.524,105.3188,Subarctic / Humid Continental,22.94,Cirrus,0.1588,4.317,52.25,8.29,1016.31,0.5,7190.3
2026-07-06T13:00:00+00:00,RU,Russia,61.524,105.3188,Subarctic / Humid Continental,38.32,Altocumulus,0.254,5.15,46.71,5.68,1016.28,0.5,5537.6
2026-07-06T14:00:00+00:00,RU,Russia,61.524,105.3188,Subarctic / Humid Continental,21.53,Cirrus,0.2887,3.149,55.5,6.48,1017.01,0.5,5042.2
2026-07-06T15:00:00+00:00,RU,Russia,61.524,105.3188,Subarctic / Humid Continental,27.6,Altocumulus,0.336,4.329,58.29,6.4,1015.28,0.5,6514.4
2026-07-06T16:00:00+00:00,RU,Russia,61.524,105.3188,Subarctic / Humid Continental,21.38,Cirrus,0.3453,4.304,55.98,4.97,1017.5,0.5,7899.9
2026-07-06T17:00:00+00:00,RU,Russia,61.524,105.3188,Subarctic / Humid Continental,25.45,Altocumulus,0.3283,4.573,55.53,3.3,1015.61,0.5,3685.8
2026-07-06T18:00:00+00:00,RU,Russia,61.524,105.3188,Subarctic / Humid Continental,21.45,Cumulus,0.3487,1.842,62.46,4.54,1018.49,0.5,6804.6
2026-07-06T19:00:00+00:00,RU,Russia,61.524,105.3188,Subarctic / Humid Continental,26.72,Cirrus,0.2446,4.842,62.46,0.93,1019.49,0.5,6837.0
2026-07-06T20:00:00+00:00,RU,Russia,61.524,105.3188,Subarctic / Humid Continental,17.39,Cirrus,0.154,4.315,61.01,0.89,1017.51,0.5,5830.1
2026-07-06T21:00:00+00:00,RU,Russia,61.524,105.3188,Subarctic / Humid Continental,36.39,Cirrus,0.1769,2.047,65.17,-1.11,1017.83,0.5,4422.6
2026-07-06T22:00:00+00:00,RU,Russia,61.524,105.3188,Subarctic / Humid Continental,33.54,Cirrus,0.1775,5.819,62.36,-2.84,1016.65,0.5,6070.2
2026-07-06T23:00:00+00:00,RU,Russia,61.524,105.3188,Subarctic / Humid Continental,33.15,Altocumulus,0.2934,4.424,72.58,-2.7,1015.14,0.5,5376.2
2026-07-07T00:00:00+00:00,RU,Russia,61.524,105.3188,Subarctic / Humid Continental,38.21,Altocumulus,0.2675,5.927,70.82,-1.64,1016.17,0.5,4266.8
2026-07-07T01:00:00+00:00,RU,Russia,61.524,105.3188,Subarctic / Humid Continental,34.19,Cirrus,0.2367,4.23,68.93,-0.82,1014.8,0.5,4526.6
2026-07-07T02:00:00+00:00,RU,Russia,61.524,105.3188,Subarctic / Humid Continental,42.91,Cumulus,0.2975,2.382,66.35,-4.11,1016.09,0.5,8355.6
2026-07-07T03:00:00+00:00,RU,Russia,61.524,105.3188,Subarctic / Humid Continental,28.09,Cirrus,0.2725,3.54,60.31,-1.83,1017.07,0.5,4354.6
2026-07-07T04:00:00+00:00,RU,Russia,61.524,105.3188,Subarctic / Humid Continental,31.0,Cirrus,0.3764,3.005,64.0,0.1,1018.23,0.5,7587.6
2026-07-07T05:00:00+00:00,RU,Russia,61.524,105.3188,Subarctic / Humid Continental,30.34,Altocumulus,0.2795,3.814,58.07,2.42,1016.48,0.5,4146.9
2026-07-07T06:00:00+00:00,RU,Russia,61.524,105.3188,Subarctic / Humid Continental,37.85,Cumulus,0.3013,5.009,57.75,3.68,1014.99,0.5,6915.3
2026-07-07T07:00:00+00:00,RU,Russia,61.524,105.3188,Subarctic / Humid Continental,48.35,Cirrus,0.1848,4.631,59.56,3.62,1013.06,0.5,6963.3
2026-07-07T08:00:00+00:00,RU,Russia,61.524,105.3188,Subarctic / Humid Continental,40.24,Cirrus,0.3021,4.388,58.02,4.61,1014.78,0.5,6931.9
2026-07-07T09:00:00+00:00,RU,Russia,61.524,105.3188,Subarctic / Humid Continental,50.05,Stratocumulus,0.6388,10.453,53.7,7.98,1014.74,0.5,2931.3
2026-07-07T10:00:00+00:00,RU,Russia,61.524,105.3188,Subarctic / Humid Continental,35.61,Altocumulus,0.1814,1.561,54.91,7.27,1015.58,0.5,4181.2
2026-07-07T11:00:00+00:00,RU,Russia,61.524,105.3188,Subarctic / Humid Continental,42.47,Cumulus,0.3241,1.043,50.21,6.18,1012.87,0.5,4403.1
2026-07-07T12:00:00+00:00,RU,Russia,61.524,105.3188,Subarctic / Humid Continental,48.26,Cirrus,0.291,2.956,46.82,8.13,1009.7,0.5,4538.9
2026-07-07T13:00:00+00:00,RU,Russia,61.524,105.3188,Subarctic / Humid Continental,44.96,Cumulus,0.1843,4.446,46.21,7.48,1016.27,0.5,6672.6
2026-07-07T14:00:00+00:00,RU,Russia,61.524,105.3188,Subarctic / Humid Continental,50.05,Altocumulus,0.4977,6.91,53.71,6.24,1013.07,0.5,1100.3
2026-07-07T15:00:00+00:00,RU,Russia,61.524,105.3188,Subarctic / Humid Continental,65.5,Cumulus,0.6481,7.234,53.29,5.74,1010.43,0.5,2816.3
2026-07-07T16:00:00+00:00,RU,Russia,61.524,105.3188,Subarctic / Humid Continental,56.07,Altocumulus,0.5357,15.309,59.21,3.97,1013.72,0.5,1071.0
2026-07-07T17:00:00+00:00,RU,Russia,61.524,105.3188,Subarctic / Humid Continental,46.2,Cumulus,0.3179,1.035,60.15,6.42,1011.86,0.5,7488.1
2026-07-07T18:00:00+00:00,RU,Russia,61.524,105.3188,Subarctic / Humid Continental,56.65,Cumulus,0.3754,6.031,62.97,3.42,1012.78,0.5,2948.0
2026-07-07T19:00:00+00:00,RU,Russia,61.524,105.3188,Subarctic / Humid Continental,47.91,Altocumulus,0.2439,4.76,57.31,0.77,1013.54,0.5,8637.0
2026-07-07T20:00:00+00:00,RU,Russia,61.524,105.3188,Subarctic / Humid Continental,59.1,Altocumulus,0.4014,16.537,65.4,-2.25,1015.68,0.5,1933.8
2026-07-07T21:00:00+00:00,RU,Russia,61.524,105.3188,Subarctic / Humid Continental,61.06,Altocumulus,0.5742,12.572,71.34,-1.9,1009.93,0.5,2927.5
2026-07-07T22:00:00+00:00,RU,Russia,61.524,105.3188,Subarctic / Humid Continental,59.59,Cumulus,0.6128,12.837,69.37,-5.0,1009.7,0.5,1978.3
2026-07-07T23:00:00+00:00,RU,Russia,61.524,105.3188,Subarctic / Humid Continental,52.78,Altocumulus,0.6079,14.694,71.14,-1.96,1013.65,0.5,1478.0
2026-07-08T00:00:00+00:00,RU,Russia,61.524,105.3188,Subarctic / Humid Continental,62.73,Stratocumulus,0.6055,8.736,65.38,-1.1,1009.1,0.5,2766.8
2026-07-08T01:00:00+00:00,RU,Russia,61.524,105.3188,Subarctic / Humid Continental,57.66,Cumulus,0.565,7.821,66.55,-2.6,1011.54,0.5,1370.9
2026-07-08T02:00:00+00:00,RU,Russia,61.524,105.3188,Subarctic / Humid Continental,66.59,Altocumulus,0.4449,16.237,68.35,-5.25,1007.26,0.5,1062.0
2026-07-08T03:00:00+00:00,RU,Russia,61.524,105.3188,Subarctic / Humid Continental,63.18,Stratocumulus,0.4981,17.444,59.24,0.93,1011.88,0.5,2322.6
2026-07-08T04:00:00+00:00,RU,Russia,61.524,105.3188,Subarctic / Humid Continental,58.43,Cumulus,0.5336,16.109,63.71,-0.35,1012.92,0.5,1605.7
2026-07-08T05:00:00+00:00,RU,Russia,61.524,105.3188,Subarctic / Humid Continental,55.19,Stratocumulus,0.5443,9.486,61.1,0.46,1011.58,0.5,2555.6
2026-07-08T06:00:00+00:00,RU,Russia,61.524,105.3188,Subarctic / Humid Continental,62.2,Stratocumulus,0.4876,6.842,62.05,1.48,1013.25,0.5,1663.6
2026-07-08T07:00:00+00:00,RU,Russia,61.524,105.3188,Subarctic / Humid Continental,67.31,Altocumulus,0.4219,10.847,56.95,3.85,1010.24,0.5,1830.4
2026-07-08T08:00:00+00:00,RU,Russia,61.524,105.3188,Subarctic / Humid Continental,63.37,Altocumulus,0.43,6.053,53.9,6.03,1009.46,0.5,1292.9
2026-07-08T09:00:00+00:00,RU,Russia,61.524,105.3188,Subarctic / Humid Continental,67.49,Stratocumulus,0.3841,5.906,55.88,6.62,1012.07,0.5,2588.4
2026-07-08T10:00:00+00:00,RU,Russia,61.524,105.3188,Subarctic / Humid Continental,57.55,Cumulus,0.5601,6.712,60.45,6.22,1011.79,0.5,1965.7
2026-07-08T11:00:00+00:00,RU,Russia,61.524,105.3188,Subarctic / Humid Continental,54.83,Stratocumulus,0.6475,10.422,57.6,7.44,1013.9,0.5,1662.8
2026-07-08T12:00:00+00:00,RU,Russia,61.524,105.3188,Subarctic / Humid Continental,60.91,Altocumulus,0.476,5.064,57.96,8.26,1012.53,0.5,2889.2
2026-07-08T13:00:00+00:00,RU,Russia,61.524,105.3188,Subarctic / Humid Continental,63.42,Altocumulus,0.5396,10.687,46.86,6.99,1011.26,0.5,1300.1
2026-07-08T14:00:00+00:00,RU,Russia,61.524,105.3188,Subarctic / Humid Continental,61.69,Altocumulus,0.4294,17.229,56.22,7.27,1009.47,0.5,2983.9
2026-07-08T15:00:00+00:00,RU,Russia,61.524,105.3188,Subarctic / Humid Continental,62.71,Stratocumulus,0.4528,7.657,55.56,7.62,1012.3,0.5,1747.7
2026-07-08T16:00:00+00:00,RU,Russia,61.524,105.3188,Subarctic / Humid Continental,49.43,Cumulus,0.2893,5.536,49.56,5.36,1012.73,0.5,3693.4
2026-07-08T17:00:00+00:00,RU,Russia,61.524,105.3188,Subarctic / Humid Continental,46.05,Cirrus,0.2497,2.315,53.89,3.27,1013.44,0.5,6914.2
2026-07-08T18:00:00+00:00,RU,Russia,61.524,105.3188,Subarctic / Humid Continental,48.95,Altocumulus,0.3641,4.176,58.86,0.78,1015.46,0.5,6138.3
2026-07-08T19:00:00+00:00,RU,Russia,61.524,105.3188,Subarctic / Humid Continental,52.98,Altocumulus,0.557,17.876,60.9,0.07,1015.01,0.5,2619.5
2026-07-08T20:00:00+00:00,RU,Russia,61.524,105.3188,Subarctic / Humid Continental,49.77,Altocumulus,0.2155,4.047,67.29,-0.68,1014.71,0.5,6574.0
2026-07-08T21:00:00+00:00,RU,Russia,61.524,105.3188,Subarctic / Humid Continental,51.8,Cumulus,0.4543,5.56,63.92,-2.0,1012.22,0.5,1707.5
2026-07-08T22:00:00+00:00,RU,Russia,61.524,105.3188,Subarctic / Humid Continental,51.59,Cumulus,0.525,13.31,66.86,-3.02,1012.74,0.5,1554.9
2026-07-08T23:00:00+00:00,RU,Russia,61.524,105.3188,Subarctic / Humid Continental,45.58,Altocumulus,0.2724,5.669,67.57,-3.87,1013.66,0.5,5394.7
2026-07-09T00:00:00+00:00,RU,Russia,61.524,105.3188,Subarctic / Humid Continental,54.54,Altocumulus,0.5637,10.347,70.54,-2.0,1015.3,0.5,1092.6
2026-07-09T01:00:00+00:00,RU,Russia,61.524,105.3188,Subarctic / Humid Continental,41.1,Cumulus,0.1747,5.66,68.06,-2.66,1016.5,0.5,8755.6
2026-07-09T02:00:00+00:00,RU,Russia,61.524,105.3188,Subarctic / Humid Continental,43.88,Cumulus,0.3662,2.313,67.6,-2.49,1012.93,0.5,6474.5
2026-07-09T03:00:00+00:00,RU,Russia,61.524,105.3188,Subarctic / Humid Continental,42.86,Altocumulus,0.3628,4.632,62.52,-1.97,1017.65,0.5,7790.1
2026-07-09T04:00:00+00:00,RU,Russia,61.524,105.3188,Subarctic / Humid Continental,42.92,Cirrus,0.3655,2.221,61.69,0.38,1012.08,0.5,8863.3
2026-07-09T05:00:00+00:00,RU,Russia,61.524,105.3188,Subarctic / Humid Continental,44.27,Altocumulus,0.1848,4.798,60.65,2.91,1009.56,0.5,7552.9
2026-07-09T06:00:00+00:00,RU,Russia,61.524,105.3188,Subarctic / Humid Continental,37.2,Altocumulus,0.2339,1.609,57.8,1.58,1015.27,0.5,7702.3
2026-07-09T07:00:00+00:00,RU,Russia,61.524,105.3188,Subarctic / Humid Continental,40.74,Altocumulus,0.2387,4.941,58.63,3.16,1016.34,0.5,4336.2
2026-07-09T08:00:00+00:00,RU,Russia,61.524,105.3188,Subarctic / Humid Continental,36.7,Altocumulus,0.1858,5.928,62.03,4.49,1016.44,0.5,5753.2
2026-07-09T09:00:00+00:00,RU,Russia,61.524,105.3188,Subarctic / Humid Continental,31.14,Cirrus,0.253,5.021,52.35,7.16,1014.38,0.5,8311.5
2026-07-09T10:00:00+00:00,RU,Russia,61.524,105.3188,Subarctic / Humid Continental,42.36,Altocumulus,0.3178,2.355,50.19,8.04,1013.37,0.5,8369.2
2026-07-09T11:00:00+00:00,RU,Russia,61.524,105.3188,Subarctic / Humid Continental,41.79,Cumulus,0.1823,1.007,55.02,7.08,1013.57,0.5,8348.3
2026-07-09T12:00:00+00:00,RU,Russia,61.524,105.3188,Subarctic / Humid Continental,36.28,Cirrus,0.2314,5.014,58.46,8.18,1013.49,0.5,8386.6
2026-07-09T13:00:00+00:00,RU,Russia,61.524,105.3188,Subarctic / Humid Continental,38.99,Altocumulus,0.1696,1.346,51.62,5.9,1016.92,0.5,6661.7
2026-07-09T14:00:00+00:00,RU,Russia,61.524,105.3188,Subarctic / Humid Continental,42.69,Altocumulus,0.3719,2.419,51.39,8.22,1012.3,0.5,3949.1
2026-07-09T15:00:00+00:00,RU,Russia,61.524,105.3188,Subarctic / Humid Continental,34.83,Altocumulus,0.2163,3.844,51.56,3.94,1014.53,0.5,4929.5
2026-07-09T16:00:00+00:00,RU,Russia,61.524,105.3188,Subarctic / Humid Continental,46.02,Cirrus,0.3682,5.906,55.18,5.21,1014.32,0.5,8045.1
2026-07-09T17:00:00+00:00,RU,Russia,61.524,105.3188,Subarctic / Humid Continental,35.84,Altocumulus,0.1782,1.548,54.38,1.49,1017.52,0.5,7957.5
2026-07-09T18:00:00+00:00,RU,Russia,61.524,105.3188,Subarctic / Humid Continental,38.18,Altocumulus,0.3417,2.018,54.7,2.42,1017.83,0.5,8898.8
2026-07-09T19:00:00+00:00,RU,Russia,61.524,105.3188,Subarctic / Humid Continental,43.74,Cumulus,0.3513,1.976,62.79,1.61,1013.53,0.5,8340.1
2026-07-09T20:00:00+00:00,RU,Russia,61.524,105.3188,Subarctic / Humid Continental,40.69,Altocumulus,0.2611,2.709,57.09,0.52,1014.32,0.5,7031.9
2026-07-09T21:00:00+00:00,RU,Russia,61.524,105.3188,Subarctic / Humid Continental,44.9,Cirrus,0.1566,4.632,66.97,-2.13,1013.06,0.5,7984.2
2026-07-09T22:00:00+00:00,RU,Russia,61.524,105.3188,Subarctic / Humid Continental,38.19,Altocumulus,0.3569,4.156,64.35,-2.62,1017.37,0.5,4652.4
2026-07-09T23:00:00+00:00,RU,Russia,61.524,105.3188,Subarctic / Humid Continental,43.07,Cirrus,0.2248,3.001,62.23,-3.02,1009.38,0.5,5030.7
2026-07-10T00:00:00+00:00,RU,Russia,61.524,105.3188,Subarctic / Humid Continental,47.88,Altocumulus,0.2943,2.381,67.04,-1.9,1011.69,0.5,8074.1
2026-07-10T01:00:00+00:00,RU,Russia,61.524,105.3188,Subarctic / Humid Continental,40.77,Altocumulus,0.3677,2.807,69.49,-3.28,1017.08,0.5,4197.0
2026-07-10T02:00:00+00:00,RU,Russia,61.524,105.3188,Subarctic / Humid Continental,43.55,Cirrus,0.2313,2.133,65.99,-2.75,1016.73,0.5,3889.9
2026-07-10T03:00:00+00:00,RU,Russia,61.524,105.3188,Subarctic / Humid Continental,46.77,Cumulus,0.1727,2.542,67.08,-0.26,1013.4,0.5,7756.3
2026-07-10T04:00:00+00:00,RU,Russia,61.524,105.3188,Subarctic / Humid Continental,48.61,Altocumulus,0.2879,3.953,63.08,-0.53,1017.08,0.5,6663.0
2026-07-10T05:00:00+00:00,RU,Russia,61.524,105.3188,Subarctic / Humid Continental,56.59,Altocumulus,0.4704,15.778,65.7,1.32,1013.57,0.5,1504.4
2026-07-10T06:00:00+00:00,RU,Russia,61.524,105.3188,Subarctic / Humid Continental,43.11,Altocumulus,0.1583,5.607,61.59,2.9,1012.39,0.5,5371.3
2026-07-10T07:00:00+00:00,RU,Russia,61.524,105.3188,Subarctic / Humid Continental,54.26,Altocumulus,0.6018,9.363,63.48,2.89,1012.06,0.5,1244.8
2026-07-10T08:00:00+00:00,RU,Russia,61.524,105.3188,Subarctic / Humid Continental,51.24,Stratocumulus,0.6184,15.727,59.34,6.97,1014.52,0.5,1983.6
2026-07-10T09:00:00+00:00,RU,Russia,61.524,105.3188,Subarctic / Humid Continental,51.49,Altocumulus,0.4555,13.673,56.53,5.93,1013.49,0.5,1174.3
2026-07-10T10:00:00+00:00,RU,Russia,61.524,105.3188,Subarctic / Humid Continental,51.55,Cumulus,0.6173,16.835,53.6,6.81,1011.96,0.5,2395.2
2026-07-10T11:00:00+00:00,RU,Russia,61.524,105.3188,Subarctic / Humid Continental,55.37,Cumulus,0.4482,15.445,49.59,5.26,1014.65,0.5,1068.5
2026-07-10T12:00:00+00:00,RU,Russia,61.524,105.3188,Subarctic / Humid Continental,50.54,Stratocumulus,0.4602,9.792,50.37,9.39,1015.84,0.5,1914.4
2026-07-10T13:00:00+00:00,RU,Russia,61.524,105.3188,Subarctic / Humid Continental,52.73,Cumulus,0.4379,11.274,53.53,7.37,1012.19,0.5,2137.7
2026-07-10T14:00:00+00:00,RU,Russia,61.524,105.3188,Subarctic / Humid Continental,60.32,Stratocumulus,0.4235,16.128,53.91,6.46,1012.25,0.5,2433.3
2026-07-10T15:00:00+00:00,RU,Russia,61.524,105.3188,Subarctic / Humid Continental,65.54,Stratocumulus,0.5774,7.809,49.59,6.79,1011.01,0.5,1732.5
2026-07-10T16:00:00+00:00,RU,Russia,61.524,105.3188,Subarctic / Humid Continental,63.6,Altocumulus,0.5574,7.778,56.5,3.99,1011.6,0.5,1283.2
2026-07-10T17:00:00+00:00,RU,Russia,61.524,105.3188,Subarctic / Humid Continental,69.3,Cumulus,0.4482,9.532,53.25,3.74,1009.52,0.5,2391.5
2026-07-10T18:00:00+00:00,RU,Russia,61.524,105.3188,Subarctic / Humid Continental,64.96,Cumulus,0.6399,14.858,56.26,1.22,1007.57,0.5,2223.4
2026-07-10T19:00:00+00:00,RU,Russia,61.524,105.3188,Subarctic / Humid Continental,71.27,Altocumulus,0.4233,16.116,63.5,3.67,1009.8,0.5,1429.3
2026-07-10T20:00:00+00:00,RU,Russia,61.524,105.3188,Subarctic / Humid Continental,65.19,Altocumulus,0.5809,8.3,68.52,1.16,1009.03,0.5,2387.8
2026-07-10T21:00:00+00:00,RU,Russia,61.524,105.3188,Subarctic / Humid Continental,78.58,Cumulus,0.493,16.152,62.99,0.05,1010.9,0.5,1545.7
2026-07-10T22:00:00+00:00,RU,Russia,61.524,105.3188,Subarctic / Humid Continental,63.22,Cumulus,0.557,6.351,67.31,-1.93,1011.74,0.5,1010.8
2026-07-10T23:00:00+00:00,RU,Russia,61.524,105.3188,Subarctic / Humid Continental,79.51,Altocumulus,0.4081,17.812,71.35,-5.53,1009.12,0.5,1950.9
2026-07-11T00:00:00+00:00,RU,Russia,61.524,105.3188,Subarctic / Humid Continental,59.53,Cumulus,0.6128,10.696,70.39,-2.21,1010.79,0.5,1018.6
2026-07-11T01:00:00+00:00,RU,Russia,61.524,105.3188,Subarctic / Humid Continental,59.41,Stratocumulus,0.465,7.104,68.42,-1.79,1013.78,0.5,2283.1
2026-07-11T02:00:00+00:00,RU,Russia,61.524,105.3188,Subarctic / Humid Continental,64.19,Altocumulus,0.5824,11.784,61.61,-0.45,1009.91,0.5,1070.1
2026-07-11T03:00:00+00:00,RU,Russia,61.524,105.3188,Subarctic / Humid Continental,65.24,Stratocumulus,0.5927,7.9,68.36,-1.27,1011.15,0.5,1159.2
2026-07-11T04:00:00+00:00,RU,Russia,61.524,105.3188,Subarctic / Humid Continental,73.94,Altocumulus,0.5169,6.733,62.18,-1.92,1009.74,0.5,2660.8
2026-07-11T05:00:00+00:00,RU,Russia,61.524,105.3188,Subarctic / Humid Continental,75.17,Stratocumulus,0.6352,15.99,58.74,2.67,1010.69,0.5,1659.7
2026-07-11T06:00:00+00:00,RU,Russia,61.524,105.3188,Subarctic / Humid Continental,62.91,Cumulus,0.5432,13.088,58.17,1.35,1010.63,0.5,1055.5
2026-07-11T07:00:00+00:00,RU,Russia,61.524,105.3188,Subarctic / Humid Continental,58.27,Altocumulus,0.3975,10.114,56.33,5.35,1014.4,0.5,1115.2
2026-07-11T08:00:00+00:00,RU,Russia,61.524,105.3188,Subarctic / Humid Continental,57.64,Cumulus,0.618,15.74,52.29,3.44,1009.91,0.5,2824.2
2026-07-11T09:00:00+00:00,RU,Russia,61.524,105.3188,Subarctic / Humid Continental,75.51,Altocumulus,0.5535,14.353,56.09,6.53,1012.01,0.5,1288.9
2026-07-11T10:00:00+00:00,RU,Russia,61.524,105.3188,Subarctic / Humid Continental,75.0,Altocumulus,0.4427,6.015,51.49,6.48,1010.58,0.5,2670.7
2026-07-11T11:00:00+00:00,RU,Russia,61.524,105.3188,Subarctic / Humid Continental,62.74,Stratocumulus,0.4855,10.779,52.7,8.08,1012.02,0.5,1027.2
2026-07-11T12:00:00+00:00,RU,Russia,61.524,105.3188,Subarctic / Humid Continental,62.33,Cumulus,0.3748,7.741,48.04,7.17,1011.25,0.5,2973.0
2026-07-11T13:00:00+00:00,RU,Russia,61.524,105.3188,Subarctic / Humid Continental,72.04,Cumulus,0.5568,11.848,55.51,5.15,1009.87,0.5,2062.5
2026-07-11T14:00:00+00:00,RU,Russia,61.524,105.3188,Subarctic / Humid Continental,65.97,Cumulus,0.6046,17.052,49.89,6.65,1011.95,0.5,2422.3
2026-07-11T15:00:00+00:00,RU,Russia,61.524,105.3188,Subarctic / Humid Continental,56.96,Altocumulus,0.4962,11.413,51.67,6.53,1013.14,0.5,1183.0
2026-07-11T16:00:00+00:00,RU,Russia,61.524,105.3188,Subarctic / Humid Continental,58.47,Altocumulus,0.3686,17.527,54.15,6.17,1012.51,0.5,2705.7
2026-07-11T17:00:00+00:00,RU,Russia,61.524,105.3188,Subarctic / Humid Continental,63.62,Altocumulus,0.3804,14.848,52.07,2.95,1011.3,0.5,1759.5
2026-07-11T18:00:00+00:00,RU,Russia,61.524,105.3188,Subarctic / Humid Continental,62.13,Cumulus,0.3819,14.812,62.68,2.84,1010.91,0.5,1429.0
2026-07-11T19:00:00+00:00,RU,Russia,61.524,105.3188,Subarctic / Humid Continental,62.54,Cumulus,0.5051,8.575,61.44,0.88,1008.66,0.5,2891.1
2026-07-11T20:00:00+00:00,RU,Russia,61.524,105.3188,Subarctic / Humid Continental,56.35,Cumulus,0.4296,12.053,61.58,1.03,1011.02,0.5,1339.9
2026-07-11T21:00:00+00:00,RU,Russia,61.524,105.3188,Subarctic / Humid Continental,53.94,Altocumulus,0.5463,12.207,61.89,1.13,1012.96,0.5,1299.4
2026-07-11T22:00:00+00:00,RU,Russia,61.524,105.3188,Subarctic / Humid Continental,45.07,Cirrus,0.1902,5.372,67.17,-2.11,1013.51,0.5,4728.8
2026-07-11T23:00:00+00:00,RU,Russia,61.524,105.3188,Subarctic / Humid Continental,57.25,Stratocumulus,0.4155,11.79,69.01,-2.2,1011.3,0.5,2629.8
2026-07-12T00:00:00+00:00,RU,Russia,61.524,105.3188,Subarctic / Humid Continental,55.04,Altocumulus,0.6383,11.932,66.74,-2.35,1012.9,0.5,2089.2
2026-07-12T01:00:00+00:00,RU,Russia,61.524,105.3188,Subarctic / Humid Continental,36.51,Cirrus,0.2956,4.547,65.27,-0.82,1015.99,0.5,6259.0
2026-07-12T02:00:00+00:00,RU,Russia,61.524,105.3188,Subarctic / Humid Continental,45.27,Cirrus,0.2178,3.345,63.91,-3.33,1013.93,0.5,4896.7
2026-07-12T03:00:00+00:00,RU,Russia,61.524,105.3188,Subarctic / Humid Continental,42.86,Altocumulus,0.2875,4.13,65.8,-0.85,1017.17,0.5,4327.9
2026-07-12T04:00:00+00:00,RU,Russia,61.524,105.3188,Subarctic / Humid Continental,42.59,Altocumulus,0.3568,4.903,58.78,0.09,1015.72,0.5,4733.4
2026-07-12T05:00:00+00:00,RU,Russia,61.524,105.3188,Subarctic / Humid Continental,31.44,Altocumulus,0.1819,1.467,58.55,2.46,1014.51,0.5,4443.2
2026-07-12T06:00:00+00:00,RU,Russia,61.524,105.3188,Subarctic / Humid Continental,37.83,Cirrus,0.2441,5.346,61.04,0.66,1013.63,0.5,7835.5
2026-07-12T07:00:00+00:00,RU,Russia,61.524,105.3188,Subarctic / Humid Continental,46.62,Altocumulus,0.2345,5.423,53.84,4.53,1015.47,0.5,5971.4
2026-07-12T08:00:00+00:00,RU,Russia,61.524,105.3188,Subarctic / Humid Continental,41.84,Cirrus,0.3776,3.136,58.29,3.54,1012.91,0.5,4289.0
2026-07-12T09:00:00+00:00,RU,Russia,61.524,105.3188,Subarctic / Humid Continental,44.8,Cirrus,0.3671,2.481,60.87,6.67,1014.21,0.5,5039.6
2026-07-12T10:00:00+00:00,RU,Russia,61.524,105.3188,Subarctic / Humid Continental,41.12,Cirrus,0.2527,2.256,45.97,7.04,1012.81,0.5,4257.0
2026-07-12T11:00:00+00:00,RU,Russia,61.524,105.3188,Subarctic / Humid Continental,34.74,Cirrus,0.3302,1.464,50.57,6.95,1013.55,0.5,5717.6
2026-07-12T12:00:00+00:00,RU,Russia,61.524,105.3188,Subarctic / Humid Continental,31.82,Altocumulus,0.2214,3.779,51.41,9.44,1015.04,0.5,5777.9
2026-07-12T13:00:00+00:00,RU,Russia,61.524,105.3188,Subarctic / Humid Continental,33.01,Altocumulus,0.1755,2.083,50.01,8.25,1017.69,0.5,6070.2
2026-07-12T14:00:00+00:00,RU,Russia,61.524,105.3188,Subarctic / Humid Continental,43.55,Altocumulus,0.1745,2.57,50.86,7.69,1016.52,0.5,4181.1
2026-07-12T15:00:00+00:00,RU,Russia,61.524,105.3188,Subarctic / Humid Continental,26.25,Altocumulus,0.3441,5.539,54.49,5.06,1017.13,0.5,3772.9
2026-07-12T16:00:00+00:00,RU,Russia,61.524,105.3188,Subarctic / Humid Continental,22.44,Cumulus,0.3563,3.827,58.71,4.23,1018.36,0.5,7341.0
2026-07-12T17:00:00+00:00,RU,Russia,61.524,105.3188,Subarctic / Humid Continental,19.21,Cirrus,0.3522,4.386,54.64,2.56,1015.85,0.5,4580.5
2026-07-12T18:00:00+00:00,RU,Russia,61.524,105.3188,Subarctic / Humid Continental,23.09,Cumulus,0.3434,5.56,59.19,2.23,1017.92,0.5,7844.8
2026-07-12T19:00:00+00:00,RU,Russia,61.524,105.3188,Subarctic / Humid Continental,23.78,Cumulus,0.1901,5.985,59.0,-0.2,1017.88,0.5,6287.4
2026-07-12T20:00:00+00:00,RU,Russia,61.524,105.3188,Subarctic / Humid Continental,25.61,Altocumulus,0.2434,1.973,67.42,-0.46,1016.02,0.5,6411.3
2026-07-12T21:00:00+00:00,RU,Russia,61.524,105.3188,Subarctic / Humid Continental,21.1,Cumulus,0.1578,5.503,64.1,-2.63,1017.59,0.5,5887.9
2026-07-12T22:00:00+00:00,RU,Russia,61.524,105.3188,Subarctic / Humid Continental,19.36,Cumulus,0.3607,3.662,67.93,-3.06,1018.03,0.5,7772.1
2026-07-12T23:00:00+00:00,RU,Russia,61.524,105.3188,Subarctic / Humid Continental,35.3,Cumulus,0.3192,3.495,71.2,-2.6,1013.84,0.5,5103.7
2026-07-13T00:00:00+00:00,RU,Russia,61.524,105.3188,Subarctic / Humid Continental,39.13,Cirrus,0.3751,5.376,66.69,-3.11,1013.78,0.5,7725.3
2026-07-13T01:00:00+00:00,RU,Russia,61.524,105.3188,Subarctic / Humid Continental,36.85,Altocumulus,0.2331,1.24,73.17,-3.29,1016.66,0.5,4289.9
2026-07-13T02:00:00+00:00,RU,Russia,61.524,105.3188,Subarctic / Humid Continental,34.01,Altocumulus,0.2714,2.14,68.35,-2.25,1015.06,0.5,8417.8
2026-07-13T03:00:00+00:00,RU,Russia,61.524,105.3188,Subarctic / Humid Continental,26.3,Cumulus,0.2546,1.074,69.14,0.26,1017.05,0.5,5422.6
2026-07-13T04:00:00+00:00,RU,Russia,61.524,105.3188,Subarctic / Humid Continental,34.44,Altocumulus,0.3379,5.309,67.17,1.74,1014.08,0.5,8907.6
2026-07-13T05:00:00+00:00,RU,Russia,61.524,105.3188,Subarctic / Humid Continental,36.69,Cirrus,0.1745,3.248,60.67,-0.35,1014.46,0.5,4565.6
2026-07-13T06:00:00+00:00,RU,Russia,61.524,105.3188,Subarctic / Humid Continental,28.87,Cirrus,0.1618,4.676,62.51,0.35,1015.66,0.5,5879.3
2026-07-13T07:00:00+00:00,RU,Russia,61.524,105.3188,Subarctic / Humid Continental,31.77,Cirrus,0.212,5.732,56.85,2.97,1017.53,0.5,6497.7
2026-07-13T08:00:00+00:00,RU,Russia,61.524,105.3188,Subarctic / Humid Continental,36.94,Cirrus,0.248,1.715,59.25,6.36,1015.98,0.5,6544.4
2026-07-13T09:00:00+00:00,RU,Russia,61.524,105.3188,Subarctic / Humid Continental,36.61,Cumulus,0.3546,1.869,55.32,5.21,1016.94,0.5,7523.2
2026-07-13T10:00:00+00:00,RU,Russia,61.524,105.3188,Subarctic / Humid Continental,34.85,Cumulus,0.2683,4.007,50.98,8.44,1013.87,0.5,3854.0
2026-07-13T11:00:00+00:00,RU,Russia,61.524,105.3188,Subarctic / Humid Continental,31.97,Cumulus,0.3653,3.819,53.54,6.18,1015.41,0.5,8944.0
2026-07-13T12:00:00+00:00,RU,Russia,61.524,105.3188,Subarctic / Humid Continental,37.48,Altocumulus,0.2491,2.625,49.08,5.95,1014.72,0.5,6723.4
2026-07-13T13:00:00+00:00,RU,Russia,61.524,105.3188,Subarctic / Humid Continental,33.49,Cirrus,0.3473,3.279,53.09,6.49,1017.44,0.5,3704.0
2026-07-13T14:00:00+00:00,RU,Russia,61.524,105.3188,Subarctic / Humid Continental,39.59,Altocumulus,0.166,2.821,50.98,6.42,1013.24,0.5,6184.0
2026-07-13T15:00:00+00:00,RU,Russia,61.524,105.3188,Subarctic / Humid Continental,39.15,Cumulus,0.3363,5.641,57.92,6.32,1014.97,0.5,8840.5
2026-07-13T16:00:00+00:00,RU,Russia,61.524,105.3188,Subarctic / Humid Continental,49.95,Altocumulus,0.3545,2.331,51.15,5.39,1009.88,0.5,4596.3
2026-07-13T17:00:00+00:00,RU,Russia,61.524,105.3188,Subarctic / Humid Continental,45.73,Cumulus,0.2674,2.299,64.32,4.51,1016.18,0.5,6109.7
2026-07-13T18:00:00+00:00,RU,Russia,61.524,105.3188,Subarctic / Humid Continental,48.16,Altocumulus,0.3607,5.153,58.44,2.47,1011.04,0.5,5900.1
2026-07-13T19:00:00+00:00,RU,Russia,61.524,105.3188,Subarctic / Humid Continental,47.01,Altocumulus,0.2856,4.838,62.64,0.09,1012.75,0.5,7908.0
2026-07-13T20:00:00+00:00,RU,Russia,61.524,105.3188,Subarctic / Humid Continental,38.5,Cumulus,0.2171,2.164,63.24,1.0,1017.24,0.5,7871.3
2026-07-13T21:00:00+00:00,RU,Russia,61.524,105.3188,Subarctic / Humid Continental,42.87,Cumulus,0.3043,3.797,65.63,-2.24,1017.08,0.5,8497.3
2026-07-13T22:00:00+00:00,RU,Russia,61.524,105.3188,Subarctic / Humid Continental,50.33,Cumulus,0.3924,15.49,65.0,-1.37,1011.64,0.5,2920.0
2026-07-13T23:00:00+00:00,RU,Russia,61.524,105.3188,Subarctic / Humid Continental,54.95,Altocumulus,0.3519,14.939,67.35,-1.34,1011.05,0.5,1158.8
2026-07-14T00:00:00+00:00,RU,Russia,61.524,105.3188,Subarctic / Humid Continental,58.02,Cumulus,0.644,6.775,67.14,-1.89,1011.15,0.5,2485.2
2026-07-14T01:00:00+00:00,RU,Russia,61.524,105.3188,Subarctic / Humid Continental,49.94,Altocumulus,0.2588,1.725,56.66,-1.34,1015.2,0.5,6824.0
2026-07-14T02:00:00+00:00,RU,Russia,61.524,105.3188,Subarctic / Humid Continental,56.29,Altocumulus,0.434,12.365,69.21,-2.46,1010.93,0.5,2369.8
2026-07-14T03:00:00+00:00,RU,Russia,61.524,105.3188,Subarctic / Humid Continental,53.42,Cumulus,0.6116,8.975,64.53,-2.54,1011.58,0.5,1482.0
2026-07-14T04:00:00+00:00,RU,Russia,61.524,105.3188,Subarctic / Humid Continental,50.85,Cumulus,0.4702,5.126,64.54,-1.16,1012.28,0.5,2556.8
2026-07-14T05:00:00+00:00,RU,Russia,61.524,105.3188,Subarctic / Humid Continental,47.48,Cumulus,0.3274,5.712,59.23,3.08,1013.15,0.5,6002.1
2026-07-14T06:00:00+00:00,RU,Russia,61.524,105.3188,Subarctic / Humid Continental,47.57,Cirrus,0.1907,1.026,64.36,0.17,1012.42,0.5,6497.5
2026-07-14T07:00:00+00:00,RU,Russia,61.524,105.3188,Subarctic / Humid Continental,52.16,Altocumulus,0.5269,6.856,58.13,5.39,1013.61,0.5,2750.9
2026-07-14T08:00:00+00:00,RU,Russia,61.524,105.3188,Subarctic / Humid Continental,41.83,Cirrus,0.2233,2.046,56.52,3.17,1012.8,0.5,5749.5
2026-07-14T09:00:00+00:00,RU,Russia,61.524,105.3188,Subarctic / Humid Continental,57.57,Altocumulus,0.3647,5.954,53.17,7.75,1012.66,0.5,2102.9
2026-07-14T10:00:00+00:00,RU,Russia,61.524,105.3188,Subarctic / Humid Continental,55.67,Stratocumulus,0.627,7.192,54.12,6.55,1011.74,0.5,2058.0
2026-07-14T11:00:00+00:00,RU,Russia,61.524,105.3188,Subarctic / Humid Continental,48.46,Cumulus,0.2918,5.001,50.2,6.48,1014.7,0.5,4273.6
2026-07-14T12:00:00+00:00,RU,Russia,61.524,105.3188,Subarctic / Humid Continental,48.89,Cumulus,0.2841,3.684,51.71,5.26,1013.56,0.5,5224.0
2026-07-14T13:00:00+00:00,RU,Russia,61.524,105.3188,Subarctic / Humid Continental,54.33,Cumulus,0.4695,12.392,56.75,8.41,1011.4,0.5,2996.2
2026-07-14T14:00:00+00:00,RU,Russia,61.524,105.3188,Subarctic / Humid Continental,47.84,Altocumulus,0.1733,4.782,56.46,7.41,1013.28,0.5,7454.4
2026-07-14T15:00:00+00:00,RU,Russia,61.524,105.3188,Subarctic / Humid Continental,46.22,Cumulus,0.3473,3.2,50.89,6.9,1014.18,0.5,3871.7
2026-07-14T16:00:00+00:00,RU,Russia,61.524,105.3188,Subarctic / Humid Continental,39.68,Cirrus,0.3776,5.434,53.81,7.1,1013.09,0.5,4963.2
2026-07-14T17:00:00+00:00,RU,Russia,61.524,105.3188,Subarctic / Humid Continental,53.16,Cumulus,0.3834,10.08,57.82,4.6,1016.14,0.5,2496.1
2026-07-14T18:00:00+00:00,RU,Russia,61.524,105.3188,Subarctic / Humid Continental,38.99,Cumulus,0.322,4.583,60.46,2.16,1012.14,0.5,7556.2
2026-07-14T19:00:00+00:00,RU,Russia,61.524,105.3188,Subarctic / Humid Continental,39.28,Cirrus,0.368,2.011,61.02,-2.2,1014.47,0.5,4510.0
2026-07-14T20:00:00+00:00,RU,Russia,61.524,105.3188,Subarctic / Humid Continental,46.5,Cirrus,0.1716,4.152,66.89,-1.73,1014.82,0.5,6456.1
2026-07-14T21:00:00+00:00,RU,Russia,61.524,105.3188,Subarctic / Humid Continental,49.86,Cumulus,0.1647,1.73,59.64,-1.15,1011.81,0.5,7406.6
2026-07-14T22:00:00+00:00,RU,Russia,61.524,105.3188,Subarctic / Humid Continental,41.53,Altocumulus,0.3402,2.506,69.7,-2.44,1016.39,0.5,3853.0
2026-07-14T23:00:00+00:00,RU,Russia,61.524,105.3188,Subarctic / Humid Continental,27.47,Cirrus,0.2212,4.926,68.43,-2.06,1017.3,0.5,4148.4
2026-07-15T00:00:00+00:00,RU,Russia,61.524,105.3188,Subarctic / Humid Continental,39.51,Cirrus,0.2596,3.193,67.96,-3.47,1011.38,0.5,6988.6
2026-07-15T01:00:00+00:00,RU,Russia,61.524,105.3188,Subarctic / Humid Continental,46.19,Cirrus,0.2489,2.158,65.61,-4.23,1015.99,0.5,7987.8
2026-07-15T02:00:00+00:00,RU,Russia,61.524,105.3188,Subarctic / Humid Continental,37.75,Cumulus,0.3156,1.42,68.73,-0.22,1015.06,0.5,4511.5
2026-07-15T03:00:00+00:00,RU,Russia,61.524,105.3188,Subarctic / Humid Continental,28.76,Altocumulus,0.3173,5.746,67.2,-0.08,1017.62,0.5,6789.9
2026-07-15T04:00:00+00:00,RU,Russia,61.524,105.3188,Subarctic / Humid Continental,39.04,Cumulus,0.373,2.259,60.19,1.0,1015.03,0.5,8049.0
2026-07-15T05:00:00+00:00,RU,Russia,61.524,105.3188,Subarctic / Humid Continental,37.21,Cirrus,0.1711,2.461,61.38,1.59,1013.73,0.5,7033.6
2026-07-15T06:00:00+00:00,RU,Russia,61.524,105.3188,Subarctic / Humid Continental,33.07,Cumulus,0.3161,5.022,58.88,2.31,1017.36,0.5,6913.4
2026-07-15T07:00:00+00:00,RU,Russia,61.524,105.3188,Subarctic / Humid Continental,19.95,Altocumulus,0.2417,3.592,57.25,3.11,1017.09,0.5,8262.7
2026-07-15T08:00:00+00:00,RU,Russia,61.524,105.3188,Subarctic / Humid Continental,35.71,Altocumulus,0.2201,1.204,55.99,6.9,1016.06,0.5,3691.4
2026-07-15T09:00:00+00:00,RU,Russia,61.524,105.3188,Subarctic / Humid Continental,27.19,Cirrus,0.2118,4.102,56.14,6.88,1014.29,0.5,7392.1
2026-07-15T10:00:00+00:00,RU,Russia,61.524,105.3188,Subarctic / Humid Continental,27.11,Cumulus,0.1884,2.982,56.04,5.6,1017.75,0.5,8883.3
2026-07-15T11:00:00+00:00,RU,Russia,61.524,105.3188,Subarctic / Humid Continental,38.39,Cumulus,0.3548,5.909,52.55,6.74,1014.25,0.5,4770.8
2026-07-15T12:00:00+00:00,RU,Russia,61.524,105.3188,Subarctic / Humid Continental,32.68,Cumulus,0.173,4.138,49.26,7.47,1016.5,0.5,6236.8
2026-07-15T13:00:00+00:00,RU,Russia,61.524,105.3188,Subarctic / Humid Continental,23.77,Cumulus,0.3256,5.835,52.66,9.34,1017.33,0.5,6295.8
2026-07-15T14:00:00+00:00,RU,Russia,61.524,105.3188,Subarctic / Humid Continental,18.07,Cumulus,0.3105,2.29,48.47,7.19,1017.13,0.5,5625.3
2026-07-15T15:00:00+00:00,RU,Russia,61.524,105.3188,Subarctic / Humid Continental,27.96,Cirrus,0.2273,2.499,54.29,7.16,1016.89,0.5,4497.8
2026-07-15T16:00:00+00:00,RU,Russia,61.524,105.3188,Subarctic / Humid Continental,34.22,Cirrus,0.3332,3.115,55.1,5.58,1014.75,0.5,8441.0
2026-07-15T17:00:00+00:00,RU,Russia,61.524,105.3188,Subarctic / Humid Continental,24.8,Altocumulus,0.3059,1.816,59.73,4.08,1018.01,0.5,8859.1
2026-07-15T18:00:00+00:00,RU,Russia,61.524,105.3188,Subarctic / Humid Continental,18.43,Altocumulus,0.2879,2.846,53.77,2.62,1017.29,0.5,7643.7
2026-07-15T19:00:00+00:00,RU,Russia,61.524,105.3188,Subarctic / Humid Continental,26.59,Altocumulus,0.337,4.055,58.01,1.78,1018.43,0.5,7537.7
2026-07-15T20:00:00+00:00,RU,Russia,61.524,105.3188,Subarctic / Humid Continental,21.65,Cirrus,0.2193,1.319,61.92,1.72,1018.06,0.5,6558.9
2026-07-15T21:00:00+00:00,RU,Russia,61.524,105.3188,Subarctic / Humid Continental,24.82,Cumulus,0.333,2.125,62.59,-0.27,1015.91,0.5,4163.9
2026-07-15T22:00:00+00:00,RU,Russia,61.524,105.3188,Subarctic / Humid Continental,20.64,Cirrus,0.1678,4.662,61.38,-0.94,1020.25,0.5,6959.7
2026-07-15T23:00:00+00:00,RU,Russia,61.524,105.3188,Subarctic / Humid Continental,27.54,Altocumulus,0.2286,5.593,65.75,-4.31,1015.49,0.5,6013.3
2026-07-16T00:00:00+00:00,RU,Russia,61.524,105.3188,Subarctic / Humid Continental,23.09,Altocumulus,0.2464,2.391,65.99,-3.03,1018.62,0.5,6063.8
2026-07-16T01:00:00+00:00,RU,Russia,61.524,105.3188,Subarctic / Humid Continental,22.9,Cumulus,0.3181,1.188,67.6,-3.12,1016.92,0.5,4397.9
2026-07-16T02:00:00+00:00,RU,Russia,61.524,105.3188,Subarctic / Humid Continental,9.57,Clear,0.0837,0.403,67.6,-1.22,1020.84,0.5,0
2026-07-16T03:00:00+00:00,RU,Russia,61.524,105.3188,Subarctic / Humid Continental,16.32,Cumulus,0.3334,1.206,63.94,-1.52,1016.81,0.5,3724.0
2026-07-16T04:00:00+00:00,RU,Russia,61.524,105.3188,Subarctic / Humid Continental,25.0,Cumulus,0.1578,5.066,62.13,0.51,1020.3,0.5,6189.4
2026-07-16T05:00:00+00:00,RU,Russia,61.524,105.3188,Subarctic / Humid Continental,27.32,Altocumulus,0.1779,2.965,54.18,-0.73,1016.43,0.5,8391.7
2026-07-16T06:00:00+00:00,RU,Russia,61.524,105.3188,Subarctic / Humid Continental,22.62,Altocumulus,0.2502,4.366,60.54,3.1,1018.54,0.5,5861.1
2026-07-16T07:00:00+00:00,RU,Russia,61.524,105.3188,Subarctic / Humid Continental,20.73,Altocumulus,0.2143,3.612,65.13,2.97,1019.15,0.5,4821.7
2026-07-16T08:00:00+00:00,RU,Russia,61.524,105.3188,Subarctic / Humid Continental,26.59,Cirrus,0.2378,4.601,58.16,6.19,1014.82,0.5,8779.1
2026-07-16T09:00:00+00:00,RU,Russia,61.524,105.3188,Subarctic / Humid Continental,23.71,Cirrus,0.2305,2.206,54.08,5.83,1015.3,0.5,8532.9
2026-07-16T10:00:00+00:00,RU,Russia,61.524,105.3188,Subarctic / Humid Continental,33.65,Cirrus,0.32,4.391,49.2,6.12,1016.37,0.5,8977.9
2026-07-16T11:00:00+00:00,RU,Russia,61.524,105.3188,Subarctic / Humid Continental,32.28,Altocumulus,0.1575,5.141,49.67,6.39,1016.56,0.5,5810.9
2026-07-16T12:00:00+00:00,RU,Russia,61.524,105.3188,Subarctic / Humid Continental,34.73,Altocumulus,0.3428,5.871,54.86,6.95,1013.95,0.5,4403.0
2026-07-16T13:00:00+00:00,RU,Russia,61.524,105.3188,Subarctic / Humid Continental,26.05,Cumulus,0.2147,1.51,54.06,6.14,1019.47,0.5,8580.1
2026-07-16T14:00:00+00:00,RU,Russia,61.524,105.3188,Subarctic / Humid Continental,35.44,Altocumulus,0.2064,1.302,51.6,6.97,1015.31,0.5,4233.0
2026-07-16T15:00:00+00:00,RU,Russia,61.524,105.3188,Subarctic / Humid Continental,44.81,Cumulus,0.2701,5.425,53.14,5.82,1017.08,0.5,6652.3
2026-07-16T16:00:00+00:00,RU,Russia,61.524,105.3188,Subarctic / Humid Continental,46.15,Cumulus,0.2673,5.315,56.66,5.95,1013.62,0.5,7582.3
2026-07-16T17:00:00+00:00,RU,Russia,61.524,105.3188,Subarctic / Humid Continental,34.39,Cirrus,0.3611,4.8,56.31,5.81,1015.14,0.5,5179.3
2026-07-16T18:00:00+00:00,RU,Russia,61.524,105.3188,Subarctic / Humid Continental,44.17,Altocumulus,0.2712,1.585,63.9,2.3,1013.24,0.5,6875.3
2026-07-16T19:00:00+00:00,RU,Russia,61.524,105.3188,Subarctic / Humid Continental,45.88,Cumulus,0.2924,4.671,63.49,2.55,1013.28,0.5,5063.2
2026-07-16T20:00:00+00:00,RU,Russia,61.524,105.3188,Subarctic / Humid Continental,47.35,Cirrus,0.3579,2.426,63.2,1.64,1014.85,0.5,5771.0
2026-07-16T21:00:00+00:00,RU,Russia,61.524,105.3188,Subarctic / Humid Continental,48.19,Cumulus,0.3395,3.442,62.74,-2.69,1014.27,0.5,5787.0
2026-07-16T22:00:00+00:00,RU,Russia,61.524,105.3188,Subarctic / Humid Continental,53.7,Cumulus,0.591,13.441,68.79,-3.49,1012.56,0.5,2309.4
2026-07-16T23:00:00+00:00,RU,Russia,61.524,105.3188,Subarctic / Humid Continental,50.44,Stratocumulus,0.4506,8.764,65.03,-4.29,1013.14,0.5,1401.0
2026-07-17T00:00:00+00:00,RU,Russia,61.524,105.3188,Subarctic / Humid Continental,59.14,Stratocumulus,0.4564,6.811,66.25,-3.74,1013.79,0.5,2569.7
2026-07-17T01:00:00+00:00,RU,Russia,61.524,105.3188,Subarctic / Humid Continental,52.6,Cumulus,0.6498,6.881,69.64,-1.73,1011.82,0.5,2918.1
2026-07-17T02:00:00+00:00,RU,Russia,61.524,105.3188,Subarctic / Humid Continental,54.95,Stratocumulus,0.5653,10.491,66.15,-1.52,1013.23,0.5,1604.3
2026-07-17T03:00:00+00:00,RU,Russia,61.524,105.3188,Subarctic / Humid Continental,59.0,Altocumulus,0.5743,13.42,63.73,-3.22,1013.29,0.5,1747.6
2026-07-17T04:00:00+00:00,RU,Russia,61.524,105.3188,Subarctic / Humid Continental,63.33,Altocumulus,0.6151,17.662,64.3,-0.9,1012.88,0.5,1111.4
2026-07-17T05:00:00+00:00,RU,Russia,61.524,105.3188,Subarctic / Humid Continental,44.2,Cumulus,0.2091,1.101,60.65,0.16,1013.84,0.5,8212.1
2026-07-17T06:00:00+00:00,RU,Russia,61.524,105.3188,Subarctic / Humid Continental,58.02,Cumulus,0.5509,12.075,58.75,2.2,1010.86,0.5,2885.3
2026-07-17T07:00:00+00:00,RU,Russia,61.524,105.3188,Subarctic / Humid Continental,59.03,Altocumulus,0.5162,16.735,57.68,3.97,1008.49,0.5,2642.9
2026-07-17T08:00:00+00:00,RU,Russia,61.524,105.3188,Subarctic / Humid Continental,56.22,Stratocumulus,0.5686,17.367,56.55,5.42,1013.79,0.5,2110.0
2026-07-17T09:00:00+00:00,RU,Russia,61.524,105.3188,Subarctic / Humid Continental,56.69,Stratocumulus,0.5116,10.313,56.57,5.74,1013.84,0.5,1238.6
2026-07-17T10:00:00+00:00,RU,Russia,61.524,105.3188,Subarctic / Humid Continental,62.29,Stratocumulus,0.5498,12.321,48.29,7.34,1012.24,0.5,2450.1
2026-07-17T11:00:00+00:00,RU,Russia,61.524,105.3188,Subarctic / Humid Continental,63.5,Altocumulus,0.3794,14.166,51.49,6.65,1010.92,0.5,2547.4
2026-07-17T12:00:00+00:00,RU,Russia,61.524,105.3188,Subarctic / Humid Continental,62.35,Altocumulus,0.454,7.254,52.53,8.78,1013.53,0.5,1991.4
2026-07-17T13:00:00+00:00,RU,Russia,61.524,105.3188,Subarctic / Humid Continental,56.86,Stratocumulus,0.5052,9.665,51.07,6.88,1011.09,0.5,2941.9
2026-07-17T14:00:00+00:00,RU,Russia,61.524,105.3188,Subarctic / Humid Continental,57.42,Altocumulus,0.5021,11.897,49.3,5.82,1013.68,0.5,2587.3
2026-07-17T15:00:00+00:00,RU,Russia,61.524,105.3188,Subarctic / Humid Continental,63.36,Altocumulus,0.5893,6.546,52.09,7.22,1013.84,0.5,1890.2
2026-07-17T16:00:00+00:00,RU,Russia,61.524,105.3188,Subarctic / Humid Continental,64.82,Stratocumulus,0.5761,7.119,60.27,3.6,1012.73,0.5,2008.6
2026-07-17T17:00:00+00:00,RU,Russia,61.524,105.3188,Subarctic / Humid Continental,58.09,Altocumulus,0.4672,16.39,58.94,5.0,1013.85,0.5,1257.4
2026-07-17T18:00:00+00:00,RU,Russia,61.524,105.3188,Subarctic / Humid Continental,51.98,Cumulus,0.5286,15.933,57.34,2.05,1011.85,0.5,2197.9
2026-07-17T19:00:00+00:00,RU,Russia,61.524,105.3188,Subarctic / Humid Continental,63.9,Altocumulus,0.4291,7.458,65.27,2.99,1009.91,0.5,2863.5
2026-07-17T20:00:00+00:00,RU,Russia,61.524,105.3188,Subarctic / Humid Continental,57.64,Altocumulus,0.3562,6.748,61.51,-0.03,1013.73,0.5,1363.3
2026-07-17T21:00:00+00:00,RU,Russia,61.524,105.3188,Subarctic / Humid Continental,65.83,Altocumulus,0.429,17.533,67.1,0.48,1011.22,0.5,1702.4
2026-07-17T22:00:00+00:00,RU,Russia,61.524,105.3188,Subarctic / Humid Continental,55.26,Cumulus,0.3515,5.433,65.12,-1.99,1011.53,0.5,2556.6
2026-07-17T23:00:00+00:00,RU,Russia,61.524,105.3188,Subarctic / Humid Continental,50.26,Stratocumulus,0.5941,5.013,67.01,-2.42,1013.47,0.5,2780.1
2026-07-18T00:00:00+00:00,RU,Russia,61.524,105.3188,Subarctic / Humid Continental,62.39,Cumulus,0.6458,12.37,69.51,-2.26,1009.13,0.5,1529.6
2026-07-18T01:00:00+00:00,RU,Russia,61.524,105.3188,Subarctic / Humid Continental,56.46,Cumulus,0.4834,16.342,67.12,-1.38,1012.28,0.5,1032.7
2026-07-18T02:00:00+00:00,RU,Russia,61.524,105.3188,Subarctic / Humid Continental,58.5,Altocumulus,0.6266,13.99,65.24,-1.64,1012.43,0.5,2849.5
2026-07-18T03:00:00+00:00,RU,Russia,61.524,105.3188,Subarctic / Humid Continental,55.21,Cumulus,0.4113,16.959,66.76,-1.6,1014.61,0.5,2835.6
2026-07-18T04:00:00+00:00,RU,Russia,61.524,105.3188,Subarctic / Humid Continental,48.84,Cumulus,0.1801,2.876,59.71,0.36,1015.24,0.5,5222.5
2026-07-18T05:00:00+00:00,RU,Russia,61.524,105.3188,Subarctic / Humid Continental,46.27,Cirrus,0.2821,3.297,62.09,0.81,1014.79,0.5,7458.5
2026-07-18T06:00:00+00:00,RU,Russia,61.524,105.3188,Subarctic / Humid Continental,54.1,Stratocumulus,0.506,5.105,56.79,3.33,1013.88,0.5,1024.7
2026-07-18T07:00:00+00:00,RU,Russia,61.524,105.3188,Subarctic / Humid Continental,48.69,Cirrus,0.3295,5.922,52.99,3.64,1012.46,0.5,6123.6
2026-07-18T08:00:00+00:00,RU,Russia,61.524,105.3188,Subarctic / Humid Continental,56.36,Stratocumulus,0.5468,5.886,50.18,5.9,1013.66,0.5,2458.5
2026-07-18T09:00:00+00:00,RU,Russia,61.524,105.3188,Subarctic / Humid Continental,44.98,Cumulus,0.2337,3.702,61.22,5.18,1013.08,0.5,6630.1
2026-07-18T10:00:00+00:00,RU,Russia,61.524,105.3188,Subarctic / Humid Continental,50.1,Altocumulus,0.543,10.073,53.16,8.63,1013.52,0.5,2179.7
2026-07-18T11:00:00+00:00,RU,Russia,61.524,105.3188,Subarctic / Humid Continental,45.92,Cumulus,0.3037,1.635,54.42,7.95,1015.55,0.5,7865.3
2026-07-18T12:00:00+00:00,RU,Russia,61.524,105.3188,Subarctic / Humid Continental,46.46,Altocumulus,0.1592,4.282,48.27,5.69,1014.62,0.5,6053.5
2026-07-18T13:00:00+00:00,RU,Russia,61.524,105.3188,Subarctic / Humid Continental,34.4,Cumulus,0.2878,4.607,52.88,6.67,1016.32,0.5,5039.3
2026-07-18T14:00:00+00:00,RU,Russia,61.524,105.3188,Subarctic / Humid Continental,44.59,Cirrus,0.3235,3.689,56.85,4.81,1016.08,0.5,5316.4
2026-07-18T15:00:00+00:00,RU,Russia,61.524,105.3188,Subarctic / Humid Continental,39.36,Cirrus,0.3155,3.913,51.49,6.76,1013.52,0.5,5965.4
2026-07-18T16:00:00+00:00,RU,Russia,61.524,105.3188,Subarctic / Humid Continental,39.54,Cirrus,0.3318,1.362,53.06,5.41,1014.78,0.5,7965.5
2026-07-18T17:00:00+00:00,RU,Russia,61.524,105.3188,Subarctic / Humid Continental,38.16,Altocumulus,0.2479,2.133,58.78,4.74,1014.64,0.5,4747.8
2026-07-18T18:00:00+00:00,RU,Russia,61.524,105.3188,Subarctic / Humid Continental,42.82,Cirrus,0.3793,4.497,61.0,2.61,1012.69,0.5,5723.1
2026-07-18T19:00:00+00:00,RU,Russia,61.524,105.3188,Subarctic / Humid Continental,33.93,Cumulus,0.2015,5.715,59.95,0.13,1015.33,0.5,7503.8
2026-07-18T20:00:00+00:00,RU,Russia,61.524,105.3188,Subarctic / Humid Continental,35.42,Cumulus,0.2066,3.519,60.76,-0.07,1013.23,0.5,7521.8
2026-07-18T21:00:00+00:00,RU,Russia,61.524,105.3188,Subarctic / Humid Continental,50.97,Altocumulus,0.5212,17.157,67.96,0.38,1013.43,0.5,2028.9
2026-07-18T22:00:00+00:00,RU,Russia,61.524,105.3188,Subarctic / Humid Continental,35.24,Cirrus,0.2849,2.177,61.36,0.34,1017.56,0.5,6072.0
2026-07-18T23:00:00+00:00,RU,Russia,61.524,105.3188,Subarctic / Humid Continental,36.16,Altocumulus,0.3039,2.811,65.05,-2.4,1015.64,0.5,7458.2
2026-07-19T00:00:00+00:00,RU,Russia,61.524,105.3188,Subarctic / Humid Continental,37.81,Cirrus,0.2894,1.444,63.24,-2.49,1015.38,0.5,4297.5
2026-07-19T01:00:00+00:00,RU,Russia,61.524,105.3188,Subarctic / Humid Continental,36.99,Cumulus,0.2823,2.981,68.56,-3.11,1014.74,0.5,3988.5
2026-07-19T02:00:00+00:00,RU,Russia,61.524,105.3188,Subarctic / Humid Continental,38.16,Cirrus,0.277,4.797,63.64,-2.81,1014.86,0.5,8121.5
2026-07-19T03:00:00+00:00,RU,Russia,61.524,105.3188,Subarctic / Humid Continental,42.6,Cirrus,0.3383,2.294,69.98,-1.86,1014.41,0.5,4614.8
2026-07-19T04:00:00+00:00,RU,Russia,61.524,105.3188,Subarctic / Humid Continental,39.29,Altocumulus,0.357,3.298,67.09,1.22,1012.71,0.5,6712.8
2026-07-19T05:00:00+00:00,RU,Russia,61.524,105.3188,Subarctic / Humid Continental,41.45,Cirrus,0.2446,5.257,65.17,3.66,1014.21,0.5,4634.5
2026-07-19T06:00:00+00:00,RU,Russia,61.524,105.3188,Subarctic / Humid Continental,38.68,Cumulus,0.3722,1.529,59.4,1.21,1015.07,0.5,5638.0
2026-07-19T07:00:00+00:00,RU,Russia,61.524,105.3188,Subarctic / Humid Continental,42.99,Cirrus,0.2649,4.788,59.45,3.36,1015.26,0.5,8693.4
2026-07-19T08:00:00+00:00,RU,Russia,61.524,105.3188,Subarctic / Humid Continental,39.64,Cirrus,0.2003,2.694,54.51,5.5,1017.45,0.5,8188.0
2026-07-19T09:00:00+00:00,RU,Russia,61.524,105.3188,Subarctic / Humid Continental,32.76,Cumulus,0.1924,4.227,50.09,7.12,1018.46,0.5,8078.0
2026-07-19T10:00:00+00:00,RU,Russia,61.524,105.3188,Subarctic / Humid Continental,39.69,Cumulus,0.2755,5.386,51.95,8.5,1017.13,0.5,6179.8
2026-07-19T11:00:00+00:00,RU,Russia,61.524,105.3188,Subarctic / Humid Continental,48.45,Cirrus,0.2768,3.695,53.36,7.91,1012.47,0.5,7277.0
2026-07-19T12:00:00+00:00,RU,Russia,61.524,105.3188,Subarctic / Humid Continental,44.66,Altocumulus,0.2958,1.847,59.06,6.75,1013.79,0.5,5387.5
2026-07-19T13:00:00+00:00,RU,Russia,61.524,105.3188,Subarctic / Humid Continental,43.82,Cumulus,0.2495,2.953,53.94,6.37,1012.88,0.5,8594.0
2026-07-19T14:00:00+00:00,RU,Russia,61.524,105.3188,Subarctic / Humid Continental,50.42,Stratocumulus,0.3527,7.131,53.59,6.87,1013.38,0.5,2484.0
2026-07-19T15:00:00+00:00,RU,Russia,61.524,105.3188,Subarctic / Humid Continental,52.72,Stratocumulus,0.3559,7.707,57.39,7.57,1012.99,0.5,1181.7
2026-07-19T16:00:00+00:00,RU,Russia,61.524,105.3188,Subarctic / Humid Continental,49.1,Cumulus,0.3318,3.329,59.08,4.68,1012.51,0.5,5331.9
2026-07-19T17:00:00+00:00,RU,Russia,61.524,105.3188,Subarctic / Humid Continental,42.13,Cumulus,0.3627,5.904,58.28,3.78,1013.74,0.5,6996.2
2026-07-19T18:00:00+00:00,RU,Russia,61.524,105.3188,Subarctic / Humid Continental,59.78,Altocumulus,0.3956,11.267,62.14,4.43,1013.19,0.5,1692.2
2026-07-19T19:00:00+00:00,RU,Russia,61.524,105.3188,Subarctic / Humid Continental,53.46,Cumulus,0.4486,14.996,63.73,2.88,1013.34,0.5,1136.2
2026-07-19T20:00:00+00:00,RU,Russia,61.524,105.3188,Subarctic / Humid Continental,63.06,Cumulus,0.6245,15.03,61.83,0.37,1012.03,0.5,2811.3
2026-07-19T21:00:00+00:00,RU,Russia,61.524,105.3188,Subarctic / Humid Continental,57.54,Cumulus,0.4137,5.311,68.31,-2.51,1012.31,0.5,1804.3
2026-07-19T22:00:00+00:00,RU,Russia,61.524,105.3188,Subarctic / Humid Continental,61.69,Altocumulus,0.4606,7.841,64.55,-1.17,1014.2,0.5,1594.9
2026-07-19T23:00:00+00:00,RU,Russia,61.524,105.3188,Subarctic / Humid Continental,65.84,Cumulus,0.5297,17.468,63.2,0.11,1011.22,0.5,2775.7
2026-07-20T00:00:00+00:00,RU,Russia,61.524,105.3188,Subarctic / Humid Continental,59.85,Cumulus,0.3942,12.52,69.82,-1.88,1011.04,0.5,2061.0
2026-07-20T01:00:00+00:00,RU,Russia,61.524,105.3188,Subarctic / Humid Continental,63.55,Cumulus,0.5609,17.264,66.51,-3.04,1011.2,0.5,2850.5
2026-07-20T02:00:00+00:00,RU,Russia,61.524,105.3188,Subarctic / Humid Continental,63.76,Cumulus,0.372,15.845,62.36,-1.34,1011.37,0.5,2320.0
2026-07-20T03:00:00+00:00,RU,Russia,61.524,105.3188,Subarctic / Humid Continental,62.75,Altocumulus,0.4793,14.538,72.2,-2.1,1011.56,0.5,1654.7
2026-07-20T04:00:00+00:00,RU,Russia,61.524,105.3188,Subarctic / Humid Continental,64.89,Altocumulus,0.5406,9.485,61.4,1.82,1008.72,0.5,2356.3
2026-07-20T05:00:00+00:00,RU,Russia,61.524,105.3188,Subarctic / Humid Continental,58.88,Altocumulus,0.4331,17.159,57.92,-0.77,1013.36,0.5,2519.6
2026-07-20T06:00:00+00:00,RU,Russia,61.524,105.3188,Subarctic / Humid Continental,65.2,Stratocumulus,0.4445,9.507,62.48,1.53,1013.36,0.5,1872.7
2026-07-20T07:00:00+00:00,RU,Russia,61.524,105.3188,Subarctic / Humid Continental,65.53,Stratocumulus,0.5674,7.831,56.72,2.56,1010.57,0.5,1576.2
2026-07-20T08:00:00+00:00,RU,Russia,61.524,105.3188,Subarctic / Humid Continental,68.57,Altocumulus,0.5415,16.668,57.83,3.01,1010.41,0.5,1747.6
2026-07-20T09:00:00+00:00,RU,Russia,61.524,105.3188,Subarctic / Humid Continental,79.58,Cumulus,0.5087,17.537,54.24,6.47,1007.78,0.5,1305.8
2026-07-20T10:00:00+00:00,RU,Russia,61.524,105.3188,Subarctic / Humid Continental,69.45,Cumulus,0.6472,16.461,53.87,4.33,1012.6,0.5,2537.0
2026-07-20T11:00:00+00:00,RU,Russia,61.524,105.3188,Subarctic / Humid Continental,72.53,Cumulus,0.3648,17.66,52.87,6.21,1010.47,0.5,1417.0
2026-07-20T12:00:00+00:00,RU,Russia,61.524,105.3188,Subarctic / Humid Continental,68.67,Altocumulus,0.6204,12.77,52.66,8.01,1011.52,0.5,2971.1
2026-07-20T13:00:00+00:00,RU,Russia,61.524,105.3188,Subarctic / Humid Continental,68.58,Stratocumulus,0.5973,7.83,52.76,8.82,1009.37,0.5,1626.7
2026-07-20T14:00:00+00:00,RU,Russia,61.524,105.3188,Subarctic / Humid Continental,66.65,Cumulus,0.3651,13.722,58.57,7.64,1009.95,0.5,2667.2
2026-07-20T15:00:00+00:00,RU,Russia,61.524,105.3188,Subarctic / Humid Continental,65.96,Stratocumulus,0.6455,16.205,58.0,5.86,1010.67,0.5,2873.5
2026-07-20T16:00:00+00:00,RU,Russia,61.524,105.3188,Subarctic / Humid Continental,71.38,Cumulus,0.5641,5.26,54.5,3.58,1010.79,0.5,2276.4
2026-07-20T17:00:00+00:00,RU,Russia,61.524,105.3188,Subarctic / Humid Continental,58.8,Altocumulus,0.5135,14.666,61.69,3.7,1011.77,0.5,2745.0
2026-07-20T18:00:00+00:00,RU,Russia,61.524,105.3188,Subarctic / Humid Continental,70.22,Altocumulus,0.3654,14.522,60.14,2.21,1008.71,0.5,2311.7
2026-07-20T19:00:00+00:00,RU,Russia,61.524,105.3188,Subarctic / Humid Continental,76.27,Cumulus,0.5301,17.866,62.94,2.29,1010.25,0.5,2304.7
2026-07-20T20:00:00+00:00,RU,Russia,61.524,105.3188,Subarctic / Humid Continental,67.35,Cumulus,0.3713,12.843,68.11,1.26,1011.55,0.5,2946.6
2026-07-20T21:00:00+00:00,RU,Russia,61.524,105.3188,Subarctic / Humid Continental,60.11,Altocumulus,0.5799,16.8,58.44,-0.86,1012.3,0.5,1056.9
2026-07-20T22:00:00+00:00,RU,Russia,61.524,105.3188,Subarctic / Humid Continental,68.44,Stratocumulus,0.3652,8.68,61.17,-2.77,1009.29,0.5,2175.4
2026-07-20T23:00:00+00:00,RU,Russia,61.524,105.3188,Subarctic / Humid Continental,52.1,Stratocumulus,0.6085,7.942,73.31,-2.69,1014.81,0.5,1459.2
2026-07-21T00:00:00+00:00,RU,Russia,61.524,105.3188,Subarctic / Humid Continental,68.94,Cumulus,0.5791,13.863,67.33,-3.13,1010.02,0.5,2756.3
2026-07-21T01:00:00+00:00,RU,Russia,61.524,105.3188,Subarctic / Humid Continental,65.13,Altocumulus,0.599,13.214,62.41,-2.45,1008.45,0.5,2043.3
2026-07-21T02:00:00+00:00,RU,Russia,61.524,105.3188,Subarctic / Humid Continental,70.03,Cumulus,0.4278,7.107,65.96,0.28,1012.28,0.5,1293.3
2026-07-21T03:00:00+00:00,RU,Russia,61.524,105.3188,Subarctic / Humid Continental,70.14,Altocumulus,0.4719,14.722,62.08,-1.87,1011.59,0.5,2603.1
2026-07-21T04:00:00+00:00,RU,Russia,61.524,105.3188,Subarctic / Humid Continental,57.41,Altocumulus,0.5763,13.778,64.05,0.46,1011.68,0.5,2560.9
2026-07-21T05:00:00+00:00,RU,Russia,61.524,105.3188,Subarctic / Humid Continental,59.35,Cumulus,0.4076,9.536,60.67,3.25,1010.76,0.5,2850.4
2026-07-21T06:00:00+00:00,RU,Russia,61.524,105.3188,Subarctic / Humid Continental,46.2,Cumulus,0.1823,1.869,55.4,2.15,1010.4,0.5,8277.1
2026-07-21T07:00:00+00:00,RU,Russia,61.524,105.3188,Subarctic / Humid Continental,67.77,Altocumulus,0.4972,8.793,62.71,3.07,1010.04,0.5,2309.9
2026-07-21T08:00:00+00:00,RU,Russia,61.524,105.3188,Subarctic / Humid Continental,50.04,Altocumulus,0.3604,7.664,55.43,5.87,1015.39,0.5,2286.1
2026-07-21T09:00:00+00:00,RU,Russia,61.524,105.3188,Subarctic / Humid Continental,59.98,Stratocumulus,0.3598,13.099,59.6,4.99,1015.86,0.5,1859.4
2026-07-21T10:00:00+00:00,RU,Russia,61.524,105.3188,Subarctic / Humid Continental,50.48,Cumulus,0.629,6.935,57.03,5.77,1010.68,0.5,2299.8
2026-07-21T11:00:00+00:00,RU,Russia,61.524,105.3188,Subarctic / Humid Continental,49.83,Altocumulus,0.2011,4.077,55.87,7.74,1012.85,0.5,7663.9
2026-07-21T12:00:00+00:00,RU,Russia,61.524,105.3188,Subarctic / Humid Continental,47.75,Altocumulus,0.3257,1.483,49.14,6.75,1016.49,0.5,5033.0
2026-07-21T13:00:00+00:00,RU,Russia,61.524,105.3188,Subarctic / Humid Continental,49.44,Cumulus,0.3032,2.195,54.74,7.65,1013.49,0.5,6646.0
2026-07-21T14:00:00+00:00,RU,Russia,61.524,105.3188,Subarctic / Humid Continental,33.33,Cirrus,0.336,1.542,60.12,6.9,1015.74,0.5,7226.6
2026-07-21T15:00:00+00:00,RU,Russia,61.524,105.3188,Subarctic / Humid Continental,41.11,Altocumulus,0.1782,3.175,56.67,6.63,1017.76,0.5,6633.3
2026-07-21T16:00:00+00:00,RU,Russia,61.524,105.3188,Subarctic / Humid Continental,48.31,Cumulus,0.24,5.755,54.08,2.96,1011.68,0.5,6610.9
2026-07-21T17:00:00+00:00,RU,Russia,61.524,105.3188,Subarctic / Humid Continental,45.31,Cumulus,0.3766,2.221,59.34,2.13,1015.02,0.5,6209.0
2026-07-21T18:00:00+00:00,RU,Russia,61.524,105.3188,Subarctic / Humid Continental,40.57,Cirrus,0.2683,3.839,60.0,2.34,1014.7,0.5,6589.7
2026-07-21T19:00:00+00:00,RU,Russia,61.524,105.3188,Subarctic / Humid Continental,39.03,Altocumulus,0.2973,3.779,62.03,0.24,1017.84,0.5,8458.6
2026-07-21T20:00:00+00:00,RU,Russia,61.524,105.3188,Subarctic / Humid Continental,37.84,Altocumulus,0.3233,4.955,61.13,0.93,1015.85,0.5,5201.9
2026-07-21T21:00:00+00:00,RU,Russia,61.524,105.3188,Subarctic / Humid Continental,47.45,Altocumulus,0.3112,5.925,61.26,0.73,1011.64,0.5,7804.1
2026-07-21T22:00:00+00:00,RU,Russia,61.524,105.3188,Subarctic / Humid Continental,34.76,Altocumulus,0.3568,3.699,67.33,-3.57,1017.34,0.5,4673.0
2026-07-21T23:00:00+00:00,RU,Russia,61.524,105.3188,Subarctic / Humid Continental,39.25,Cumulus,0.3048,1.81,72.09,-2.29,1014.02,0.5,4346.4
2026-07-22T00:00:00+00:00,RU,Russia,61.524,105.3188,Subarctic / Humid Continental,36.93,Cirrus,0.3411,4.817,67.54,-3.44,1014.41,0.5,5976.6
2026-07-22T01:00:00+00:00,RU,Russia,61.524,105.3188,Subarctic / Humid Continental,34.99,Cirrus,0.3508,2.13,66.94,-3.75,1015.1,0.5,6666.8
2026-07-22T02:00:00+00:00,RU,Russia,61.524,105.3188,Subarctic / Humid Continental,31.7,Cumulus,0.2986,1.877,66.69,-2.86,1016.28,0.5,7444.9
2026-07-22T03:00:00+00:00,RU,Russia,61.524,105.3188,Subarctic / Humid Continental,30.59,Altocumulus,0.3187,2.21,66.29,-0.3,1018.42,0.5,4905.8
2026-07-22T04:00:00+00:00,RU,Russia,61.524,105.3188,Subarctic / Humid Continental,30.95,Cumulus,0.1761,3.298,66.29,-0.28,1014.51,0.5,6968.6
2026-07-22T05:00:00+00:00,RU,Russia,61.524,105.3188,Subarctic / Humid Continental,28.65,Altocumulus,0.2404,5.394,58.69,2.0,1017.5,0.5,4533.5
2026-07-22T06:00:00+00:00,RU,Russia,61.524,105.3188,Subarctic / Humid Continental,35.7,Altocumulus,0.1721,4.685,59.76,0.06,1014.29,0.5,7848.1
2026-07-22T07:00:00+00:00,RU,Russia,61.524,105.3188,Subarctic / Humid Continental,39.12,Altocumulus,0.23,1.896,59.82,3.35,1017.21,0.5,5222.2
2026-07-22T08:00:00+00:00,RU,Russia,61.524,105.3188,Subarctic / Humid Continental,32.47,Cumulus,0.2687,5.49,54.72,5.07,1013.39,0.5,5102.4
2026-07-22T09:00:00+00:00,RU,Russia,61.524,105.3188,Subarctic / Humid Continental,34.45,Cirrus,0.3722,3.157,52.47,6.85,1015.37,0.5,4682.7
2026-07-22T10:00:00+00:00,RU,Russia,61.524,105.3188,Subarctic / Humid Continental,31.91,Cirrus,0.2148,5.169,56.18,4.9,1015.21,0.5,3805.5
2026-07-22T11:00:00+00:00,RU,Russia,61.524,105.3188,Subarctic / Humid Continental,31.53,Altocumulus,0.2508,5.341,51.45,8.07,1017.69,0.5,8912.6
2026-07-22T12:00:00+00:00,RU,Russia,61.524,105.3188,Subarctic / Humid Continental,24.38,Cumulus,0.3774,5.777,55.4,7.61,1017.65,0.5,7353.3
2026-07-22T13:00:00+00:00,RU,Russia,61.524,105.3188,Subarctic / Humid Continental,41.3,Cirrus,0.2607,3.037,51.32,7.47,1015.02,0.5,8131.8
2026-07-22T14:00:00+00:00,RU,Russia,61.524,105.3188,Subarctic / Humid Continental,20.14,Altocumulus,0.3622,3.897,61.06,7.32,1017.36,0.5,5008.4
2026-07-22T15:00:00+00:00,RU,Russia,61.524,105.3188,Subarctic / Humid Continental,44.01,Altocumulus,0.3702,3.39,57.62,7.38,1013.59,0.5,6122.5
2026-07-22T16:00:00+00:00,RU,Russia,61.524,105.3188,Subarctic / Humid Continental,26.96,Altocumulus,0.2987,1.223,54.09,3.02,1015.44,0.5,4361.0
2026-07-22T17:00:00+00:00,RU,Russia,61.524,105.3188,Subarctic / Humid Continental,40.99,Cumulus,0.156,1.539,56.13,4.15,1015.29,0.5,8504.1
2026-07-22T18:00:00+00:00,RU,Russia,61.524,105.3188,Subarctic / Humid Continental,30.27,Cumulus,0.3249,5.176,56.23,2.49,1017.24,0.5,7363.3
2026-07-22T19:00:00+00:00,RU,Russia,61.524,105.3188,Subarctic / Humid Continental,36.71,Altocumulus,0.2249,3.991,61.38,0.7,1017.19,0.5,6935.7
2026-07-22T20:00:00+00:00,RU,Russia,61.524,105.3188,Subarctic / Humid Continental,37.8,Cirrus,0.2097,1.237,63.34,-0.71,1015.67,0.5,5876.8
2026-07-22T21:00:00+00:00,RU,Russia,61.524,105.3188,Subarctic / Humid Continental,31.03,Cumulus,0.3787,2.314,71.8,-1.21,1017.69,0.5,7555.6
2026-07-22T22:00:00+00:00,RU,Russia,61.524,105.3188,Subarctic / Humid Continental,38.58,Cumulus,0.1978,2.91,64.9,-1.29,1014.5,0.5,7754.7
2026-07-22T23:00:00+00:00,RU,Russia,61.524,105.3188,Subarctic / Humid Continental,38.13,Cumulus,0.2579,3.036,66.59,-2.21,1013.88,0.5,7836.3
2026-07-23T00:00:00+00:00,RU,Russia,61.524,105.3188,Subarctic / Humid Continental,41.11,Cumulus,0.3146,4.51,68.21,-2.28,1013.96,0.5,6218.4
2026-07-23T01:00:00+00:00,RU,Russia,61.524,105.3188,Subarctic / Humid Continental,41.71,Cumulus,0.2626,5.129,67.23,-1.92,1015.31,0.5,8930.3
2026-07-23T02:00:00+00:00,RU,Russia,61.524,105.3188,Subarctic / Humid Continental,43.37,Cumulus,0.2352,1.216,66.17,-2.02,1013.32,0.5,6196.1
2026-07-23T03:00:00+00:00,RU,Russia,61.524,105.3188,Subarctic / Humid Continental,48.35,Altocumulus,0.2671,5.955,66.66,-2.17,1014.15,0.5,6945.7
2026-07-23T04:00:00+00:00,RU,Russia,61.524,105.3188,Subarctic / Humid Continental,43.75,Cirrus,0.2756,4.593,61.39,1.31,1012.62,0.5,5177.3
2026-07-23T05:00:00+00:00,RU,Russia,61.524,105.3188,Subarctic / Humid Continental,51.87,Cumulus,0.4958,10.966,61.98,1.5,1012.59,0.5,1463.9
2026-07-23T06:00:00+00:00,RU,Russia,61.524,105.3188,Subarctic / Humid Continental,43.57,Cirrus,0.1784,5.05,63.31,1.71,1014.67,0.5,4914.9
2026-07-23T07:00:00+00:00,RU,Russia,61.524,105.3188,Subarctic / Humid Continental,48.45,Altocumulus,0.3543,3.662,57.05,3.95,1015.3,0.5,4706.0
2026-07-23T08:00:00+00:00,RU,Russia,61.524,105.3188,Subarctic / Humid Continental,49.12,Cirrus,0.3426,3.903,54.89,5.69,1013.16,0.5,4983.3
2026-07-23T09:00:00+00:00,RU,Russia,61.524,105.3188,Subarctic / Humid Continental,51.5,Stratocumulus,0.6216,5.505,53.76,5.98,1010.89,0.5,1244.8
2026-07-23T10:00:00+00:00,RU,Russia,61.524,105.3188,Subarctic / Humid Continental,45.54,Altocumulus,0.3412,2.267,57.06,6.73,1015.8,0.5,8829.3
2026-07-23T11:00:00+00:00,RU,Russia,61.524,105.3188,Subarctic / Humid Continental,44.19,Cumulus,0.2819,2.373,55.66,7.76,1012.11,0.5,4553.7
2026-07-23T12:00:00+00:00,RU,Russia,61.524,105.3188,Subarctic / Humid Continental,45.13,Cumulus,0.1596,3.471,54.02,7.28,1016.77,0.5,7845.0
2026-07-23T13:00:00+00:00,RU,Russia,61.524,105.3188,Subarctic / Humid Continental,50.03,Cumulus,0.4545,8.932,54.46,7.2,1014.3,0.5,1176.2
2026-07-23T14:00:00+00:00,RU,Russia,61.524,105.3188,Subarctic / Humid Continental,50.23,Cumulus,0.6355,16.419,57.45,5.2,1012.18,0.5,2911.7
2026-07-23T15:00:00+00:00,RU,Russia,61.524,105.3188,Subarctic / Humid Continental,52.84,Altocumulus,0.6288,16.956,52.91,6.07,1014.27,0.5,1575.4
2026-07-23T16:00:00+00:00,RU,Russia,61.524,105.3188,Subarctic / Humid Continental,57.56,Altocumulus,0.5886,5.244,58.2,2.87,1014.08,0.5,2669.9
2026-07-23T17:00:00+00:00,RU,Russia,61.524,105.3188,Subarctic / Humid Continental,47.04,Cirrus,0.3144,2.435,62.69,3.03,1014.45,0.5,5208.5
2026-07-23T18:00:00+00:00,RU,Russia,61.524,105.3188,Subarctic / Humid Continental,52.7,Cumulus,0.5156,10.602,54.45,3.62,1014.23,0.5,1814.4
2026-07-23T19:00:00+00:00,RU,Russia,61.524,105.3188,Subarctic / Humid Continental,47.26,Cirrus,0.175,1.717,57.9,1.04,1016.13,0.5,3891.6
2026-07-23T20:00:00+00:00,RU,Russia,61.524,105.3188,Subarctic / Humid Continental,47.94,Cumulus,0.258,1.533,59.42,-1.09,1014.55,0.5,5048.0
2026-07-23T21:00:00+00:00,RU,Russia,61.524,105.3188,Subarctic / Humid Continental,43.91,Cumulus,0.1747,5.69,66.3,-2.15,1013.32,0.5,7742.5
2026-07-23T22:00:00+00:00,RU,Russia,61.524,105.3188,Subarctic / Humid Continental,49.18,Cumulus,0.1629,4.821,64.73,-1.02,1012.4,0.5,5211.5
2026-07-23T23:00:00+00:00,RU,Russia,61.524,105.3188,Subarctic / Humid Continental,50.34,Cumulus,0.5972,14.166,66.05,-1.02,1013.45,0.5,2940.2
2026-07-24T00:00:00+00:00,RU,Russia,61.524,105.3188,Subarctic / Humid Continental,41.25,Cirrus,0.2186,4.932,71.9,-3.3,1016.03,0.5,4971.6
2026-07-24T01:00:00+00:00,RU,Russia,61.524,105.3188,Subarctic / Humid Continental,48.74,Cirrus,0.1682,5.39,68.81,-2.01,1010.63,0.5,3517.9
2026-07-24T02:00:00+00:00,RU,Russia,61.524,105.3188,Subarctic / Humid Continental,46.21,Cirrus,0.3295,2.63,66.16,-1.46,1012.53,0.5,7127.1
2026-07-24T03:00:00+00:00,RU,Russia,61.524,105.3188,Subarctic / Humid Continental,47.38,Altocumulus,0.3688,5.746,67.53,-2.14,1013.44,0.5,4124.7
2026-07-24T04:00:00+00:00,RU,Russia,61.524,105.3188,Subarctic / Humid Continental,45.73,Cirrus,0.2438,5.112,65.62,0.36,1015.23,0.5,6648.1
2026-07-24T05:00:00+00:00,RU,Russia,61.524,105.3188,Subarctic / Humid Continental,35.85,Cumulus,0.2325,5.089,64.04,-0.42,1015.71,0.5,3894.0
2026-07-24T06:00:00+00:00,RU,Russia,61.524,105.3188,Subarctic / Humid Continental,50.6,Altocumulus,0.3995,7.621,65.52,3.2,1011.3,0.5,1862.1
2026-07-24T07:00:00+00:00,RU,Russia,61.524,105.3188,Subarctic / Humid Continental,39.31,Cirrus,0.3139,3.593,59.71,3.96,1015.54,0.5,5166.6
2026-07-24T08:00:00+00:00,RU,Russia,61.524,105.3188,Subarctic / Humid Continental,37.22,Cumulus,0.1728,4.998,57.12,4.91,1013.39,0.5,8161.8
2026-07-24T09:00:00+00:00,RU,Russia,61.524,105.3188,Subarctic / Humid Continental,40.5,Cumulus,0.2389,3.995,61.21,5.38,1015.5,0.5,6792.3
2026-07-24T10:00:00+00:00,RU,Russia,61.524,105.3188,Subarctic / Humid Continental,40.01,Cumulus,0.156,4.221,50.0,7.01,1017.6,0.5,6936.0
2026-07-24T11:00:00+00:00,RU,Russia,61.524,105.3188,Subarctic / Humid Continental,35.76,Cirrus,0.2788,1.849,53.42,6.52,1014.59,0.5,4572.1
2026-07-24T12:00:00+00:00,RU,Russia,61.524,105.3188,Subarctic / Humid Continental,35.88,Cumulus,0.2072,2.441,50.66,7.03,1016.01,0.5,7037.2
2026-07-24T13:00:00+00:00,RU,Russia,61.524,105.3188,Subarctic / Humid Continental,33.73,Cumulus,0.3096,1.869,53.13,6.52,1015.29,0.5,7007.5
2026-07-24T14:00:00+00:00,RU,Russia,61.524,105.3188,Subarctic / Humid Continental,37.43,Altocumulus,0.3794,5.572,49.86,6.56,1012.49,0.5,4338.3
2026-07-24T15:00:00+00:00,RU,Russia,61.524,105.3188,Subarctic / Humid Continental,23.61,Altocumulus,0.3452,1.175,51.53,5.68,1017.65,0.5,5619.1
2026-07-24T16:00:00+00:00,RU,Russia,61.524,105.3188,Subarctic / Humid Continental,20.64,Altocumulus,0.367,2.408,56.53,5.24,1018.24,0.5,4355.3
2026-07-24T17:00:00+00:00,RU,Russia,61.524,105.3188,Subarctic / Humid Continental,29.37,Altocumulus,0.3635,3.282,60.31,4.92,1017.05,0.5,6008.2
2026-07-24T18:00:00+00:00,RU,Russia,61.524,105.3188,Subarctic / Humid Continental,28.49,Cumulus,0.2334,4.489,62.34,3.13,1015.5,0.5,6047.6
2026-07-24T19:00:00+00:00,RU,Russia,61.524,105.3188,Subarctic / Humid Continental,34.16,Cirrus,0.2019,2.553,64.53,2.95,1019.04,0.5,7141.6
2026-07-24T20:00:00+00:00,RU,Russia,61.524,105.3188,Subarctic / Humid Continental,26.19,Cirrus,0.1937,2.756,60.27,-1.11,1016.12,0.5,5995.8
2026-07-24T21:00:00+00:00,RU,Russia,61.524,105.3188,Subarctic / Humid Continental,37.16,Cumulus,0.2158,2.108,71.32,0.5,1016.37,0.5,7815.0
2026-07-24T22:00:00+00:00,RU,Russia,61.524,105.3188,Subarctic / Humid Continental,29.19,Cirrus,0.2603,5.96,65.06,-0.94,1016.66,0.5,4491.8
2026-07-24T23:00:00+00:00,RU,Russia,61.524,105.3188,Subarctic / Humid Continental,16.74,Altocumulus,0.2004,3.272,62.75,-4.23,1018.28,0.5,4413.1
2026-07-25T00:00:00+00:00,RU,Russia,61.524,105.3188,Subarctic / Humid Continental,20.33,Cumulus,0.2614,4.723,70.3,-4.1,1018.06,0.5,5580.5
2026-07-25T01:00:00+00:00,RU,Russia,61.524,105.3188,Subarctic / Humid Continental,26.14,Cirrus,0.1726,1.976,63.84,-1.84,1018.85,0.5,3541.4
2026-07-25T02:00:00+00:00,RU,Russia,61.524,105.3188,Subarctic / Humid Continental,17.85,Altocumulus,0.3537,3.7,71.05,-1.61,1019.61,0.5,8876.1
2026-07-25T03:00:00+00:00,RU,Russia,61.524,105.3188,Subarctic / Humid Continental,29.69,Cirrus,0.1852,1.17,65.48,-1.34,1016.26,0.5,6681.1
2026-07-25T04:00:00+00:00,RU,Russia,61.524,105.3188,Subarctic / Humid Continental,20.08,Cirrus,0.239,2.904,63.6,-1.52,1017.95,0.5,3854.0
2026-07-25T05:00:00+00:00,RU,Russia,61.524,105.3188,Subarctic / Humid Continental,21.3,Cumulus,0.2042,1.148,63.08,0.89,1019.41,0.5,8184.4
2026-07-25T06:00:00+00:00,RU,Russia,61.524,105.3188,Subarctic / Humid Continental,25.08,Cirrus,0.3656,5.507,57.19,2.28,1017.55,0.5,6601.6
2026-07-25T07:00:00+00:00,RU,Russia,61.524,105.3188,Subarctic / Humid Continental,14.4,Clear,0.117,0.198,59.87,3.14,1019.16,0.5,0
2026-07-25T08:00:00+00:00,RU,Russia,61.524,105.3188,Subarctic / Humid Continental,14.6,Clear,0.063,0.152,50.8,4.82,1019.86,0.5,0
2026-07-25T09:00:00+00:00,RU,Russia,61.524,105.3188,Subarctic / Humid Continental,28.58,Altocumulus,0.2064,2.988,56.95,7.52,1016.21,0.5,8803.5
2026-07-25T10:00:00+00:00,RU,Russia,61.524,105.3188,Subarctic / Humid Continental,23.51,Cumulus,0.3309,4.791,51.55,5.12,1016.36,0.5,8568.3
2026-07-25T11:00:00+00:00,RU,Russia,61.524,105.3188,Subarctic / Humid Continental,21.93,Cirrus,0.3698,2.138,51.53,8.42,1016.55,0.5,6610.9
2026-07-25T12:00:00+00:00,RU,Russia,61.524,105.3188,Subarctic / Humid Continental,9.06,Clear,0.1112,0.5,49.14,8.2,1021.62,0.5,0
2026-07-25T13:00:00+00:00,RU,Russia,61.524,105.3188,Subarctic / Humid Continental,22.63,Altocumulus,0.2825,2.785,55.77,7.29,1018.24,0.5,7255.4
2026-07-25T14:00:00+00:00,RU,Russia,61.524,105.3188,Subarctic / Humid Continental,17.09,Cirrus,0.2887,5.943,52.45,6.43,1017.18,0.5,5920.1
2026-07-25T15:00:00+00:00,RU,Russia,61.524,105.3188,Subarctic / Humid Continental,24.69,Cirrus,0.2502,5.324,54.51,7.08,1017.23,0.5,8088.5
2026-07-25T16:00:00+00:00,RU,Russia,61.524,105.3188,Subarctic / Humid Continental,37.08,Cirrus,0.28,1.375,55.73,2.39,1014.15,0.5,5751.1
2026-07-25T17:00:00+00:00,RU,Russia,61.524,105.3188,Subarctic / Humid Continental,22.44,Cirrus,0.2951,5.038,60.87,3.73,1017.75,0.5,6292.8
2026-07-25T18:00:00+00:00,RU,Russia,61.524,105.3188,Subarctic / Humid Continental,31.19,Cumulus,0.178,2.831,65.73,3.07,1017.77,0.5,7048.5
2026-07-25T19:00:00+00:00,RU,Russia,61.524,105.3188,Subarctic / Humid Continental,23.36,Cumulus,0.2903,1.699,58.64,1.0,1018.04,0.5,5707.5
2026-07-25T20:00:00+00:00,RU,Russia,61.524,105.3188,Subarctic / Humid Continental,28.85,Cumulus,0.2488,4.692,60.73,0.82,1016.1,0.5,8675.1
2026-07-25T21:00:00+00:00,RU,Russia,61.524,105.3188,Subarctic / Humid Continental,32.06,Cirrus,0.2223,5.91,67.18,-0.28,1016.72,0.5,4361.2
2026-07-25T22:00:00+00:00,RU,Russia,61.524,105.3188,Subarctic / Humid Continental,25.47,Altocumulus,0.285,3.232,65.25,-0.64,1015.8,0.5,4564.6
2026-07-25T23:00:00+00:00,RU,Russia,61.524,105.3188,Subarctic / Humid Continental,25.31,Altocumulus,0.3453,3.384,68.42,-3.07,1016.61,0.5,5938.2
2026-07-26T00:00:00+00:00,RU,Russia,61.524,105.3188,Subarctic / Humid Continental,36.47,Altocumulus,0.1731,2.753,70.54,-3.02,1016.53,0.5,6876.5
2026-07-26T01:00:00+00:00,RU,Russia,61.524,105.3188,Subarctic / Humid Continental,40.23,Altocumulus,0.1519,3.75,67.2,-3.47,1012.76,0.5,6403.9
2026-07-26T02:00:00+00:00,RU,Russia,61.524,105.3188,Subarctic / Humid Continental,41.35,Altocumulus,0.2301,2.224,68.2,-0.05,1016.66,0.5,3982.1
2026-07-26T03:00:00+00:00,RU,Russia,61.524,105.3188,Subarctic / Humid Continental,30.36,Altocumulus,0.2813,5.931,63.98,-2.28,1016.88,0.5,4307.4
2026-07-26T04:00:00+00:00,RU,Russia,61.524,105.3188,Subarctic / Humid Continental,34.49,Altocumulus,0.2956,5.829,60.7,0.19,1015.72,0.5,4240.6
2026-07-26T05:00:00+00:00,RU,Russia,61.524,105.3188,Subarctic / Humid Continental,39.08,Cumulus,0.372,2.564,59.36,0.19,1013.62,0.5,6263.9
2026-07-26T06:00:00+00:00,RU,Russia,61.524,105.3188,Subarctic / Humid Continental,44.71,Altocumulus,0.3322,2.249,60.71,2.64,1013.84,0.5,5998.2
2026-07-26T07:00:00+00:00,RU,Russia,61.524,105.3188,Subarctic / Humid Continental,37.22,Altocumulus,0.3104,2.261,56.26,2.23,1017.03,0.5,6577.5
2026-07-26T08:00:00+00:00,RU,Russia,61.524,105.3188,Subarctic / Humid Continental,46.09,Altocumulus,0.1809,4.899,58.95,4.3,1014.65,0.5,8092.3
2026-07-26T09:00:00+00:00,RU,Russia,61.524,105.3188,Subarctic / Humid Continental,44.07,Cumulus,0.3077,1.737,50.99,7.89,1015.0,0.5,8732.0
2026-07-26T10:00:00+00:00,RU,Russia,61.524,105.3188,Subarctic / Humid Continental,40.53,Altocumulus,0.3111,3.212,46.15,6.33,1017.15,0.5,8045.4
2026-07-26T11:00:00+00:00,RU,Russia,61.524,105.3188,Subarctic / Humid Continental,50.69,Cumulus,0.4143,14.999,48.97,8.79,1010.48,0.5,2009.2
2026-07-26T12:00:00+00:00,RU,Russia,61.524,105.3188,Subarctic / Humid Continental,53.76,Cumulus,0.565,14.516,58.66,7.17,1011.65,0.5,1760.4
2026-07-26T13:00:00+00:00,RU,Russia,61.524,105.3188,Subarctic / Humid Continental,53.05,Stratocumulus,0.3521,6.577,47.3,9.1,1012.53,0.5,1809.7
2026-07-26T14:00:00+00:00,RU,Russia,61.524,105.3188,Subarctic / Humid Continental,52.51,Stratocumulus,0.5268,10.533,55.16,7.17,1012.48,0.5,2928.3
2026-07-26T15:00:00+00:00,RU,Russia,61.524,105.3188,Subarctic / Humid Continental,58.58,Altocumulus,0.5285,7.402,53.88,4.75,1011.24,0.5,1833.9
2026-07-26T16:00:00+00:00,RU,Russia,61.524,105.3188,Subarctic / Humid Continental,61.05,Stratocumulus,0.3679,11.601,58.5,5.5,1013.97,0.5,1266.4
2026-07-26T17:00:00+00:00,RU,Russia,61.524,105.3188,Subarctic / Humid Continental,55.41,Stratocumulus,0.3746,8.538,53.65,3.61,1011.15,0.5,1323.7
2026-07-26T18:00:00+00:00,RU,Russia,61.524,105.3188,Subarctic / Humid Continental,64.19,Cumulus,0.3629,10.884,63.25,4.02,1010.43,0.5,2489.4
2026-07-26T19:00:00+00:00,RU,Russia,61.524,105.3188,Subarctic / Humid Continental,58.08,Cumulus,0.4565,17.399,61.47,0.06,1012.35,0.5,1647.6
2026-07-26T20:00:00+00:00,RU,Russia,61.524,105.3188,Subarctic / Humid Continental,49.31,Cirrus,0.3263,3.7,68.2,-1.53,1012.03,0.5,5643.3
2026-07-26T21:00:00+00:00,RU,Russia,61.524,105.3188,Subarctic / Humid Continental,58.63,Cumulus,0.4911,13.226,64.84,-2.53,1013.2,0.5,1695.2
2026-07-26T22:00:00+00:00,RU,Russia,61.524,105.3188,Subarctic / Humid Continental,65.93,Cumulus,0.4671,8.069,63.8,-2.99,1012.51,0.5,2621.4
2026-07-26T23:00:00+00:00,RU,Russia,61.524,105.3188,Subarctic / Humid Continental,61.2,Altocumulus,0.4555,7.908,69.32,-2.65,1013.04,0.5,1210.5
2026-07-27T00:00:00+00:00,RU,Russia,61.524,105.3188,Subarctic / Humid Continental,57.08,Altocumulus,0.6267,8.098,73.49,-3.09,1013.01,0.5,2580.2
2026-07-27T01:00:00+00:00,RU,Russia,61.524,105.3188,Subarctic / Humid Continental,56.93,Altocumulus,0.4998,8.9,62.29,-4.59,1012.06,0.5,2667.3
2026-07-27T02:00:00+00:00,RU,Russia,61.524,105.3188,Subarctic / Humid Continental,74.21,Cumulus,0.585,17.525,69.23,-2.52,1007.55,0.5,1315.0
2026-07-27T03:00:00+00:00,RU,Russia,61.524,105.3188,Subarctic / Humid Continental,71.38,Stratocumulus,0.6451,15.776,64.67,-2.05,1009.26,0.5,1504.7
2026-07-27T04:00:00+00:00,RU,Russia,61.524,105.3188,Subarctic / Humid Continental,53.56,Altocumulus,0.4211,15.083,63.93,0.13,1013.44,0.5,2826.1
2026-07-27T05:00:00+00:00,RU,Russia,61.524,105.3188,Subarctic / Humid Continental,60.42,Altocumulus,0.3903,7.147,61.44,-1.47,1009.78,0.5,1484.0
2026-07-27T06:00:00+00:00,RU,Russia,61.524,105.3188,Subarctic / Humid Continental,59.73,Altocumulus,0.5847,14.893,65.08,1.22,1011.34,0.5,2985.9
2026-07-27T07:00:00+00:00,RU,Russia,61.524,105.3188,Subarctic / Humid Continental,52.49,Altocumulus,0.5752,17.312,60.69,5.13,1012.46,0.5,2959.8
2026-07-27T08:00:00+00:00,RU,Russia,61.524,105.3188,Subarctic / Humid Continental,54.89,Stratocumulus,0.4565,16.678,52.56,6.07,1011.12,0.5,2529.2
2026-07-27T09:00:00+00:00,RU,Russia,61.524,105.3188,Subarctic / Humid Continental,52.98,Cumulus,0.5169,5.586,52.38,5.23,1011.35,0.5,1365.1
2026-07-27T10:00:00+00:00,RU,Russia,61.524,105.3188,Subarctic / Humid Continental,58.31,Altocumulus,0.6096,9.339,59.3,7.06,1014.63,0.5,1495.9
2026-07-27T11:00:00+00:00,RU,Russia,61.524,105.3188,Subarctic / Humid Continental,55.9,Altocumulus,0.5333,10.75,52.22,6.87,1011.32,0.5,2592.1
2026-07-27T12:00:00+00:00,RU,Russia,61.524,105.3188,Subarctic / Humid Continental,58.99,Altocumulus,0.4755,11.674,49.85,9.75,1010.81,0.5,2122.4
2026-07-27T13:00:00+00:00,RU,Russia,61.524,105.3188,Subarctic / Humid Continental,52.64,Stratocumulus,0.624,13.027,46.89,8.04,1014.05,0.5,1808.8
2026-07-27T14:00:00+00:00,RU,Russia,61.524,105.3188,Subarctic / Humid Continental,57.25,Cumulus,0.3916,10.886,54.46,6.5,1012.22,0.5,2279.0
2026-07-27T15:00:00+00:00,RU,Russia,61.524,105.3188,Subarctic / Humid Continental,42.29,Cirrus,0.3229,5.959,57.67,6.47,1012.33,0.5,8093.2
2026-07-27T16:00:00+00:00,RU,Russia,61.524,105.3188,Subarctic / Humid Continental,50.45,Altocumulus,0.6001,11.674,54.05,7.26,1012.37,0.5,2744.3
2026-07-27T17:00:00+00:00,RU,Russia,61.524,105.3188,Subarctic / Humid Continental,51.69,Altocumulus,0.627,17.775,59.15,6.21,1014.33,0.5,1166.6
2026-07-27T18:00:00+00:00,RU,Russia,61.524,105.3188,Subarctic / Humid Continental,45.42,Cirrus,0.1531,1.968,65.86,3.51,1014.57,0.5,3755.5
2026-07-27T19:00:00+00:00,RU,Russia,61.524,105.3188,Subarctic / Humid Continental,45.32,Altocumulus,0.1669,4.395,62.63,3.48,1010.42,0.5,3580.5
2026-07-27T20:00:00+00:00,RU,Russia,61.524,105.3188,Subarctic / Humid Continental,52.12,Cumulus,0.5515,10.177,63.44,-0.37,1011.05,0.5,2789.0
2026-07-27T21:00:00+00:00,RU,Russia,61.524,105.3188,Subarctic / Humid Continental,39.39,Altocumulus,0.1899,5.599,61.46,-1.69,1015.02,0.5,6892.8
2026-07-27T22:00:00+00:00,RU,Russia,61.524,105.3188,Subarctic / Humid Continental,46.79,Cirrus,0.3183,3.771,62.29,-0.76,1015.73,0.5,8411.3
2026-07-27T23:00:00+00:00,RU,Russia,61.524,105.3188,Subarctic / Humid Continental,39.01,Cumulus,0.2371,2.791,63.48,-3.17,1013.51,0.5,6036.1
2026-07-28T00:00:00+00:00,RU,Russia,61.524,105.3188,Subarctic / Humid Continental,28.5,Altocumulus,0.2509,2.63,66.43,-2.97,1018.64,0.5,6861.3
2026-07-28T01:00:00+00:00,RU,Russia,61.524,105.3188,Subarctic / Humid Continental,44.98,Cirrus,0.3147,2.092,66.61,-3.38,1011.15,0.5,6461.4
2026-07-28T02:00:00+00:00,RU,Russia,61.524,105.3188,Subarctic / Humid Continental,42.63,Altocumulus,0.1757,3.24,68.1,-2.18,1014.39,0.5,7838.6
2026-07-28T03:00:00+00:00,RU,Russia,61.524,105.3188,Subarctic / Humid Continental,39.41,Altocumulus,0.2167,3.049,71.47,-3.39,1013.71,0.5,5193.0
2026-07-28T04:00:00+00:00,RU,Russia,61.524,105.3188,Subarctic / Humid Continental,37.24,Cirrus,0.3466,2.22,66.75,-0.67,1015.4,0.5,4159.4
2026-07-28T05:00:00+00:00,RU,Russia,61.524,105.3188,Subarctic / Humid Continental,44.42,Cirrus,0.2886,1.301,59.74,-0.45,1012.2,0.5,6194.3
2026-07-28T06:00:00+00:00,RU,Russia,61.524,105.3188,Subarctic / Humid Continental,38.45,Cumulus,0.2325,2.238,62.26,3.84,1015.23,0.5,5567.6
2026-07-28T07:00:00+00:00,RU,Russia,61.524,105.3188,Subarctic / Humid Continental,35.79,Cumulus,0.2833,2.813,62.66,1.41,1015.04,0.5,4762.1
2026-07-28T08:00:00+00:00,RU,Russia,61.524,105.3188,Subarctic / Humid Continental,35.05,Cumulus,0.3586,2.637,56.41,4.67,1014.69,0.5,7340.4
2026-07-28T09:00:00+00:00,RU,Russia,61.524,105.3188,Subarctic / Humid Continental,51.13,Stratocumulus,0.5457,6.146,56.88,6.3,1012.47,0.5,2351.2
2026-07-28T10:00:00+00:00,RU,Russia,61.524,105.3188,Subarctic / Humid Continental,29.89,Altocumulus,0.3673,3.148,56.46,8.08,1015.8,0.5,7063.2
2026-07-28T11:00:00+00:00,RU,Russia,61.524,105.3188,Subarctic / Humid Continental,36.03,Cumulus,0.2173,3.568,52.76,7.42,1015.76,0.5,5014.2
2026-07-28T12:00:00+00:00,RU,Russia,61.524,105.3188,Subarctic / Humid Continental,38.64,Cumulus,0.2664,4.57,47.55,6.94,1014.32,0.5,5567.9
2026-07-28T13:00:00+00:00,RU,Russia,61.524,105.3188,Subarctic / Humid Continental,39.86,Cirrus,0.3311,5.39,56.61,6.51,1012.64,0.5,5651.5
2026-07-28T14:00:00+00:00,RU,Russia,61.524,105.3188,Subarctic / Humid Continental,31.68,Cumulus,0.3465,5.844,51.26,7.99,1014.52,0.5,6232.3
2026-07-28T15:00:00+00:00,RU,Russia,61.524,105.3188,Subarctic / Humid Continental,42.48,Altocumulus,0.3744,4.76,56.78,3.76,1013.31,0.5,3603.0
2026-07-28T16:00:00+00:00,RU,Russia,61.524,105.3188,Subarctic / Humid Continental,38.77,Cirrus,0.2765,1.923,55.78,5.15,1014.16,0.5,8424.8
2026-07-28T17:00:00+00:00,RU,Russia,61.524,105.3188,Subarctic / Humid Continental,43.02,Altocumulus,0.15,3.618,58.93,4.58,1014.23,0.5,4659.6
2026-07-28T18:00:00+00:00,RU,Russia,61.524,105.3188,Subarctic / Humid Continental,35.42,Altocumulus,0.1712,4.039,55.33,2.5,1014.91,0.5,8976.6
2026-07-28T19:00:00+00:00,RU,Russia,61.524,105.3188,Subarctic / Humid Continental,38.53,Cirrus,0.3341,5.716,62.13,1.97,1017.47,0.5,6036.1
2026-07-28T20:00:00+00:00,RU,Russia,61.524,105.3188,Subarctic / Humid Continental,36.98,Altocumulus,0.3404,1.412,60.75,-0.37,1014.95,0.5,8843.5
2026-07-28T21:00:00+00:00,RU,Russia,61.524,105.3188,Subarctic / Humid Continental,43.8,Altocumulus,0.3455,4.899,66.3,-0.32,1013.74,0.5,7900.1
2026-07-28T22:00:00+00:00,RU,Russia,61.524,105.3188,Subarctic / Humid Continental,51.33,Altocumulus,0.3839,9.787,67.74,-2.41,1013.43,0.5,1522.0
2026-07-28T23:00:00+00:00,RU,Russia,61.524,105.3188,Subarctic / Humid Continental,45.03,Cirrus,0.1746,2.005,67.06,-2.18,1015.11,0.5,4537.1
2026-07-29T00:00:00+00:00,RU,Russia,61.524,105.3188,Subarctic / Humid Continental,41.61,Cirrus,0.3479,5.359,65.77,0.47,1013.91,0.5,7642.9
2026-07-29T01:00:00+00:00,RU,Russia,61.524,105.3188,Subarctic / Humid Continental,41.33,Cirrus,0.2005,3.998,66.03,-2.61,1013.8,0.5,4091.5
2026-07-29T02:00:00+00:00,RU,Russia,61.524,105.3188,Subarctic / Humid Continental,44.43,Cirrus,0.2613,5.278,67.84,-3.57,1011.16,0.5,3843.3
2026-07-29T03:00:00+00:00,RU,Russia,61.524,105.3188,Subarctic / Humid Continental,46.99,Cirrus,0.2673,3.021,61.85,-0.84,1015.22,0.5,3937.0
2026-07-29T04:00:00+00:00,RU,Russia,61.524,105.3188,Subarctic / Humid Continental,51.52,Stratocumulus,0.5221,14.03,64.49,0.67,1011.53,0.5,2975.6
2026-07-29T05:00:00+00:00,RU,Russia,61.524,105.3188,Subarctic / Humid Continental,54.77,Stratocumulus,0.5509,13.765,61.63,3.03,1011.6,0.5,2731.7
2026-07-29T06:00:00+00:00,RU,Russia,61.524,105.3188,Subarctic / Humid Continental,43.88,Altocumulus,0.3652,3.333,65.37,3.03,1015.27,0.5,5260.5
2026-07-29T07:00:00+00:00,RU,Russia,61.524,105.3188,Subarctic / Humid Continental,50.15,Cumulus,0.6497,16.419,58.48,3.05,1013.31,0.5,2470.9
2026-07-29T08:00:00+00:00,RU,Russia,61.524,105.3188,Subarctic / Humid Continental,60.25,Cumulus,0.5949,17.78,57.07,2.68,1012.18,0.5,1723.6
2026-07-29T09:00:00+00:00,RU,Russia,61.524,105.3188,Subarctic / Humid Continental,62.69,Cumulus,0.564,13.206,54.33,5.14,1010.64,0.5,1821.2
2026-07-29T10:00:00+00:00,RU,Russia,61.524,105.3188,Subarctic / Humid Continental,55.84,Stratocumulus,0.423,15.837,50.82,7.4,1014.6,0.5,2615.0
2026-07-29T11:00:00+00:00,RU,Russia,61.524,105.3188,Subarctic / Humid Continental,60.41,Stratocumulus,0.4914,14.045,52.26,7.49,1012.82,0.5,2948.6
2026-07-29T12:00:00+00:00,RU,Russia,61.524,105.3188,Subarctic / Humid Continental,49.5,Cumulus,0.1969,5.849,57.89,6.25,1013.63,0.5,8767.4
2026-07-29T13:00:00+00:00,RU,Russia,61.524,105.3188,Subarctic / Humid Continental,62.99,Altocumulus,0.4034,10.898,51.76,5.49,1008.4,0.5,1564.7
2026-07-29T14:00:00+00:00,RU,Russia,61.524,105.3188,Subarctic / Humid Continental,63.99,Cumulus,0.6494,10.985,49.2,4.51,1012.31,0.5,1312.3
2026-07-29T15:00:00+00:00,RU,Russia,61.524,105.3188,Subarctic / Humid Continental,59.88,Cumulus,0.5988,10.28,55.43,6.2,1011.14,0.5,1713.9
2026-07-29T16:00:00+00:00,RU,Russia,61.524,105.3188,Subarctic / Humid Continental,62.41,Stratocumulus,0.5262,13.549,59.7,5.76,1009.58,0.5,2954.5
2026-07-29T17:00:00+00:00,RU,Russia,61.524,105.3188,Subarctic / Humid Continental,61.89,Altocumulus,0.6263,11.848,61.59,3.93,1010.61,0.5,2036.9
2026-07-29T18:00:00+00:00,RU,Russia,61.524,105.3188,Subarctic / Humid Continental,69.51,Stratocumulus,0.6068,16.734,59.29,3.37,1009.29,0.5,2847.4
2026-07-29T19:00:00+00:00,RU,Russia,61.524,105.3188,Subarctic / Humid Continental,61.95,Cumulus,0.4501,11.351,61.22,0.04,1012.48,0.5,1760.5
2026-07-29T20:00:00+00:00,RU,Russia,61.524,105.3188,Subarctic / Humid Continental,66.59,Altocumulus,0.3625,13.359,60.76,1.95,1009.06,0.5,1570.4
2026-07-29T21:00:00+00:00,RU,Russia,61.524,105.3188,Subarctic / Humid Continental,71.17,Cumulus,0.6156,16.426,62.91,0.01,1008.94,0.5,1302.0
2026-07-29T22:00:00+00:00,RU,Russia,61.524,105.3188,Subarctic / Humid Continental,73.16,Stratocumulus,0.622,14.902,67.57,-1.43,1009.48,0.5,1996.6
2026-07-29T23:00:00+00:00,RU,Russia,61.524,105.3188,Subarctic / Humid Continental,77.74,Cumulus,0.5955,5.968,66.87,-1.97,1008.94,0.5,2647.4
2026-07-30T00:00:00+00:00,RU,Russia,61.524,105.3188,Subarctic / Humid Continental,54.46,Stratocumulus,0.5566,15.892,65.72,-3.24,1013.25,0.5,2217.7
2026-07-30T01:00:00+00:00,RU,Russia,61.524,105.3188,Subarctic / Humid Continental,64.0,Altocumulus,0.517,15.994,68.18,-2.72,1012.47,0.5,2923.3
2026-07-30T02:00:00+00:00,RU,Russia,61.524,105.3188,Subarctic / Humid Continental,66.76,Stratocumulus,0.5743,10.069,67.09,-0.74,1009.67,0.5,2050.7
2026-07-30T03:00:00+00:00,RU,Russia,61.524,105.3188,Subarctic / Humid Continental,74.42,Stratocumulus,0.3996,10.348,62.0,-1.38,1008.22,0.5,1609.8
2026-07-30T04:00:00+00:00,RU,Russia,61.524,105.3188,Subarctic / Humid Continental,67.03,Altocumulus,0.5139,16.927,66.43,-1.26,1011.29,0.5,1837.8
2026-07-30T05:00:00+00:00,RU,Russia,61.524,105.3188,Subarctic / Humid Continental,69.1,Altocumulus,0.5006,8.296,63.27,0.35,1010.72,0.5,2723.6
2026-07-30T06:00:00+00:00,RU,Russia,61.524,105.3188,Subarctic / Humid Continental,73.07,Cumulus,0.5108,5.343,61.35,2.52,1007.68,0.5,2044.8
2026-07-30T07:00:00+00:00,RU,Russia,61.524,105.3188,Subarctic / Humid Continental,62.53,Altocumulus,0.3921,14.87,58.41,2.69,1010.91,0.5,2704.1
2026-07-30T08:00:00+00:00,RU,Russia,61.524,105.3188,Subarctic / Humid Continental,58.17,Cumulus,0.4434,16.034,51.24,5.13,1011.18,0.5,1429.6
2026-07-30T09:00:00+00:00,RU,Russia,61.524,105.3188,Subarctic / Humid Continental,68.86,Altocumulus,0.4934,14.976,51.27,4.64,1010.4,0.5,1588.4
2026-07-30T10:00:00+00:00,RU,Russia,61.524,105.3188,Subarctic / Humid Continental,67.48,Altocumulus,0.3965,5.507,54.42,7.17,1009.01,0.5,1447.2
2026-07-30T11:00:00+00:00,RU,Russia,61.524,105.3188,Subarctic / Humid Continental,65.43,Cumulus,0.4503,17.238,47.34,6.3,1012.92,0.5,1866.9
2026-07-30T12:00:00+00:00,RU,Russia,61.524,105.3188,Subarctic / Humid Continental,59.18,Altocumulus,0.5317,14.701,53.39,5.67,1009.64,0.5,1949.3
2026-07-30T13:00:00+00:00,RU,Russia,61.524,105.3188,Subarctic / Humid Continental,66.23,Cumulus,0.5919,6.417,54.58,7.92,1012.01,0.5,1779.3
2026-07-30T14:00:00+00:00,RU,Russia,61.524,105.3188,Subarctic / Humid Continental,56.34,Cumulus,0.5679,10.987,54.96,6.44,1015.36,0.5,2224.7
2026-07-30T15:00:00+00:00,RU,Russia,61.524,105.3188,Subarctic / Humid Continental,71.25,Cumulus,0.3872,8.185,56.9,6.25,1012.81,0.5,1838.0
2026-07-30T16:00:00+00:00,RU,Russia,61.524,105.3188,Subarctic / Humid Continental,53.38,Cumulus,0.4906,7.189,57.09,4.36,1013.91,0.5,1467.5
2026-07-30T17:00:00+00:00,RU,Russia,61.524,105.3188,Subarctic / Humid Continental,53.99,Altocumulus,0.5056,15.014,59.43,4.87,1013.37,0.5,2418.3
2026-07-30T18:00:00+00:00,RU,Russia,61.524,105.3188,Subarctic / Humid Continental,38.45,Cumulus,0.3175,2.146,64.93,1.11,1013.3,0.5,6785.5
2026-07-30T19:00:00+00:00,RU,Russia,61.524,105.3188,Subarctic / Humid Continental,51.97,Altocumulus,0.4119,6.558,63.49,1.21,1014.85,0.5,2021.8
2026-07-30T20:00:00+00:00,RU,Russia,61.524,105.3188,Subarctic / Humid Continental,49.46,Altocumulus,0.2282,1.794,59.21,0.53,1015.79,0.5,7309.4
2026-07-30T21:00:00+00:00,RU,Russia,61.524,105.3188,Subarctic / Humid Continental,41.18,Altocumulus,0.3304,1.971,60.81,0.78,1016.67,0.5,8593.9
2026-07-30T22:00:00+00:00,RU,Russia,61.524,105.3188,Subarctic / Humid Continental,42.81,Cumulus,0.2469,2.794,65.06,-2.35,1014.28,0.5,3696.5
2026-07-30T23:00:00+00:00,RU,Russia,61.524,105.3188,Subarctic / Humid Continental,47.28,Cirrus,0.1746,5.237,63.68,-1.1,1012.79,0.5,8094.5
